0 0 0 3628800
1 0 0 3628800
2 0 0 3628800
3 0 0 3628800
4 0 0 3628800
5 0 0 3628800
6 0 0 3628800
7 0 0 3628800
8 0 0 3628800
9 0 0 3628800
10 0 0 3628800
11 0 0 3628800
12 0 0 3628800
13 0 0 3628800
14 0 0 3628800
15 0 18432 3628800
16 0 0 3628800
17 0 18432 3628800
18 0 0 3628800
19 0 0 3628800
20 0 0 1814400
21 0 0 3628800
22 0 0 1814400
23 0 18432 3628800
24 0 0 3628800
25 0 18432 3628800
26 0 18432 3628800
27 0 18432 3628800
28 0 0 3628800
29 0 0 3628800
30 0 0 3628800
31 0 -18432 3628800
32 0 0 1814400
33 0 -18432 3628800
34 0 0 1814400
35 0 18432 3628800
36 0 18432 3628800
37 0 18432 3628800
38 0 0 3628800
39 0 0 3628800
40 0 0 3628800
41 0 0 3628800
42 0 0 3628800
43 0 0 3628800
44 0 0 3628800
45 0 0 3628800
46 0 0 3628800
47 0 -18432 3628800
48 0 0 3628800
49 0 0 3628800
50 0 0 3628800
51 0 0 1814400
52 0 0 3628800
53 0 0 3628800
54 0 0 3628800
55 0 0 3628800
56 0 0 3628800
57 0 0 3628800
58 0 0 3628800
59 0 -9216 1814400
60 0 0 3628800
61 0 0 3628800
62 0 0 3628800
63 0 0 3628800
64 0 0 3628800
65 0 0 3628800
66 0 -36864 3628800
67 0 0 3628800
68 0 0 3628800
69 0 0 3628800
70 0 18432 3628800
71 0 0 3628800
72 0 0 3628800
73 0 0 3628800
74 0 0 3628800
75 0 0 3628800
76 0 0 3628800
77 0 0 3628800
78 0 -36864 3628800
79 0 0 3628800
80 0 0 3628800
81 0 0 1814400
82 0 -9216 907200
83 0 0 3628800
84 0 0 3628800
85 0 0 1814400
86 0 0 3628800
87 0 0 3628800
88 0 0 1814400
89 0 0 3628800
90 0 0 1814400
91 0 -9216 907200
92 0 0 3628800
93 0 0 3628800
94 0 0 3628800
95 0 0 907200
96 0 0 3628800
97 0 0 1814400
98 0 0 1814400
99 0 0 3628800
100 0 0 3628800
101 0 0 3628800
102 0 0 3628800
103 0 0 1814400
104 0 -9216 1814400
105 0 0 3628800
106 0 -36864 3628800
107 0 0 3628800
108 0 -9216 1814400
109 0 0 907200
110 0 0 3628800
111 0 0 3628800
112 0 9216 1814400
113 0 0 3628800
114 0 0 3628800
115 0 0 3628800
116 0 -36864 3628800
117 0 0 3628800
118 0 0 3628800
119 0 0 3628800
120 0 -9216 907200
121 0 0 1814400
122 0 0 1814400
123 0 0 3628800
124 0 0 3628800
125 0 0 3628800
126 0 0 3628800
127 0 0 3628800
128 0 -9216 907200
129 0 0 3628800
130 0 0 3628800
131 0 0 3628800
132 0 0 3628800
133 0 0 3628800
134 0 0 3628800
135 0 0 3628800
136 0 0 3628800
137 0 -18432 3628800
138 0 0 3628800
139 0 0 1814400
140 0 0 3628800
141 0 0 3628800
142 0 0 3628800
143 0 18432 3628800
144 0 18432 3628800
145 0 0 1814400
146 0 0 3628800
147 0 0 3628800
148 0 -9216 1814400
149 0 0 3628800
150 0 0 3628800
151 0 0 3628800
152 0 0 3628800
153 0 18432 3628800
154 0 0 1814400
155 0 0 3628800
156 0 -18432 3628800
157 0 0 3628800
158 0 0 3628800
159 0 0 3628800
160 0 0 1814400
161 0 18432 3628800
162 0 0 3628800
163 0 0 3628800
164 0 0 3628800
165 0 0 3628800
166 0 0 1814400
167 0 0 3628800
168 0 0 3628800
169 0 0 3628800
170 0 0 3628800
171 0 0 3628800
172 0 0 3628800
173 0 18432 3628800
174 0 0 3628800
175 0 0 3628800
176 0 0 3628800
177 0 -9216 1814400
178 0 0 1814400
179 0 0 3628800
180 0 0 1814400
181 0 0 3628800
182 0 0 3628800
183 0 0 3628800
184 0 0 3628800
185 0 18432 3628800
186 0 0 3628800
187 0 0 3628800
188 0 0 3628800
189 0 0 3628800
190 0 0 3628800
191 0 18432 3628800
192 0 0 3628800
193 0 0 3628800
194 0 18432 3628800
195 0 0 3628800
196 0 0 3628800
197 0 0 1814400
198 0 0 3628800
199 0 0 3628800
200 0 0 3628800
201 0 18432 3628800
202 0 0 3628800
203 0 0 1814400
204 0 0 3628800
205 0 0 3628800
206 0 0 3628800
207 0 0 3628800
208 0 0 3628800
209 0 0 3628800
210 0 0 1814400
211 0 9216 1814400
212 0 0 3628800
213 0 0 1814400
214 0 0 3628800
215 0 0 1814400
216 0 0 3628800
217 0 0 3628800
218 0 0 3628800
219 0 18432 3628800
220 0 0 3628800
221 0 0 3628800
222 0 -18432 3628800
223 0 0 3628800
224 0 -9216 907200
225 0 0 3628800
226 0 0 1814400
227 0 0 3628800
228 0 0 3628800
229 0 0 3628800
230 0 18432 3628800
231 0 -4608 907200
232 0 18432 3628800
233 0 0 3628800
234 0 0 3628800
235 0 -18432 3628800
236 0 0 3628800
237 0 0 3628800
238 0 -4608 907200
239 0 0 3628800
240 0 18432 3628800
241 0 0 3628800
242 0 0 3628800
243 0 0 3628800
244 0 0 1814400
245 0 0 3628800
246 0 0 3628800
247 0 0 3628800
248 0 18432 1814400
249 0 0 1814400
250 0 0 3628800
251 0 0 3628800
252 0 55296 3628800
253 0 4608 907200
254 0 0 3628800
255 0 0 3628800
256 0 0 3628800
257 0 0 3628800
258 0 0 3628800
259 0 0 3628800
260 0 0 3628800
261 0 0 3628800
262 0 0 3628800
263 0 0 3628800
264 0 0 3628800
265 0 0 3628800
266 0 0 3628800
267 0 18432 3628800
268 0 18432 3628800
269 0 0 3628800
270 0 0 3628800
271 0 0 3628800
272 0 0 3628800
273 0 0 3628800
274 0 0 3628800
275 0 0 1814400
276 0 0 3628800
277 0 0 3628800
278 0 0 1814400
279 0 0 3628800
280 0 0 3628800
281 0 0 3628800
282 0 0 3628800
283 0 0 3628800
284 0 0 3628800
285 0 0 3628800
286 0 0 3628800
287 0 0 3628800
288 0 0 3628800
289 0 0 3628800
290 0 0 3628800
291 0 0 3628800
292 0 0 3628800
293 0 0 3628800
294 0 0 3628800
295 0 0 3628800
296 0 0 3628800
297 0 0 3628800
298 0 0 3628800
299 0 0 3628800
300 0 0 1814400
301 0 0 3628800
302 0 0 3628800
303 0 0 3628800
304 0 0 3628800
305 0 0 3628800
306 0 0 1814400
307 0 0 3628800
308 0 0 3628800
309 0 0 3628800
310 0 0 3628800
311 0 -18432 3628800
312 0 0 3628800
313 0 0 3628800
314 0 0 3628800
315 0 -18432 1814400
316 0 0 3628800
317 0 0 3628800
318 0 0 3628800
319 0 0 3628800
320 0 0 1814400
321 0 0 3628800
322 0 0 3628800
323 0 0 3628800
324 0 0 3628800
325 0 0 1814400
326 0 0 3628800
327 0 0 3628800
328 0 0 3628800
329 0 0 3628800
330 0 0 1814400
331 0 0 3628800
332 0 18432 3628800
333 0 0 3628800
334 0 0 3628800
335 0 0 3628800
336 0 0 3628800
337 0 18432 1814400
338 0 -18432 3628800
339 0 0 3628800
340 0 0 3628800
341 0 0 3628800
342 0 0 3628800
343 0 0 3628800
344 0 -18432 3628800
345 0 0 3628800
346 0 0 3628800
347 0 0 3628800
348 0 0 3628800
349 0 0 3628800
350 0 0 3628800
351 0 0 3628800
352 0 0 3628800
353 0 -9216 1814400
354 0 0 1814400
355 0 0 3628800
356 0 0 1814400
357 0 0 3628800
358 0 0 3628800
359 0 0 3628800
360 0 0 3628800
361 0 -9216 907200
362 0 0 3628800
363 0 0 3628800
364 0 0 3628800
365 0 0 3628800
366 0 0 3628800
367 0 0 1814400
368 0 0 3628800
369 0 9216 1814400
370 0 0 3628800
371 0 0 3628800
372 0 0 3628800
373 0 0 3628800
374 0 0 3628800
375 0 0 3628800
376 0 0 3628800
377 0 0 3628800
378 0 0 1814400
379 0 0 3628800
380 0 0 3628800
381 0 0 3628800
382 0 0 3628800
383 0 36864 3628800
384 0 18432 3628800
385 0 0 3628800
386 0 0 1814400
387 0 9216 1814400
388 0 0 1814400
389 0 0 3628800
390 0 9216 1814400
391 0 0 3628800
392 0 0 3628800
393 0 0 3628800
394 0 9216 1814400
395 0 0 3628800
396 0 0 1814400
397 0 -18432 3628800
398 0 0 3628800
399 0 0 3628800
400 0 0 3628800
401 0 0 3628800
402 0 -18432 3628800
403 0 0 3628800
404 0 0 3628800
405 0 0 3628800
406 0 0 1814400
407 0 0 3628800
408 0 0 3628800
409 0 0 3628800
410 0 0 3628800
411 0 0 3628800
412 0 0 3628800
413 0 0 3628800
414 0 -9216 1814400
415 0 0 3628800
416 0 0 3628800
417 0 0 3628800
418 0 0 3628800
419 0 0 3628800
420 0 -9216 907200
421 0 0 3628800
422 0 0 3628800
423 0 0 1814400
424 0 0 3628800
425 0 0 1814400
426 0 0 3628800
427 0 0 3628800
428 0 36864 3628800
429 0 0 3628800
430 0 0 3628800
431 0 0 1814400
432 0 0 3628800
433 0 0 3628800
434 0 0 3628800
435 0 0 3628800
436 0 0 1814400
437 0 0 3628800
438 0 0 3628800
439 0 0 3628800
440 0 0 3628800
441 0 0 3628800
442 0 0 3628800
443 0 9216 1814400
444 0 0 3628800
445 0 0 3628800
446 0 0 3628800
447 0 0 3628800
448 0 0 3628800
449 0 0 1814400
450 0 0 3628800
451 0 0 3628800
452 0 0 3628800
453 0 0 3628800
454 0 0 3628800
455 0 0 3628800
456 0 0 3628800
457 0 0 3628800
458 0 0 3628800
459 0 0 3628800
460 0 0 3628800
461 0 0 3628800
462 0 0 3628800
463 0 0 1814400
464 0 0 3628800
465 0 0 3628800
466 0 0 3628800
467 0 0 3628800
468 0 0 3628800
469 0 0 3628800
470 0 0 3628800
471 0 0 3628800
472 0 0 3628800
473 0 0 3628800
474 0 0 3628800
475 0 0 3628800
476 0 0 1814400
477 0 0 3628800
478 0 0 3628800
479 0 0 3628800
480 0 0 3628800
481 0 0 3628800
482 0 -9216 1814400
483 0 0 3628800
484 0 0 3628800
485 0 -9216 907200
486 0 0 3628800
487 0 -18432 3628800
488 0 0 3628800
489 0 0 3628800
490 0 0 3628800
491 0 0 3628800
492 0 18432 3628800
493 0 18432 3628800
494 0 0 907200
495 0 0 3628800
496 0 -18432 3628800
497 0 0 3628800
498 0 0 3628800
499 0 0 3628800
500 0 0 3628800
501 0 0 3628800
502 0 0 3628800
503 0 0 1814400
504 0 0 3628800
505 0 0 3628800
506 0 0 3628800
507 0 0 3628800
508 0 0 3628800
509 0 0 3628800
510 0 0 3628800
511 0 0 3628800
512 0 0 3628800
513 0 0 3628800
514 0 0 1814400
515 0 0 3628800
516 0 0 3628800
517 0 0 3628800
518 0 18432 3628800
519 0 0 1814400
520 0 0 3628800
521 0 0 1814400
522 0 0 3628800
523 0 -4608 907200
524 0 0 3628800
525 0 0 1814400
526 0 0 3628800
527 0 18432 3628800
528 0 0 1814400
529 0 0 3628800
530 0 0 3628800
531 0 0 3628800
532 0 0 3628800
533 0 0 3628800
534 0 -18432 3628800
535 0 0 3628800
536 0 9216 1814400
537 0 0 3628800
538 0 0 3628800
539 0 0 3628800
540 0 0 3628800
541 0 -18432 3628800
542 0 0 3628800
543 0 18432 3628800
544 0 0 3628800
545 0 0 3628800
546 0 0 3628800
547 0 0 907200
548 0 0 3628800
549 0 0 3628800
550 0 0 3628800
551 0 0 3628800
552 0 -9216 907200
553 0 0 3628800
554 0 0 1814400
555 0 0 3628800
556 0 0 3628800
557 0 0 3628800
558 0 0 3628800
559 0 0 3628800
560 0 0 3628800
561 0 0 3628800
562 0 0 3628800
563 0 -9216 1814400
564 0 0 3628800
565 0 0 3628800
566 0 -18432 3628800
567 1152 -8064 3628800
568 0 0 1814400
569 0 0 3628800
570 0 0 3628800
571 0 0 3628800
572 0 -18432 3628800
573 0 0 3628800
574 0 -18432 3628800
575 0 4608 907200
576 0 0 3628800
577 0 0 3628800
578 0 18432 3628800
579 0 0 3628800
580 0 0 3628800
581 0 0 3628800
582 0 0 3628800
583 0 0 3628800
584 0 0 3628800
585 0 0 3628800
586 0 0 1814400
587 0 0 3628800
588 0 0 3628800
589 0 18432 3628800
590 0 0 3628800
591 0 0 3628800
592 0 0 3628800
593 0 0 3628800
594 0 18432 3628800
595 0 0 3628800
596 0 0 1814400
597 0 0 3628800
598 0 0 3628800
599 0 0 3628800
600 0 0 3628800
601 0 0 3628800
602 0 0 1814400
603 0 0 3628800
604 0 0 3628800
605 0 0 3628800
606 0 0 3628800
607 0 18432 3628800
608 0 0 3628800
609 0 -18432 3628800
610 0 0 1814400
611 0 0 3628800
612 0 -18432 3628800
613 0 0 3628800
614 0 0 3628800
615 0 9216 1814400
616 0 -18432 3628800
617 0 0 3628800
618 0 0 3628800
619 0 -18432 3628800
620 0 0 3628800
621 -1152 -10368 3628800
622 0 0 3628800
623 0 0 3628800
624 0 0 3628800
625 0 0 3628800
626 0 0 3628800
627 0 0 3628800
628 0 0 3628800
629 0 0 3628800
630 0 0 3628800
631 0 0 3628800
632 0 0 3628800
633 0 0 3628800
634 0 0 3628800
635 0 0 3628800
636 0 0 3628800
637 0 0 3628800
638 0 0 3628800
639 0 0 3628800
640 0 0 3628800
641 0 0 1814400
642 0 0 3628800
643 0 0 3628800
644 0 0 3628800
645 0 0 3628800
646 0 0 1814400
647 0 0 3628800
648 0 0 3628800
649 0 -9216 1814400
650 0 0 3628800
651 0 0 3628800
652 0 18432 3628800
653 0 0 1814400
654 0 0 3628800
655 0 0 3628800
656 0 0 3628800
657 0 0 3628800
658 0 0 3628800
659 0 0 3628800
660 0 -9216 1814400
661 0 0 3628800
662 0 0 3628800
663 0 0 3628800
664 0 0 3628800
665 0 18432 3628800
666 0 0 3628800
667 0 0 3628800
668 0 0 3628800
669 0 0 3628800
670 0 0 3628800
671 0 18432 3628800
672 0 0 1814400
673 0 0 3628800
674 0 0 3628800
675 0 0 3628800
676 0 0 3628800
677 0 0 1814400
678 0 0 3628800
679 0 0 3628800
680 0 0 3628800
681 0 0 3628800
682 0 -9216 1814400
683 0 0 3628800
684 0 0 1814400
685 0 -18432 3628800
686 0 -9216 1814400
687 0 0 3628800
688 0 0 3628800
689 0 0 3628800
690 0 18432 3628800
691 0 0 3628800
692 0 0 3628800
693 0 0 1814400
694 0 0 3628800
695 0 0 3628800
696 0 0 3628800
697 0 18432 3628800
698 0 0 3628800
699 0 -18432 3628800
700 0 0 1814400
701 0 0 3628800
702 0 0 3628800
703 0 0 3628800
704 0 0 3628800
705 0 0 3628800
706 0 0 3628800
707 0 0 3628800
708 0 0 3628800
709 0 0 1814400
710 0 0 3628800
711 0 0 3628800
712 0 0 3628800
713 0 0 3628800
714 0 0 3628800
715 0 0 3628800
716 0 0 3628800
717 0 0 3628800
718 0 -18432 3628800
719 0 0 3628800
720 0 -18432 3628800
721 0 0 3628800
722 0 0 3628800
723 0 9216 1814400
724 0 0 3628800
725 0 0 3628800
726 0 -18432 3628800
727 0 0 3628800
728 0 0 3628800
729 0 0 3628800
730 0 0 1814400
731 0 0 1814400
732 0 0 3628800
733 0 0 1814400
734 0 0 3628800
735 0 9216 1814400
736 0 0 3628800
737 0 0 3628800
738 0 0 1814400
739 0 0 3628800
740 0 0 3628800
741 0 18432 3628800
742 0 0 1814400
743 0 0 3628800
744 0 0 3628800
745 0 18432 3628800
746 0 0 3628800
747 0 0 1814400
748 0 0 3628800
749 0 0 3628800
750 0 0 3628800
751 0 0 3628800
752 0 0 3628800
753 0 0 3628800
754 0 0 3628800
755 0 0 3628800
756 0 0 3628800
757 0 0 3628800
758 0 0 3628800
759 0 0 1814400
760 0 0 3628800
761 0 0 3628800
762 0 0 3628800
763 0 0 3628800
764 0 0 3628800
765 0 0 3628800
766 0 0 3628800
767 0 0 3628800
768 0 0 3628800
769 0 0 1814400
770 0 0 1814400
771 0 0 3628800
772 0 0 3628800
773 0 0 3628800
774 0 0 3628800
775 0 9216 1814400
776 0 0 3628800
777 0 0 3628800
778 0 0 3628800
779 0 0 3628800
780 0 0 3628800
781 0 0 3628800
782 0 0 3628800
783 0 0 3628800
784 0 0 3628800
785 0 0 3628800
786 0 0 1814400
787 0 0 3628800
788 0 -18432 3628800
789 0 9216 1814400
790 0 0 3628800
791 0 0 3628800
792 0 -9216 1814400
793 0 0 3628800
794 0 0 3628800
795 0 0 1814400
796 0 0 3628800
797 0 0 3628800
798 0 18432 3628800
799 0 0 3628800
800 0 0 3628800
801 0 0 3628800
802 0 0 3628800
803 0 0 3628800
804 0 0 1814400
805 0 0 3628800
806 0 0 3628800
807 0 0 1814400
808 0 0 3628800
809 0 0 3628800
810 0 0 3628800
811 0 0 3628800
812 0 0 3628800
813 0 0 3628800
814 0 0 3628800
815 0 0 3628800
816 0 -18432 3628800
817 0 0 1814400
818 0 0 3628800
819 0 0 3628800
820 0 0 3628800
821 0 0 3628800
822 0 0 1814400
823 0 0 3628800
824 -1152 -10368 3628800
825 0 0 3628800
826 0 0 3628800
827 0 9216 1814400
828 0 0 3628800
829 0 0 3628800
830 0 0 3628800
831 0 0 3628800
832 0 0 3628800
833 0 0 3628800
834 0 0 3628800
835 0 18432 3628800
836 0 0 3628800
837 0 0 3628800
838 0 0 3628800
839 0 0 1814400
840 0 0 3628800
841 0 0 3628800
842 0 0 3628800
843 0 0 1814400
844 0 0 1814400
845 0 0 3628800
846 0 0 3628800
847 0 0 3628800
848 0 0 3628800
849 0 0 3628800
850 0 9216 1814400
851 0 0 3628800
852 0 0 3628800
853 0 0 3628800
854 0 0 3628800
855 0 0 3628800
856 0 0 3628800
857 0 0 3628800
858 0 0 3628800
859 0 9216 1814400
860 0 0 3628800
861 0 0 3628800
862 0 0 3628800
863 0 0 3628800
864 0 0 3628800
865 0 0 3628800
866 0 0 3628800
867 0 0 3628800
868 0 0 3628800
869 0 0 3628800
870 0 0 1814400
871 0 0 3628800
872 0 0 1814400
873 0 0 3628800
874 0 0 3628800
875 0 0 1814400
876 0 0 3628800
877 0 0 3628800
878 0 0 3628800
879 0 -18432 3628800
880 0 0 3628800
881 0 -18432 3628800
882 0 0 3628800
883 0 0 3628800
884 0 0 3628800
885 1152 10368 3628800
886 0 -18432 3628800
887 0 0 3628800
888 0 0 1814400
889 0 0 3628800
890 0 0 1814400
891 0 0 3628800
892 0 18432 3628800
893 0 -9216 1814400
894 0 0 3628800
895 0 0 3628800
896 0 0 3628800
897 0 0 3628800
898 0 0 3628800
899 0 0 3628800
900 0 0 1814400
901 0 -18432 3628800
902 0 -18432 3628800
903 0 0 3628800
904 0 0 3628800
905 0 0 3628800
906 0 0 1814400
907 0 18432 3628800
908 0 0 3628800
909 0 0 3628800
910 0 0 3628800
911 0 0 1814400
912 0 0 907200
913 0 0 3628800
914 0 -18432 3628800
915 0 0 3628800
916 0 0 907200
917 0 0 3628800
918 0 0 3628800
919 0 0 3628800
920 0 0 3628800
921 0 0 3628800
922 0 0 3628800
923 0 0 1814400
924 0 0 3628800
925 0 0 3628800
926 0 0 3628800
927 0 18432 3628800
928 0 0 3628800
929 0 0 3628800
930 0 0 3628800
931 0 0 3628800
932 0 0 3628800
933 0 0 3628800
934 0 18432 3628800
935 0 0 3628800
936 0 0 3628800
937 0 0 3628800
938 0 0 1814400
939 0 0 3628800
940 0 0 3628800
941 0 0 3628800
942 0 0 3628800
943 0 0 3628800
944 0 0 3628800
945 0 0 3628800
946 0 0 907200
947 0 0 3628800
948 0 18432 3628800
949 0 0 3628800
950 0 0 3628800
951 0 0 3628800
952 0 0 3628800
953 0 0 3628800
954 0 0 1814400
955 0 0 3628800
956 0 0 3628800
957 0 0 3628800
958 0 0 3628800
959 0 0 3628800
960 0 0 3628800
961 0 0 3628800
962 0 0 3628800
963 0 0 3628800
964 0 0 3628800
965 0 -18432 3628800
966 0 0 3628800
967 0 0 3628800
968 0 0 3628800
969 0 18432 3628800
970 0 0 3628800
971 0 9216 1814400
972 0 0 3628800
973 0 0 3628800
974 0 0 3628800
975 0 18432 3628800
976 0 0 3628800
977 0 9216 1814400
978 0 0 3628800
979 0 0 3628800
980 0 0 3628800
981 0 0 3628800
982 0 0 3628800
983 0 0 3628800
984 0 0 3628800
985 0 -18432 3628800
986 0 0 1814400
987 0 0 3628800
988 0 0 3628800
989 0 18432 3628800
990 0 0 3628800
991 0 0 3628800
992 0 0 3628800
993 0 0 3628800
994 0 0 3628800
995 0 0 3628800
996 0 0 3628800
997 0 0 3628800
998 0 0 3628800
999 0 0 1814400
1000 0 0 3628800
1001 0 0 3628800
1002 0 0 3628800
1003 0 0 3628800
1004 0 0 3628800
1005 0 0 1814400
1006 0 0 1814400
1007 0 0 3628800
1008 0 -18432 3628800
1009 0 0 3628800
1010 0 0 3628800
1011 0 0 3628800
1012 0 0 3628800
1013 0 0 3628800
1014 0 0 1814400
1015 0 0 3628800
1016 0 0 3628800
1017 0 0 3628800
1018 0 0 3628800
1019 0 0 3628800
1020 0 0 3628800
1021 0 -18432 3628800
1022 0 0 3628800
1023 0 0 3628800
1024 0 0 3628800
1025 0 0 1814400
1026 0 -18432 3628800
1027 0 0 3628800
1028 0 -9216 1814400
1029 0 0 3628800
1030 0 0 3628800
1031 0 0 1814400
1032 0 0 3628800
1033 0 0 3628800
1034 0 18432 3628800
1035 0 0 3628800
1036 0 0 3628800
1037 0 0 3628800
1038 0 0 3628800
1039 0 18432 3628800
1040 0 0 3628800
1041 0 0 3628800
1042 0 0 3628800
1043 0 0 3628800
1044 0 0 3628800
1045 0 0 3628800
1046 0 0 3628800
1047 0 0 3628800
1048 0 0 3628800
1049 0 0 3628800
1050 0 0 1814400
1051 0 0 3628800
1052 0 0 3628800
1053 0 0 3628800
1054 0 0 3628800
1055 0 0 3628800
1056 0 -9216 1814400
1057 0 0 3628800
1058 0 0 3628800
1059 0 0 3628800
1060 0 0 3628800
1061 0 18432 3628800
1062 0 0 3628800
1063 0 0 3628800
1064 0 0 3628800
1065 0 0 3628800
1066 0 0 3628800
1067 0 0 3628800
1068 0 0 3628800
1069 0 0 3628800
1070 0 0 3628800
1071 0 0 3628800
1072 0 0 3628800
1073 0 -18432 3628800
1074 0 18432 3628800
1075 0 0 3628800
1076 0 0 3628800
1077 0 18432 3628800
1078 0 0 3628800
1079 0 0 3628800
1080 0 0 3628800
1081 0 0 3628800
1082 0 0 1814400
1083 0 0 3628800
1084 0 0 3628800
1085 0 0 3628800
1086 0 18432 3628800
1087 0 0 3628800
1088 0 0 1814400
1089 0 0 3628800
1090 0 0 1814400
1091 0 0 3628800
1092 0 0 3628800
1093 0 -18432 3628800
1094 0 0 3628800
1095 0 0 3628800
1096 0 0 1814400
1097 0 18432 3628800
1098 0 0 3628800
1099 0 0 3628800
1100 0 0 3628800
1101 0 0 3628800
1102 0 0 3628800
1103 0 18432 3628800
1104 0 0 3628800
1105 0 0 3628800
1106 0 0 3628800
1107 0 0 3628800
1108 0 0 3628800
1109 0 -9216 1814400
1110 0 18432 3628800
1111 0 0 3628800
1112 0 0 3628800
1113 0 18432 3628800
1114 0 0 3628800
1115 0 0 3628800
1116 0 0 3628800
1117 0 0 3628800
1118 0 0 1814400
1119 0 0 3628800
1120 0 0 3628800
1121 0 0 3628800
1122 0 0 3628800
1123 0 0 1814400
1124 0 18432 3628800
1125 0 0 3628800
1126 0 -18432 3628800
1127 0 0 3628800
1128 0 0 3628800
1129 0 -18432 3628800
1130 0 0 3628800
1131 0 0 3628800
1132 0 0 3628800
1133 0 0 3628800
1134 0 0 3628800
1135 0 0 3628800
1136 0 0 3628800
1137 0 0 3628800
1138 0 0 3628800
1139 0 0 3628800
1140 0 0 3628800
1141 0 0 3628800
1142 0 18432 3628800
1143 0 0 3628800
1144 0 18432 3628800
1145 0 0 3628800
1146 0 0 1814400
1147 0 0 3628800
1148 0 0 3628800
1149 0 0 3628800
1150 0 0 3628800
1151 0 0 3628800
1152 0 0 3628800
1153 0 0 3628800
1154 0 18432 3628800
1155 0 0 3628800
1156 0 0 3628800
1157 0 0 3628800
1158 0 0 3628800
1159 0 0 3628800
1160 0 0 3628800
1161 0 0 3628800
1162 0 18432 3628800
1163 0 0 3628800
1164 0 0 3628800
1165 0 0 3628800
1166 0 0 3628800
1167 0 0 3628800
1168 0 0 3628800
1169 0 -18432 3628800
1170 0 0 3628800
1171 0 0 3628800
1172 0 0 3628800
1173 0 0 1814400
1174 0 0 3628800
1175 0 18432 3628800
1176 0 -18432 3628800
1177 0 0 3628800
1178 0 0 1814400
1179 0 0 3628800
1180 0 0 3628800
1181 0 0 3628800
1182 0 0 1814400
1183 0 0 3628800
1184 0 0 3628800
1185 0 18432 3628800
1186 0 0 3628800
1187 0 0 3628800
1188 0 0 3628800
1189 0 0 3628800
1190 0 0 3628800
1191 0 0 1814400
1192 0 0 1814400
1193 0 0 3628800
1194 0 0 3628800
1195 0 0 3628800
1196 0 0 3628800
1197 0 0 3628800
1198 0 0 3628800
1199 0 -18432 3628800
1200 0 0 3628800
1201 0 0 3628800
1202 0 18432 3628800
1203 0 0 3628800
1204 0 0 3628800
1205 0 -18432 3628800
1206 0 -18432 3628800
1207 0 0 3628800
1208 0 18432 3628800
1209 0 0 3628800
1210 0 0 3628800
1211 0 0 3628800
1212 0 0 3628800
1213 0 -18432 3628800
1214 0 -18432 3628800
1215 0 0 3628800
1216 0 0 3628800
1217 0 0 3628800
1218 0 0 3628800
1219 0 0 3628800
1220 0 18432 3628800
1221 0 -18432 3628800
1222 0 0 3628800
1223 0 0 3628800
1224 0 0 3628800
1225 0 0 3628800
1226 0 0 3628800
1227 0 0 3628800
1228 0 -18432 3628800
1229 0 0 1814400
1230 0 0 3628800
1231 0 0 3628800
1232 0 18432 3628800
1233 0 -18432 3628800
1234 0 0 3628800
1235 0 0 3628800
1236 0 0 1814400
1237 0 -18432 3628800
1238 0 18432 3628800
1239 0 -36864 3628800
1240 0 0 3628800
1241 0 0 3628800
1242 0 0 3628800
1243 0 0 3628800
1244 0 -36864 3628800
1245 0 -18432 3628800
1246 0 0 3628800
1247 0 0 3628800
1248 0 0 3628800
1249 0 0 3628800
1250 0 -18432 3628800
1251 0 0 1814400
1252 0 0 3628800
1253 0 0 3628800
1254 0 -18432 3628800
1255 0 0 3628800
1256 0 0 3628800
1257 0 -18432 3628800
1258 0 0 3628800
1259 0 0 3628800
1260 0 0 3628800
1261 0 0 3628800
1262 0 -18432 3628800
1263 0 0 3628800
1264 0 0 3628800
1265 0 0 3628800
1266 0 0 3628800
1267 0 0 3628800
1268 0 18432 3628800
1269 0 0 3628800
1270 0 -18432 3628800
1271 0 0 3628800
1272 0 18432 3628800
1273 0 0 3628800
1274 0 0 3628800
1275 0 -18432 3628800
1276 0 0 3628800
1277 0 -9216 1814400
1278 0 0 3628800
1279 0 0 3628800
1280 0 0 3628800
1281 0 0 3628800
1282 0 0 3628800
1283 0 0 3628800
1284 0 0 3628800
1285 0 -18432 3628800
1286 0 0 3628800
1287 0 0 3628800
1288 0 0 3628800
1289 0 0 3628800
1290 0 -36864 3628800
1291 0 0 3628800
1292 0 -36864 3628800
1293 0 0 1814400
1294 0 -18432 3628800
1295 0 0 3628800
1296 0 0 3628800
1297 0 0 1814400
1298 0 0 3628800
1299 0 0 3628800
1300 0 18432 3628800
1301 0 0 3628800
1302 0 0 3628800
1303 0 0 3628800
1304 0 0 3628800
1305 0 0 1814400
1306 0 0 3628800
1307 0 0 3628800
1308 0 -18432 3628800
1309 0 0 3628800
1310 0 0 1814400
1311 0 0 3628800
1312 0 0 3628800
1313 0 0 3628800
1314 0 0 3628800
1315 0 0 3628800
1316 0 0 3628800
1317 0 0 3628800
1318 0 0 3628800
1319 0 -18432 3628800
1320 0 -18432 3628800
1321 0 0 1814400
1322 0 0 3628800
1323 0 0 3628800
1324 0 0 1814400
1325 0 -9216 1814400
1326 0 9216 1814400
1327 0 18432 3628800
1328 0 -4608 907200
1329 0 0 3628800
1330 0 18432 3628800
1331 0 0 3628800
1332 0 0 3628800
1333 0 0 3628800
1334 0 0 3628800
1335 0 0 3628800
1336 0 0 3628800
1337 0 0 3628800
1338 0 0 3628800
1339 0 0 3628800
1340 0 0 3628800
1341 0 0 3628800
1342 0 0 3628800
1343 0 0 3628800
1344 0 18432 3628800
1345 0 0 1814400
1346 0 0 3628800
1347 0 0 3628800
1348 0 0 3628800
1349 0 18432 3628800
1350 0 0 3628800
1351 0 0 3628800
1352 0 0 3628800
1353 0 0 3628800
1354 0 0 3628800
1355 0 9216 1814400
1356 0 0 3628800
1357 0 0 3628800
1358 0 0 3628800
1359 0 0 3628800
1360 0 0 3628800
1361 0 0 3628800
1362 0 0 3628800
1363 0 0 3628800
1364 0 0 3628800
1365 0 0 3628800
1366 0 18432 3628800
1367 0 0 3628800
1368 0 0 3628800
1369 0 0 3628800
1370 0 0 3628800
1371 0 0 3628800
1372 0 0 3628800
1373 0 0 3628800
1374 0 0 3628800
1375 0 0 1814400
1376 0 0 3628800
1377 0 0 3628800
1378 0 0 3628800
1379 0 0 3628800
1380 0 0 3628800
1381 0 0 3628800
1382 0 18432 3628800
1383 0 0 3628800
1384 0 0 3628800
1385 0 0 3628800
1386 0 0 1814400
1387 0 0 3628800
1388 0 0 3628800
1389 0 18432 3628800
1390 0 18432 3628800
1391 0 0 3628800
1392 0 0 3628800
1393 0 0 3628800
1394 0 -18432 3628800
1395 0 0 3628800
1396 0 0 3628800
1397 0 0 3628800
1398 0 0 3628800
1399 0 0 3628800
1400 0 0 3628800
1401 0 0 3628800
1402 0 0 3628800
1403 0 18432 3628800
1404 0 0 3628800
1405 0 0 3628800
1406 0 0 3628800
1407 0 0 3628800
1408 0 0 3628800
1409 0 0 1814400
1410 0 0 3628800
1411 0 0 3628800
1412 0 0 3628800
1413 0 0 3628800
1414 0 0 3628800
1415 0 0 3628800
1416 0 0 3628800
1417 0 0 3628800
1418 0 0 3628800
1419 0 0 3628800
1420 0 0 3628800
1421 0 0 3628800
1422 0 0 3628800
1423 0 0 3628800
1424 0 0 3628800
1425 0 0 3628800
1426 0 0 3628800
1427 0 0 3628800
1428 0 0 3628800
1429 0 0 3628800
1430 0 0 3628800
1431 0 0 3628800
1432 0 0 3628800
1433 0 0 3628800
1434 0 0 3628800
1435 0 0 3628800
1436 0 0 3628800
1437 0 -18432 3628800
1438 0 0 3628800
1439 0 0 3628800
1440 0 0 3628800
1441 0 -18432 3628800
1442 0 0 3628800
1443 0 0 3628800
1444 0 -18432 3628800
1445 0 0 1814400
1446 0 0 3628800
1447 0 0 3628800
1448 0 0 3628800
1449 0 0 3628800
1450 0 18432 3628800
1451 0 0 3628800
1452 0 0 3628800
1453 0 0 3628800
1454 0 0 3628800
1455 0 0 3628800
1456 0 0 3628800
1457 0 0 3628800
1458 0 0 3628800
1459 0 -18432 3628800
1460 0 0 3628800
1461 0 0 3628800
1462 0 0 3628800
1463 0 0 3628800
1464 0 -9216 1814400
1465 0 0 3628800
1466 0 0 3628800
1467 0 18432 3628800
1468 0 0 3628800
1469 0 0 3628800
1470 0 -18432 3628800
1471 0 0 3628800
1472 0 -18432 3628800
1473 0 0 3628800
1474 0 0 3628800
1475 0 0 3628800
1476 0 0 3628800
1477 0 0 3628800
1478 0 0 3628800
1479 0 0 3628800
1480 0 0 3628800
1481 0 0 3628800
1482 0 0 3628800
1483 0 0 3628800
1484 0 0 3628800
1485 0 0 3628800
1486 0 -18432 3628800
1487 0 0 3628800
1488 0 0 3628800
1489 0 0 3628800
1490 0 -18432 3628800
1491 0 0 3628800
1492 0 0 3628800
1493 0 0 3628800
1494 0 0 3628800
1495 0 0 3628800
1496 0 0 3628800
1497 0 0 3628800
1498 0 0 3628800
1499 0 0 3628800
1500 0 0 3628800
1501 0 0 3628800
1502 0 9216 1814400
1503 0 0 3628800
1504 0 0 3628800
1505 0 0 3628800
1506 0 0 3628800
1507 0 0 3628800
1508 0 0 3628800
1509 0 0 3628800
1510 0 0 3628800
1511 0 0 3628800
1512 0 0 3628800
1513 0 0 3628800
1514 0 0 3628800
1515 0 0 3628800
1516 0 0 3628800
1517 0 0 3628800
1518 0 0 3628800
1519 0 0 3628800
1520 0 0 3628800
1521 0 0 3628800
1522 0 0 3628800
1523 0 0 3628800
1524 0 18432 3628800
1525 0 0 3628800
1526 0 0 3628800
1527 0 0 3628800
1528 0 0 3628800
1529 0 0 3628800
1530 0 0 3628800
1531 0 0 3628800
1532 0 -9216 1814400
1533 0 18432 3628800
1534 0 0 3628800
1535 0 0 3628800
1536 0 0 3628800
1537 0 0 3628800
1538 0 0 3628800
1539 0 0 3628800
1540 0 0 3628800
1541 0 0 3628800
1542 0 0 3628800
1543 0 0 3628800
1544 0 0 3628800
1545 0 0 3628800
1546 0 0 3628800
1547 0 0 3628800
1548 0 0 3628800
1549 0 0 3628800
1550 0 0 3628800
1551 0 0 3628800
1552 0 0 3628800
1553 0 0 1814400
1554 0 0 1814400
1555 0 0 3628800
1556 0 0 3628800
1557 0 0 3628800
1558 0 0 1814400
1559 0 0 3628800
1560 0 0 3628800
1561 0 0 3628800
1562 0 0 1814400
1563 0 0 3628800
1564 0 0 3628800
1565 0 0 3628800
1566 0 0 3628800
1567 0 -18432 3628800
1568 0 0 1814400
1569 0 9216 1814400
1570 0 0 3628800
1571 0 0 3628800
1572 0 0 3628800
1573 0 0 3628800
1574 0 0 3628800
1575 0 0 3628800
1576 0 0 3628800
1577 0 18432 3628800
1578 0 9216 1814400
1579 0 0 3628800
1580 0 0 3628800
1581 0 0 3628800
1582 0 0 3628800
1583 0 0 1814400
1584 0 0 1814400
1585 0 0 3628800
1586 0 0 3628800
1587 0 0 1814400
1588 0 0 3628800
1589 0 0 3628800
1590 0 0 1814400
1591 0 0 3628800
1592 0 0 1814400
1593 0 0 3628800
1594 0 0 3628800
1595 0 0 3628800
1596 0 0 3628800
1597 0 0 3628800
1598 0 0 3628800
1599 0 9216 1814400
1600 0 0 3628800
1601 0 0 3628800
1602 0 36864 3628800
1603 0 0 3628800
1604 0 0 1814400
1605 0 0 3628800
1606 0 0 3628800
1607 0 0 3628800
1608 0 0 1814400
1609 0 0 3628800
1610 0 0 3628800
1611 0 0 3628800
1612 0 0 3628800
1613 0 0 3628800
1614 0 0 3628800
1615 0 0 1814400
1616 0 0 3628800
1617 0 0 1814400
1618 0 0 3628800
1619 0 0 3628800
1620 0 0 3628800
1621 0 0 1814400
1622 0 0 3628800
1623 0 0 3628800
1624 0 0 3628800
1625 0 0 3628800
1626 0 0 1814400
1627 0 0 3628800
1628 0 0 3628800
1629 0 0 3628800
1630 0 0 1814400
1631 0 0 3628800
1632 0 0 1814400
1633 0 0 3628800
1634 0 0 3628800
1635 0 0 3628800
1636 0 0 3628800
1637 0 0 3628800
1638 0 0 3628800
1639 0 0 3628800
1640 0 0 3628800
1641 0 0 3628800
1642 0 0 3628800
1643 0 0 3628800
1644 0 0 3628800
1645 0 0 3628800
1646 0 0 3628800
1647 0 0 1814400
1648 0 18432 3628800
1649 0 0 3628800
1650 0 0 3628800
1651 0 0 3628800
1652 0 0 1814400
1653 0 0 3628800
1654 0 0 3628800
1655 0 18432 1814400
1656 0 0 3628800
1657 0 0 3628800
1658 0 9216 1814400
1659 0 0 3628800
1660 0 0 3628800
1661 0 0 3628800
1662 0 0 3628800
1663 0 0 3628800
1664 0 0 1814400
1665 0 0 3628800
1666 0 0 3628800
1667 0 0 3628800
1668 0 0 3628800
1669 0 0 3628800
1670 0 0 3628800
1671 0 0 3628800
1672 0 0 3628800
1673 0 18432 3628800
1674 0 0 3628800
1675 0 0 3628800
1676 0 0 3628800
1677 0 0 3628800
1678 0 0 3628800
1679 0 0 1814400
1680 0 0 3628800
1681 0 0 1814400
1682 0 0 3628800
1683 0 0 3628800
1684 0 0 3628800
1685 0 0 3628800
1686 0 0 3628800
1687 0 0 3628800
1688 0 0 3628800
1689 0 0 3628800
1690 0 0 3628800
1691 0 0 3628800
1692 0 0 3628800
1693 0 0 3628800
1694 0 0 3628800
1695 0 0 3628800
1696 0 0 3628800
1697 0 0 3628800
1698 0 -18432 3628800
1699 0 0 3628800
1700 0 0 3628800
1701 0 0 3628800
1702 0 0 3628800
1703 0 0 3628800
1704 0 0 3628800
1705 0 0 3628800
1706 0 0 3628800
1707 0 0 3628800
1708 0 0 3628800
1709 0 0 3628800
1710 0 0 3628800
1711 0 0 3628800
1712 0 0 3628800
1713 0 0 3628800
1714 0 0 3628800
1715 0 0 3628800
1716 0 0 3628800
1717 0 0 3628800
1718 0 18432 3628800
1719 0 0 3628800
1720 0 0 3628800
1721 0 0 3628800
1722 0 0 3628800
1723 0 0 3628800
1724 0 0 1814400
1725 0 0 3628800
1726 0 9216 1814400
1727 0 0 3628800
1728 0 0 3628800
1729 0 0 3628800
1730 0 0 3628800
1731 0 0 1814400
1732 0 -18432 3628800
1733 0 0 3628800
1734 0 0 3628800
1735 0 18432 3628800
1736 0 0 3628800
1737 0 0 3628800
1738 0 0 1814400
1739 0 0 3628800
1740 0 0 3628800
1741 0 0 3628800
1742 0 0 3628800
1743 0 0 3628800
1744 0 0 3628800
1745 0 0 3628800
1746 0 18432 3628800
1747 0 0 3628800
1748 0 9216 1814400
1749 0 0 3628800
1750 0 0 1814400
1751 0 0 3628800
1752 0 0 3628800
1753 0 0 3628800
1754 0 0 3628800
1755 0 0 3628800
1756 0 0 907200
1757 0 0 3628800
1758 0 0 3628800
1759 0 0 3628800
1760 0 0 1814400
1761 0 0 3628800
1762 0 0 3628800
1763 0 0 3628800
1764 0 0 3628800
1765 0 0 3628800
1766 0 0 3628800
1767 0 0 3628800
1768 0 0 3628800
1769 0 0 3628800
1770 0 0 3628800
1771 0 0 3628800
1772 0 0 3628800
1773 0 0 3628800
1774 0 0 3628800
1775 0 0 3628800
1776 0 0 3628800
1777 0 0 3628800
1778 0 0 3628800
1779 0 0 3628800
1780 0 0 3628800
1781 0 0 3628800
1782 0 0 3628800
1783 0 9216 1814400
1784 0 18432 3628800
1785 0 0 3628800
1786 0 9216 1814400
1787 0 0 3628800
1788 0 0 3628800
1789 0 0 3628800
1790 0 0 3628800
1791 0 -18432 3628800
1792 0 0 3628800
1793 0 0 3628800
1794 0 0 1814400
1795 0 0 3628800
1796 0 0 3628800
1797 0 0 3628800
1798 0 0 3628800
1799 0 0 1814400
1800 0 0 3628800
1801 0 0 3628800
1802 0 0 3628800
1803 0 0 1814400
1804 0 0 3628800
1805 0 0 3628800
1806 0 0 3628800
1807 0 9216 1814400
1808 0 0 3628800
1809 0 0 1814400
1810 0 0 3628800
1811 0 9216 1814400
1812 0 0 3628800
1813 0 0 3628800
1814 0 0 3628800
1815 0 0 3628800
1816 0 0 3628800
1817 0 0 907200
1818 0 0 3628800
1819 0 9216 1814400
1820 0 4608 907200
1821 0 0 3628800
1822 0 0 3628800
1823 0 0 907200
1824 0 0 1814400
1825 0 0 3628800
1826 0 0 1814400
1827 0 0 3628800
1828 0 0 3628800
1829 0 0 3628800
1830 0 0 3628800
1831 0 0 1814400
1832 0 0 3628800
1833 0 -9216 1814400
1834 0 0 3628800
1835 0 0 3628800
1836 0 4608 907200
1837 0 4608 907200
1838 0 0 3628800
1839 0 0 3628800
1840 0 0 3628800
1841 0 0 1814400
1842 0 13824 907200
1843 0 0 3628800
1844 0 0 1814400
1845 0 0 3628800
1846 0 0 3628800
1847 0 0 3628800
1848 0 9216 1814400
1849 0 18432 3628800
1850 0 0 1814400
1851 0 0 3628800
1852 0 18432 3628800
1853 0 9216 1814400
1854 0 0 3628800
1855 0 0 3628800
1856 0 0 3628800
1857 0 9216 1814400
1858 0 18432 3628800
1859 0 0 3628800
1860 0 0 3628800
1861 0 0 1814400
1862 0 0 3628800
1863 0 0 3628800
1864 0 -9216 1814400
1865 0 0 3628800
1866 0 0 3628800
1867 0 0 3628800
1868 0 18432 3628800
1869 0 0 3628800
1870 0 0 3628800
1871 0 0 3628800
1872 0 -18432 3628800
1873 0 0 1814400
1874 0 0 3628800
1875 0 0 3628800
1876 0 0 3628800
1877 0 18432 1814400
1878 0 0 907200
1879 0 0 3628800
1880 0 0 3628800
1881 0 0 3628800
1882 0 0 1814400
1883 0 0 3628800
1884 0 0 3628800
1885 0 0 3628800
1886 0 18432 3628800
1887 0 0 3628800
1888 0 -18432 3628800
1889 0 0 3628800
1890 0 0 3628800
1891 0 0 1814400
1892 0 18432 1814400
1893 0 18432 3628800
1894 0 0 3628800
1895 0 0 3628800
1896 0 -4608 907200
1897 0 0 3628800
1898 0 0 3628800
1899 0 0 3628800
1900 0 -4608 907200
1901 0 0 1814400
1902 0 0 1814400
1903 0 -18432 3628800
1904 0 0 1814400
1905 0 18432 3628800
1906 0 0 907200
1907 0 0 3628800
1908 0 18432 3628800
1909 0 0 3628800
1910 0 4608 907200
1911 0 0 3628800
1912 0 0 3628800
1913 0 0 3628800
1914 0 0 3628800
1915 0 0 1814400
1916 0 4608 907200
1917 0 0 3628800
1918 0 4608 907200
1919 0 0 3628800
1920 0 0 1814400
1921 0 4608 907200
1922 0 0 1814400
1923 0 0 1814400
1924 0 0 3628800
1925 0 0 3628800
1926 0 0 3628800
1927 0 0 3628800
1928 0 0 907200
1929 0 0 3628800
1930 0 -18432 3628800
1931 0 -6912 453600
1932 0 0 3628800
1933 0 0 3628800
1934 0 0 907200
1935 0 -9216 1814400
1936 0 0 3628800
1937 0 0 907200
1938 0 0 3628800
1939 0 0 1814400
1940 0 0 3628800
1941 0 0 3628800
1942 0 0 3628800
1943 0 0 1814400
1944 0 0 3628800
1945 0 0 3628800
1946 0 4608 907200
1947 0 0 1814400
1948 0 0 3628800
1949 0 0 3628800
1950 0 0 3628800
1951 0 0 3628800
1952 0 0 3628800
1953 0 -6912 453600
1954 0 0 3628800
1955 0 0 3628800
1956 0 0 1814400
1957 0 -9216 1814400
1958 0 -9216 907200
1959 0 0 3628800
1960 0 0 3628800
1961 0 -18432 3628800
1962 0 -9216 1814400
1963 0 0 3628800
1964 0 0 1814400
1965 0 -9216 1814400
1966 0 0 3628800
1967 0 -9216 907200
1968 0 0 3628800
1969 0 0 1814400
1970 0 0 1814400
1971 0 0 1814400
1972 0 0 907200
1973 0 0 3628800
1974 0 0 1814400
1975 0 0 3628800
1976 0 0 3628800
1977 0 -18432 3628800
1978 0 -18432 3628800
1979 0 0 1814400
1980 0 0 3628800
1981 0 0 3628800
1982 0 0 3628800
1983 0 0 1814400
1984 0 0 3628800
1985 0 0 3628800
1986 0 0 3628800
1987 0 0 3628800
1988 0 -4608 907200
1989 0 0 3628800
1990 0 0 3628800
1991 0 0 3628800
1992 0 0 1814400
1993 0 0 1814400
1994 0 -18432 3628800
1995 0 0 3628800
1996 0 0 3628800
1997 0 0 3628800
1998 0 0 1814400
1999 0 0 3628800
2000 0 0 3628800
2001 0 -18432 3628800
2002 0 0 1814400
2003 0 0 3628800
2004 0 0 3628800
2005 0 0 3628800
2006 0 -4608 907200
2007 0 0 3628800
2008 0 0 3628800
2009 0 0 1814400
2010 0 0 3628800
2011 0 -18432 3628800
2012 0 18432 3628800
2013 0 0 1814400
2014 0 0 3628800
2015 0 0 3628800
2016 0 0 3628800
2017 0 0 3628800
2018 0 -18432 3628800
2019 0 0 3628800
2020 0 0 3628800
2021 0 0 1814400
2022 0 0 3628800
2023 0 0 3628800
2024 0 0 3628800
2025 0 0 3628800
2026 0 0 3628800
2027 0 0 3628800
2028 0 0 3628800
2029 0 0 3628800
2030 0 0 3628800
2031 0 0 3628800
2032 0 0 3628800
2033 0 18432 3628800
2034 0 0 1814400
2035 0 0 3628800
2036 0 18432 3628800
2037 0 0 3628800
2038 0 0 3628800
2039 0 0 1814400
2040 0 0 3628800
2041 0 0 3628800
2042 0 18432 3628800
2043 0 0 3628800
2044 0 0 3628800
2045 0 18432 3628800
2046 0 0 3628800
2047 0 0 1814400
2048 0 0 3628800
2049 0 0 3628800
2050 0 0 3628800
2051 0 0 3628800
2052 0 0 3628800
2053 0 0 1814400
2054 0 0 3628800
2055 0 18432 3628800
2056 0 0 3628800
2057 0 0 3628800
2058 0 0 3628800
2059 0 0 1814400
2060 0 0 3628800
2061 0 0 3628800
2062 0 0 3628800
2063 0 18432 3628800
2064 0 0 1814400
2065 0 0 3628800
2066 0 0 3628800
2067 0 0 3628800
2068 0 0 3628800
2069 0 0 3628800
2070 0 0 3628800
2071 0 18432 3628800
2072 0 0 3628800
2073 0 0 1814400
2074 0 0 3628800
2075 0 0 1814400
2076 0 0 1814400
2077 0 0 3628800
2078 0 0 3628800
2079 0 0 3628800
2080 0 0 3628800
2081 0 0 3628800
2082 0 0 3628800
2083 0 18432 3628800
2084 0 0 3628800
2085 0 0 3628800
2086 0 0 3628800
2087 0 0 3628800
2088 0 0 3628800
2089 0 0 3628800
2090 0 18432 3628800
2091 0 0 3628800
2092 0 0 3628800
2093 0 0 3628800
2094 0 0 3628800
2095 0 0 3628800
2096 0 0 1814400
2097 0 0 3628800
2098 0 0 3628800
2099 0 0 3628800
2100 0 0 3628800
2101 0 0 3628800
2102 0 0 3628800
2103 0 0 3628800
2104 0 0 3628800
2105 0 0 3628800
2106 0 18432 3628800
2107 0 0 3628800
2108 0 0 3628800
2109 0 0 1814400
2110 0 0 3628800
2111 0 18432 3628800
2112 0 0 3628800
2113 0 0 3628800
2114 0 0 3628800
2115 0 0 3628800
2116 0 0 3628800
2117 0 -18432 3628800
2118 0 0 3628800
2119 0 0 3628800
2120 0 0 3628800
2121 0 0 3628800
2122 0 0 3628800
2123 0 0 3628800
2124 0 0 1814400
2125 0 0 3628800
2126 0 0 1814400
2127 0 0 1814400
2128 0 0 3628800
2129 0 0 3628800
2130 0 0 1814400
2131 0 0 1814400
2132 0 0 3628800
2133 0 0 3628800
2134 0 0 3628800
2135 0 0 3628800
2136 0 0 3628800
2137 0 0 1814400
2138 0 0 3628800
2139 0 0 3628800
2140 0 0 3628800
2141 0 0 3628800
2142 0 0 3628800
2143 0 0 3628800
2144 0 0 3628800
2145 0 0 3628800
2146 0 0 1814400
2147 0 0 3628800
2148 0 0 3628800
2149 0 0 3628800
2150 0 0 3628800
2151 0 0 3628800
2152 0 0 3628800
2153 0 0 1814400
2154 0 0 3628800
2155 0 0 1814400
2156 0 0 3628800
2157 0 0 1814400
2158 0 0 1814400
2159 0 0 3628800
2160 0 0 3628800
2161 0 0 3628800
2162 0 0 1814400
2163 0 -18432 3628800
2164 0 0 1814400
2165 0 -18432 3628800
2166 0 0 1814400
2167 0 0 1814400
2168 0 0 3628800
2169 0 0 3628800
2170 0 18432 3628800
2171 0 0 3628800
2172 0 0 1814400
2173 0 0 3628800
2174 0 0 3628800
2175 0 0 1814400
2176 0 0 3628800
2177 0 0 1814400
2178 0 0 3628800
2179 0 0 3628800
2180 0 0 3628800
2181 0 0 907200
2182 0 0 3628800
2183 0 0 1814400
2184 0 0 3628800
2185 0 0 3628800
2186 0 0 3628800
2187 0 0 1814400
2188 0 0 3628800
2189 0 0 3628800
2190 0 0 3628800
2191 0 0 3628800
2192 0 0 3628800
2193 0 0 3628800
2194 0 0 1814400
2195 0 0 3628800
2196 0 0 3628800
2197 0 0 3628800
2198 0 0 1814400
2199 0 0 3628800
2200 0 0 3628800
2201 0 0 3628800
2202 0 0 1814400
2203 0 0 1814400
2204 0 0 3628800
2205 0 0 3628800
2206 0 0 3628800
2207 0 0 3628800
2208 0 0 1814400
2209 0 0 3628800
2210 0 0 3628800
2211 0 0 3628800
2212 0 18432 3628800
2213 0 0 1814400
2214 0 -9216 1814400
2215 0 0 3628800
2216 0 18432 3628800
2217 0 0 3628800
2218 0 0 1814400
2219 0 -18432 3628800
2220 0 -9216 1814400
2221 0 0 3628800
2222 0 0 3628800
2223 0 0 1814400
2224 0 4608 907200
2225 0 0 3628800
2226 0 0 3628800
2227 0 0 1814400
2228 0 0 1814400
2229 0 0 3628800
2230 0 0 3628800
2231 0 0 1814400
2232 0 0 3628800
2233 0 4608 907200
2234 0 0 3628800
2235 0 9216 1814400
2236 0 0 1814400
2237 0 0 3628800
2238 0 0 1814400
2239 0 0 3628800
2240 0 0 3628800
2241 0 0 907200
2242 0 0 3628800
2243 0 0 3628800
2244 0 0 3628800
2245 0 0 3628800
2246 0 9216 1814400
2247 0 0 1814400
2248 0 0 3628800
2249 0 18432 3628800
2250 0 0 3628800
2251 0 0 3628800
2252 0 0 3628800
2253 0 0 3628800
2254 0 -18432 1814400
2255 0 0 3628800
2256 0 0 3628800
2257 0 0 1814400
2258 0 0 1814400
2259 0 0 3628800
2260 0 -4608 907200
2261 0 0 3628800
2262 0 0 3628800
2263 0 0 3628800
2264 0 0 3628800
2265 0 0 3628800
2266 0 0 1814400
2267 0 0 3628800
2268 0 0 3628800
2269 0 0 3628800
2270 0 0 3628800
2271 0 0 1814400
2272 0 0 3628800
2273 0 0 3628800
2274 0 0 1814400
2275 0 -18432 3628800
2276 0 0 3628800
2277 0 0 3628800
2278 0 0 3628800
2279 0 -18432 1814400
2280 0 0 3628800
2281 0 0 3628800
2282 0 0 3628800
2283 0 -18432 3628800
2284 0 0 1814400
2285 0 -18432 3628800
2286 0 -9216 1814400
2287 0 -18432 3628800
2288 0 0 3628800
2289 0 0 3628800
2290 0 0 3628800
2291 0 0 3628800
2292 0 0 3628800
2293 0 0 3628800
2294 0 0 3628800
2295 0 0 3628800
2296 0 0 3628800
2297 0 0 3628800
2298 0 0 3628800
2299 0 0 3628800
2300 0 0 3628800
2301 0 0 3628800
2302 0 0 3628800
2303 0 0 3628800
2304 0 0 3628800
2305 0 0 3628800
2306 0 0 3628800
2307 0 0 3628800
2308 0 0 3628800
2309 0 0 3628800
2310 0 0 3628800
2311 0 0 3628800
2312 0 0 3628800
2313 0 0 3628800
2314 0 0 3628800
2315 0 0 3628800
2316 0 0 3628800
2317 0 -18432 3628800
2318 0 0 3628800
2319 0 0 3628800
2320 0 0 3628800
2321 0 0 3628800
2322 0 0 3628800
2323 0 0 3628800
2324 0 0 3628800
2325 0 0 3628800
2326 0 0 3628800
2327 0 0 3628800
2328 0 0 3628800
2329 0 0 3628800
2330 0 0 3628800
2331 0 0 3628800
2332 0 0 3628800
2333 0 -18432 3628800
2334 0 0 3628800
2335 0 -18432 3628800
2336 0 0 3628800
2337 0 0 3628800
2338 0 4608 907200
2339 0 9216 1814400
2340 0 0 3628800
2341 0 0 3628800
2342 0 4608 907200
2343 0 0 3628800
2344 0 0 3628800
2345 0 0 3628800
2346 0 9216 1814400
2347 0 0 3628800
2348 0 0 1814400
2349 0 0 3628800
2350 0 0 3628800
2351 0 0 1814400
2352 0 0 3628800
2353 0 0 3628800
2354 0 0 1814400
2355 0 9216 1814400
2356 0 0 907200
2357 0 -18432 3628800
2358 0 0 1814400
2359 0 9216 1814400
2360 0 0 3628800
2361 0 0 1814400
2362 0 0 3628800
2363 0 0 1814400
2364 0 0 3628800
2365 0 0 1814400
2366 0 0 1814400
2367 0 -9216 1814400
2368 0 0 3628800
2369 0 -18432 3628800
2370 0 -18432 3628800
2371 0 4608 907200
2372 0 0 3628800
2373 0 0 1814400
2374 0 -9216 1814400
2375 0 0 3628800
2376 0 0 907200
2377 0 -9216 1814400
2378 0 -9216 1814400
2379 0 0 3628800
2380 0 0 3628800
2381 0 0 1814400
2382 0 0 1814400
2383 0 0 3628800
2384 0 0 3628800
2385 0 0 3628800
2386 0 0 3628800
2387 0 18432 3628800
2388 0 0 1814400
2389 0 9216 1814400
2390 0 0 3628800
2391 0 4608 907200
2392 0 18432 3628800
2393 0 0 3628800
2394 0 0 3628800
2395 0 9216 1814400
2396 0 0 3628800
2397 0 9216 1814400
2398 0 0 3628800
2399 0 9216 1814400
2400 0 0 3628800
2401 0 0 1814400
2402 0 0 1814400
2403 0 0 3628800
2404 0 0 3628800
2405 0 0 1814400
2406 0 -9216 1814400
2407 0 -18432 3628800
2408 0 0 1814400
2409 0 0 1814400
2410 0 0 3628800
2411 0 0 3628800
2412 0 0 3628800
2413 0 0 1814400
2414 0 0 1814400
2415 0 0 3628800
2416 0 0 3628800
2417 0 0 3628800
2418 0 -9216 1814400
2419 0 0 3628800
2420 0 -9216 1814400
2421 0 0 3628800
2422 0 0 3628800
2423 0 0 3628800
2424 0 0 3628800
2425 0 0 1814400
2426 0 18432 1814400
2427 0 0 3628800
2428 0 0 3628800
2429 0 -9216 1814400
2430 0 0 3628800
2431 0 0 1814400
2432 0 0 3628800
2433 0 9216 1814400
2434 0 0 3628800
2435 0 0 1814400
2436 0 0 3628800
2437 0 0 3628800
2438 0 0 1814400
2439 0 -9216 1814400
2440 0 0 3628800
2441 0 0 3628800
2442 0 0 3628800
2443 0 18432 1814400
2444 0 -9216 1814400
2445 0 0 3628800
2446 0 0 3628800
2447 0 0 3628800
2448 0 -18432 3628800
2449 0 0 1814400
2450 0 0 3628800
2451 0 0 3628800
2452 0 0 3628800
2453 0 -9216 1814400
2454 0 0 3628800
2455 0 0 1814400
2456 0 0 1814400
2457 0 0 3628800
2458 0 9216 1814400
2459 0 18432 3628800
2460 0 0 1814400
2461 0 0 3628800
2462 0 9216 1814400
2463 0 9216 1814400
2464 0 0 3628800
2465 0 0 1814400
2466 0 0 3628800
2467 0 9216 1814400
2468 0 0 3628800
2469 0 0 3628800
2470 0 0 3628800
2471 0 0 3628800
2472 0 0 3628800
2473 0 0 1814400
2474 0 0 3628800
2475 0 0 3628800
2476 0 0 1814400
2477 0 0 907200
2478 0 0 3628800
2479 0 0 3628800
2480 0 0 3628800
2481 0 0 3628800
2482 0 0 3628800
2483 0 0 3628800
2484 0 0 1814400
2485 0 0 3628800
2486 0 0 3628800
2487 0 0 3628800
2488 0 0 3628800
2489 0 9216 1814400
2490 0 0 3628800
2491 0 0 3628800
2492 0 9216 1814400
2493 0 0 3628800
2494 0 0 3628800
2495 0 0 1814400
2496 0 18432 3628800
2497 0 0 3628800
2498 0 0 3628800
2499 0 18432 3628800
2500 0 0 3628800
2501 0 0 3628800
2502 0 18432 3628800
2503 0 0 3628800
2504 0 0 3628800
2505 0 0 3628800
2506 0 0 3628800
2507 0 0 3628800
2508 0 18432 3628800
2509 0 18432 3628800
2510 0 0 3628800
2511 0 18432 3628800
2512 0 0 3628800
2513 0 18432 3628800
2514 0 0 3628800
2515 0 0 3628800
2516 0 0 3628800
2517 0 0 1814400
2518 0 18432 3628800
2519 0 0 3628800
2520 0 0 3628800
2521 0 0 3628800
2522 0 0 3628800
2523 0 0 1814400
2524 0 0 3628800
2525 0 0 3628800
2526 0 0 1814400
2527 0 0 3628800
2528 0 0 3628800
2529 0 0 3628800
2530 0 0 3628800
2531 0 -18432 3628800
2532 0 0 3628800
2533 0 0 1814400
2534 0 0 3628800
2535 0 0 3628800
2536 0 0 3628800
2537 0 0 3628800
2538 0 0 3628800
2539 0 0 3628800
2540 0 -9216 1814400
2541 0 0 3628800
2542 0 0 3628800
2543 0 0 3628800
2544 0 0 3628800
2545 0 0 3628800
2546 0 0 3628800
2547 0 0 3628800
2548 0 0 3628800
2549 0 0 3628800
2550 0 0 3628800
2551 0 0 3628800
2552 0 0 3628800
2553 0 0 3628800
2554 0 0 3628800
2555 0 0 3628800
2556 0 0 1814400
2557 0 0 3628800
2558 0 0 3628800
2559 0 0 3628800
2560 0 0 3628800
2561 0 0 1814400
2562 0 0 3628800
2563 0 0 3628800
2564 0 0 3628800
2565 0 0 3628800
2566 0 0 3628800
2567 0 -9216 1814400
2568 0 0 3628800
2569 0 0 3628800
2570 0 0 3628800
2571 0 0 3628800
2572 0 0 3628800
2573 0 0 3628800
2574 0 0 3628800
2575 0 -18432 3628800
2576 0 0 3628800
2577 0 0 3628800
2578 0 0 3628800
2579 0 0 3628800
2580 0 0 3628800
2581 0 0 3628800
2582 0 0 3628800
2583 0 0 3628800
2584 0 0 3628800
2585 0 0 3628800
2586 0 0 3628800
2587 0 0 3628800
2588 0 -18432 3628800
2589 0 0 3628800
2590 0 0 3628800
2591 0 -18432 3628800
2592 0 0 3628800
2593 0 0 3628800
2594 0 0 3628800
2595 0 0 3628800
2596 0 -18432 3628800
2597 0 0 3628800
2598 0 0 3628800
2599 0 0 3628800
2600 0 0 3628800
2601 0 0 3628800
2602 0 0 3628800
2603 0 0 3628800
2604 0 0 1814400
2605 0 0 3628800
2606 0 0 3628800
2607 0 0 1814400
2608 0 0 3628800
2609 0 0 3628800
2610 0 0 3628800
2611 0 0 3628800
2612 0 0 3628800
2613 0 0 3628800
2614 0 0 3628800
2615 0 0 3628800
2616 0 0 3628800
2617 0 0 3628800
2618 0 0 1814400
2619 0 0 3628800
2620 0 0 3628800
2621 0 0 3628800
2622 0 0 3628800
2623 0 0 3628800
2624 0 0 3628800
2625 0 0 3628800
2626 0 0 1814400
2627 0 0 3628800
2628 0 0 3628800
2629 0 0 3628800
2630 0 0 3628800
2631 0 0 3628800
2632 0 0 3628800
2633 0 0 3628800
2634 0 0 1814400
2635 0 0 3628800
2636 0 0 3628800
2637 0 0 1814400
2638 0 0 1814400
2639 0 0 3628800
2640 0 0 3628800
2641 0 0 3628800
2642 0 0 1814400
2643 0 0 3628800
2644 0 0 3628800
2645 0 0 3628800
2646 0 0 3628800
2647 0 0 3628800
2648 0 0 3628800
2649 0 0 3628800
2650 0 0 1814400
2651 0 0 3628800
2652 0 0 3628800
2653 0 0 3628800
2654 0 0 3628800
2655 0 -18432 3628800
2656 0 0 3628800
2657 0 0 3628800
2658 0 0 3628800
2659 0 0 3628800
2660 0 0 3628800
2661 0 0 3628800
2662 0 0 3628800
2663 0 0 1814400
2664 0 0 3628800
2665 0 0 3628800
2666 0 0 3628800
2667 0 0 3628800
2668 0 0 3628800
2669 0 0 3628800
2670 0 0 1814400
2671 0 0 3628800
2672 0 0 1814400
2673 0 0 3628800
2674 0 0 3628800
2675 0 0 3628800
2676 0 0 3628800
2677 0 0 3628800
2678 0 0 3628800
2679 0 0 3628800
2680 0 0 3628800
2681 0 0 3628800
2682 0 0 3628800
2683 0 0 3628800
2684 0 -9216 1814400
2685 0 0 3628800
2686 0 0 3628800
2687 0 0 3628800
2688 0 0 3628800
2689 0 0 3628800
2690 0 18432 3628800
2691 0 0 1814400
2692 0 0 3628800
2693 0 0 3628800
2694 0 0 1814400
2695 0 0 3628800
2696 0 0 3628800
2697 0 0 3628800
2698 0 0 3628800
2699 0 0 3628800
2700 0 0 3628800
2701 0 0 1814400
2702 0 0 3628800
2703 0 0 3628800
2704 0 18432 1814400
2705 0 18432 3628800
2706 0 0 3628800
2707 0 0 3628800
2708 0 9216 1814400
2709 0 9216 1814400
2710 0 0 3628800
2711 0 0 907200
2712 0 0 3628800
2713 0 0 3628800
2714 0 0 1814400
2715 0 0 3628800
2716 0 0 3628800
2717 0 0 3628800
2718 0 0 3628800
2719 0 -9216 1814400
2720 0 0 3628800
2721 0 0 3628800
2722 0 0 1814400
2723 0 -9216 907200
2724 0 0 3628800
2725 0 0 1814400
2726 0 0 3628800
2727 0 18432 3628800
2728 0 0 3628800
2729 0 0 3628800
2730 0 0 3628800
2731 0 9216 1814400
2732 0 0 3628800
2733 0 0 1814400
2734 0 0 3628800
2735 0 0 3628800
2736 0 0 3628800
2737 0 0 3628800
2738 0 0 3628800
2739 0 0 3628800
2740 0 0 3628800
2741 0 0 3628800
2742 0 0 3628800
2743 0 -18432 3628800
2744 0 0 3628800
2745 0 0 3628800
2746 0 0 3628800
2747 0 0 3628800
2748 0 0 3628800
2749 0 0 3628800
2750 0 0 3628800
2751 0 0 1814400
2752 0 0 3628800
2753 0 0 3628800
2754 0 0 3628800
2755 0 0 3628800
2756 0 0 3628800
2757 0 0 1814400
2758 0 0 3628800
2759 0 0 3628800
2760 0 0 3628800
2761 0 0 3628800
2762 0 0 3628800
2763 0 0 3628800
2764 0 0 3628800
2765 0 18432 3628800
2766 0 0 3628800
2767 0 0 3628800
2768 0 0 3628800
2769 0 0 3628800
2770 0 0 3628800
2771 0 0 3628800
2772 0 18432 3628800
2773 0 18432 3628800
2774 0 0 3628800
2775 0 0 3628800
2776 0 0 3628800
2777 0 0 3628800
2778 0 0 3628800
2779 0 0 3628800
2780 0 0 3628800
2781 0 0 3628800
2782 0 0 3628800
2783 0 0 3628800
2784 0 0 3628800
2785 0 0 3628800
2786 0 0 3628800
2787 0 18432 3628800
2788 0 0 1814400
2789 0 -18432 3628800
2790 0 0 3628800
2791 0 0 3628800
2792 0 0 3628800
2793 0 0 3628800
2794 0 -18432 3628800
2795 0 0 3628800
2796 0 0 3628800
2797 0 0 3628800
2798 0 0 1814400
2799 0 0 3628800
2800 0 0 3628800
2801 0 0 3628800
2802 0 0 1814400
2803 0 0 1814400
2804 0 -9216 1814400
2805 0 0 3628800
2806 0 0 3628800
2807 0 0 3628800
2808 0 0 3628800
2809 0 0 3628800
2810 0 0 3628800
2811 0 0 3628800
2812 0 0 3628800
2813 0 0 3628800
2814 0 0 3628800
2815 0 0 1814400
2816 0 0 3628800
2817 0 0 3628800
2818 0 0 3628800
2819 0 0 1814400
2820 0 0 3628800
2821 0 0 3628800
2822 0 0 3628800
2823 0 0 3628800
2824 0 0 3628800
2825 0 0 3628800
2826 0 0 3628800
2827 0 0 3628800
2828 0 0 3628800
2829 0 0 3628800
2830 0 0 3628800
2831 0 0 3628800
2832 0 0 3628800
2833 0 0 3628800
2834 0 0 3628800
2835 0 0 3628800
2836 0 0 3628800
2837 0 0 3628800
2838 0 0 3628800
2839 0 0 3628800
2840 0 0 1814400
2841 0 0 3628800
2842 0 0 3628800
2843 0 0 3628800
2844 0 0 1814400
2845 0 0 3628800
2846 0 0 3628800
2847 0 0 3628800
2848 0 0 3628800
2849 0 0 3628800
2850 0 0 3628800
2851 0 0 3628800
2852 0 0 3628800
2853 0 0 3628800
2854 0 0 3628800
2855 0 0 3628800
2856 0 0 3628800
2857 0 0 3628800
2858 0 0 3628800
2859 0 0 3628800
2860 0 0 3628800
2861 0 0 3628800
2862 0 0 3628800
2863 0 0 3628800
2864 0 0 3628800
2865 0 0 3628800
2866 0 0 1814400
2867 0 0 3628800
2868 0 0 3628800
2869 0 0 3628800
2870 0 9216 1814400
2871 0 0 3628800
2872 0 0 3628800
2873 0 0 3628800
2874 0 0 1814400
2875 0 18432 3628800
2876 0 18432 3628800
2877 0 0 1814400
2878 0 18432 3628800
2879 0 0 3628800
2880 0 4608 907200
2881 0 0 3628800
2882 0 0 3628800
2883 0 0 3628800
2884 0 -4608 907200
2885 0 0 3628800
2886 0 0 3628800
2887 0 0 3628800
2888 0 0 3628800
2889 0 0 3628800
2890 0 0 3628800
2891 0 -18432 3628800
2892 0 0 3628800
2893 0 0 3628800
2894 0 0 3628800
2895 0 0 1814400
2896 0 0 1814400
2897 0 0 3628800
2898 0 0 1814400
2899 0 0 3628800
2900 0 0 3628800
2901 0 0 3628800
2902 0 0 907200
2903 0 18432 3628800
2904 0 0 3628800
2905 0 0 3628800
2906 0 18432 3628800
2907 0 0 3628800
2908 0 0 3628800
2909 0 0 3628800
2910 0 0 3628800
2911 0 0 3628800
2912 0 0 3628800
2913 0 0 3628800
2914 0 0 3628800
2915 0 0 3628800
2916 0 0 3628800
2917 0 0 3628800
2918 0 0 3628800
2919 0 0 3628800
2920 0 0 3628800
2921 0 0 3628800
2922 0 0 3628800
2923 0 0 3628800
2924 0 0 3628800
2925 0 0 3628800
2926 0 0 3628800
2927 0 0 3628800
2928 0 0 3628800
2929 0 0 3628800
2930 0 0 3628800
2931 0 9216 1814400
2932 0 0 1814400
2933 0 0 3628800
2934 0 18432 3628800
2935 0 0 3628800
2936 0 0 3628800
2937 0 -18432 3628800
2938 0 0 3628800
2939 0 0 3628800
2940 0 0 3628800
2941 0 0 3628800
2942 0 0 3628800
2943 0 0 3628800
2944 0 0 3628800
2945 0 0 3628800
2946 0 0 3628800
2947 0 0 3628800
2948 0 0 3628800
2949 0 0 3628800
2950 0 0 3628800
2951 0 0 3628800
2952 0 0 3628800
2953 0 0 3628800
2954 0 0 3628800
2955 0 0 3628800
2956 0 0 3628800
2957 0 0 1814400
2958 0 0 1814400
2959 0 0 3628800
2960 0 0 1814400
2961 0 0 3628800
2962 0 0 1814400
2963 0 0 3628800
2964 0 0 3628800
2965 0 0 3628800
2966 0 0 3628800
2967 0 0 3628800
2968 0 0 3628800
2969 0 0 1814400
2970 0 0 1814400
2971 0 9216 1814400
2972 0 0 3628800
2973 0 0 3628800
2974 0 0 3628800
2975 0 0 3628800
2976 0 0 3628800
2977 0 0 3628800
2978 0 -9216 907200
2979 0 18432 1814400
2980 0 0 1814400
2981 0 0 3628800
2982 0 0 1814400
2983 0 0 3628800
2984 0 0 3628800
2985 0 0 1814400
2986 0 0 3628800
2987 0 -18432 3628800
2988 0 -9216 907200
2989 0 -18432 3628800
2990 0 0 3628800
2991 0 0 3628800
2992 0 0 3628800
2993 0 0 3628800
2994 0 -9216 1814400
2995 0 0 3628800
2996 0 0 3628800
2997 0 0 3628800
2998 0 0 3628800
2999 0 0 3628800
3000 0 0 3628800
3001 0 0 3628800
3002 0 0 3628800
3003 0 0 3628800
3004 0 0 3628800
3005 0 0 3628800
3006 0 0 3628800
3007 0 0 3628800
3008 0 0 1814400
3009 0 0 3628800
3010 0 0 3628800
3011 0 0 3628800
3012 0 0 3628800
3013 0 18432 3628800
3014 0 0 3628800
3015 0 0 1814400
3016 0 0 3628800
3017 0 0 1814400
3018 0 0 1814400
3019 0 0 3628800
3020 0 0 3628800
3021 0 0 3628800
3022 0 -18432 3628800
3023 0 0 1814400
3024 0 0 3628800
3025 0 0 3628800
3026 0 0 3628800
3027 0 0 3628800
3028 0 0 3628800
3029 0 0 3628800
3030 0 -18432 3628800
3031 0 0 907200
3032 0 0 1814400
3033 0 0 1814400
3034 0 0 3628800
3035 0 0 1814400
3036 0 -18432 3628800
3037 0 0 3628800
3038 0 18432 3628800
3039 0 0 3628800
3040 0 -18432 3628800
3041 0 0 907200
3042 0 -18432 3628800
3043 0 -18432 3628800
3044 0 0 3628800
3045 0 0 1814400
3046 0 0 3628800
3047 0 0 3628800
3048 0 0 3628800
3049 0 0 3628800
3050 0 0 3628800
3051 0 0 3628800
3052 0 0 1814400
3053 0 0 3628800
3054 0 0 3628800
3055 0 0 3628800
3056 0 0 3628800
3057 0 0 3628800
3058 0 18432 3628800
3059 0 0 3628800
3060 0 -18432 3628800
3061 0 -9216 1814400
3062 0 0 3628800
3063 0 9216 1814400
3064 0 0 3628800
3065 0 -9216 1814400
3066 0 0 3628800
3067 0 0 3628800
3068 0 0 3628800
3069 0 0 1814400
3070 0 0 1814400
3071 0 0 1814400
3072 0 -18432 3628800
3073 0 9216 1814400
3074 0 0 1814400
3075 0 0 3628800
3076 0 0 3628800
3077 0 0 3628800
3078 0 9216 1814400
3079 0 0 3628800
3080 0 0 3628800
3081 0 0 3628800
3082 0 18432 3628800
3083 0 0 3628800
3084 0 0 3628800
3085 0 0 3628800
3086 0 0 3628800
3087 0 0 3628800
3088 0 0 3628800
3089 0 0 3628800
3090 0 0 3628800
3091 0 0 3628800
3092 0 0 3628800
3093 0 0 3628800
3094 0 0 3628800
3095 0 0 3628800
3096 0 0 3628800
3097 0 0 1814400
3098 0 0 3628800
3099 0 0 3628800
3100 0 0 3628800
3101 0 0 3628800
3102 0 0 3628800
3103 0 -18432 3628800
3104 0 0 3628800
3105 0 0 3628800
3106 0 0 3628800
3107 0 0 3628800
3108 0 0 3628800
3109 0 -18432 3628800
3110 0 0 3628800
3111 0 0 3628800
3112 0 -9216 1814400
3113 0 0 3628800
3114 0 0 3628800
3115 0 0 3628800
3116 0 0 3628800
3117 0 0 1814400
3118 0 0 3628800
3119 0 0 3628800
3120 0 0 3628800
3121 0 0 3628800
3122 0 0 3628800
3123 0 -9216 1814400
3124 0 0 3628800
3125 0 0 3628800
3126 0 0 3628800
3127 0 0 3628800
3128 0 0 3628800
3129 0 0 3628800
3130 0 0 3628800
3131 0 0 3628800
3132 0 0 3628800
3133 0 -18432 3628800
3134 0 0 3628800
3135 0 0 3628800
3136 0 0 3628800
3137 0 0 3628800
3138 0 -18432 3628800
3139 0 0 3628800
3140 0 0 3628800
3141 0 0 3628800
3142 0 0 1814400
3143 0 0 3628800
3144 0 0 3628800
3145 0 0 3628800
3146 0 0 3628800
3147 0 0 3628800
3148 0 0 1814400
3149 0 0 3628800
3150 0 0 3628800
3151 0 0 3628800
3152 0 0 3628800
3153 0 0 3628800
3154 0 0 1814400
3155 0 0 3628800
3156 0 0 3628800
3157 0 18432 3628800
3158 0 0 3628800
3159 0 0 3628800
3160 0 0 3628800
3161 0 0 3628800
3162 0 0 3628800
3163 0 0 3628800
3164 0 0 3628800
3165 0 0 3628800
3166 0 0 3628800
3167 0 0 1814400
3168 0 0 3628800
3169 0 -18432 3628800
3170 0 0 1814400
3171 0 0 3628800
3172 0 0 3628800
3173 0 -18432 3628800
3174 0 0 3628800
3175 0 -9216 1814400
3176 0 -18432 3628800
3177 0 18432 3628800
3178 0 0 3628800
3179 0 18432 3628800
3180 0 9216 1814400
3181 0 0 3628800
3182 0 -9216 1814400
3183 0 -9216 1814400
3184 0 0 3628800
3185 0 18432 3628800
3186 0 0 1814400
3187 0 0 3628800
3188 0 -9216 1814400
3189 0 0 3628800
3190 0 -18432 3628800
3191 0 0 3628800
3192 0 0 3628800
3193 0 -18432 3628800
3194 0 0 3628800
3195 0 0 3628800
3196 0 0 3628800
3197 0 0 3628800
3198 0 0 3628800
3199 0 0 3628800
3200 0 0 3628800
3201 0 0 1814400
3202 0 0 3628800
3203 0 0 3628800
3204 0 0 3628800
3205 0 0 1814400
3206 0 0 3628800
3207 0 0 3628800
3208 0 0 3628800
3209 0 0 3628800
3210 0 0 3628800
3211 0 0 3628800
3212 0 0 3628800
3213 0 0 3628800
3214 0 0 1814400
3215 0 0 3628800
3216 0 9216 1814400
3217 0 0 3628800
3218 0 0 3628800
3219 0 0 3628800
3220 0 0 3628800
3221 0 0 3628800
3222 0 -9216 1814400
3223 0 0 3628800
3224 0 0 1814400
3225 0 0 3628800
3226 0 0 3628800
3227 0 0 3628800
3228 0 -18432 3628800
3229 0 0 3628800
3230 0 0 3628800
3231 0 -18432 3628800
3232 0 0 1814400
3233 0 -18432 3628800
3234 0 0 3628800
3235 0 9216 1814400
3236 0 -18432 3628800
3237 0 0 3628800
3238 0 0 3628800
3239 0 0 3628800
3240 0 0 3628800
3241 0 0 3628800
3242 0 0 3628800
3243 0 0 3628800
3244 0 0 3628800
3245 0 0 3628800
3246 0 0 3628800
3247 0 0 3628800
3248 0 0 3628800
3249 0 0 3628800
3250 0 0 3628800
3251 0 0 1814400
3252 0 -18432 3628800
3253 0 0 3628800
3254 0 0 3628800
3255 0 0 3628800
3256 0 0 3628800
3257 0 -18432 3628800
3258 0 -18432 3628800
3259 0 0 1814400
3260 0 0 3628800
3261 0 0 3628800
3262 0 -18432 3628800
3263 0 0 3628800
3264 0 0 3628800
3265 0 0 3628800
3266 0 0 3628800
3267 0 0 1814400
3268 0 0 3628800
3269 0 9216 1814400
3270 0 0 3628800
3271 0 0 3628800
3272 0 -9216 1814400
3273 0 0 3628800
3274 0 9216 1814400
3275 0 0 3628800
3276 0 0 1814400
3277 0 -18432 3628800
3278 0 0 3628800
3279 0 0 3628800
3280 0 0 3628800
3281 0 -9216 1814400
3282 0 0 1814400
3283 0 0 3628800
3284 0 0 3628800
3285 0 0 3628800
3286 0 0 1814400
3287 0 0 3628800
3288 0 -9216 1814400
3289 0 0 3628800
3290 0 18432 3628800
3291 0 9216 1814400
3292 0 0 3628800
3293 0 -9216 1814400
3294 0 0 1814400
3295 0 9216 1814400
3296 0 18432 3628800
3297 0 0 1814400
3298 0 18432 3628800
3299 0 0 3628800
3300 0 -9216 1814400
3301 0 0 1814400
3302 0 0 1814400
3303 0 -18432 3628800
3304 0 -9216 1814400
3305 0 -9216 1814400
3306 0 0 3628800
3307 0 -18432 3628800
3308 0 0 1814400
3309 0 0 3628800
3310 0 0 3628800
3311 0 0 3628800
3312 0 0 907200
3313 0 0 3628800
3314 0 0 3628800
3315 0 0 3628800
3316 0 0 3628800
3317 0 0 3628800
3318 0 18432 3628800
3319 0 -18432 3628800
3320 0 0 3628800
3321 0 0 1814400
3322 0 18432 3628800
3323 0 0 3628800
3324 0 18432 3628800
3325 0 -9216 1814400
3326 0 0 3628800
3327 0 0 1814400
3328 0 0 3628800
3329 0 0 3628800
3330 0 0 3628800
3331 0 0 1814400
3332 0 0 1814400
3333 0 0 907200
3334 0 0 1814400
3335 0 0 3628800
3336 0 9216 1814400
3337 0 18432 3628800
3338 0 0 907200
3339 0 0 1814400
3340 0 0 1814400
3341 0 0 3628800
3342 0 0 3628800
3343 0 9216 1814400
3344 0 0 3628800
3345 0 18432 3628800
3346 0 -4608 907200
3347 0 0 3628800
3348 0 0 3628800
3349 0 0 1814400
3350 0 0 1814400
3351 0 0 3628800
3352 0 18432 3628800
3353 0 0 3628800
3354 0 -9216 1814400
3355 0 0 3628800
3356 0 0 3628800
3357 0 0 3628800
3358 0 -9216 907200
3359 0 18432 3628800
3360 0 0 1814400
3361 0 18432 3628800
3362 0 18432 3628800
3363 0 -9216 1814400
3364 0 0 3628800
3365 0 0 3628800
3366 0 0 3628800
3367 0 18432 3628800
3368 0 0 3628800
3369 0 0 3628800
3370 0 18432 3628800
3371 0 18432 3628800
3372 0 0 3628800
3373 0 0 3628800
3374 0 0 3628800
3375 0 18432 3628800
3376 0 0 3628800
3377 0 0 3628800
3378 0 18432 3628800
3379 0 0 3628800
3380 0 -18432 3628800
3381 0 0 3628800
3382 0 18432 3628800
3383 0 0 3628800
3384 0 0 3628800
3385 0 0 3628800
3386 0 0 3628800
3387 0 0 3628800
3388 0 0 3628800
3389 0 0 1814400
3390 0 18432 3628800
3391 0 0 3628800
3392 0 0 3628800
3393 0 0 1814400
3394 0 18432 3628800
3395 0 0 3628800
3396 0 0 3628800
3397 0 -9216 1814400
3398 0 0 3628800
3399 0 0 3628800
3400 0 0 3628800
3401 0 0 3628800
3402 0 0 3628800
3403 0 0 3628800
3404 0 0 3628800
3405 0 0 3628800
3406 0 0 3628800
3407 0 0 1814400
3408 0 0 3628800
3409 0 0 3628800
3410 0 0 3628800
3411 0 0 3628800
3412 0 0 3628800
3413 0 0 3628800
3414 0 0 3628800
3415 0 0 3628800
3416 0 18432 3628800
3417 0 0 3628800
3418 0 0 1814400
3419 0 0 3628800
3420 0 0 3628800
3421 0 0 3628800
3422 0 0 1814400
3423 0 0 3628800
3424 0 18432 3628800
3425 0 0 3628800
3426 0 0 3628800
3427 0 0 1814400
3428 0 0 3628800
3429 0 0 3628800
3430 0 0 3628800
3431 0 0 3628800
3432 0 0 3628800
3433 0 0 907200
3434 0 0 3628800
3435 0 18432 3628800
3436 0 0 3628800
3437 0 -9216 907200
3438 0 0 3628800
3439 0 0 3628800
3440 0 0 3628800
3441 0 18432 3628800
3442 0 18432 3628800
3443 0 0 3628800
3444 0 0 1814400
3445 0 -18432 3628800
3446 0 0 3628800
3447 0 0 3628800
3448 0 0 1814400
3449 0 18432 3628800
3450 0 0 3628800
3451 0 0 3628800
3452 0 -18432 3628800
3453 0 4608 907200
3454 0 0 3628800
3455 0 0 3628800
3456 0 0 3628800
3457 0 0 3628800
3458 0 18432 3628800
3459 0 18432 3628800
3460 0 0 3628800
3461 0 0 3628800
3462 0 0 3628800
3463 0 0 3628800
3464 0 0 3628800
3465 0 18432 3628800
3466 0 -18432 3628800
3467 0 0 3628800
3468 0 0 3628800
3469 0 0 3628800
3470 0 0 3628800
3471 0 0 3628800
3472 0 0 3628800
3473 0 0 3628800
3474 0 -18432 3628800
3475 0 0 3628800
3476 0 0 3628800
3477 0 9216 1814400
3478 0 -18432 3628800
3479 0 0 3628800
3480 0 9216 1814400
3481 0 0 3628800
3482 0 -18432 3628800
3483 0 0 1814400
3484 0 0 1814400
3485 0 0 3628800
3486 0 0 3628800
3487 0 0 3628800
3488 0 0 3628800
3489 0 0 1814400
3490 0 0 3628800
3491 0 0 3628800
3492 0 0 3628800
3493 0 0 3628800
3494 0 -9216 1814400
3495 0 0 3628800
3496 0 0 3628800
3497 0 -18432 3628800
3498 0 0 3628800
3499 0 -18432 3628800
3500 0 0 3628800
3501 0 0 3628800
3502 0 0 3628800
3503 0 0 3628800
3504 0 -18432 3628800
3505 0 0 3628800
3506 0 0 3628800
3507 0 0 3628800
3508 0 0 3628800
3509 0 0 3628800
3510 0 0 3628800
3511 0 0 3628800
3512 0 0 3628800
3513 0 0 3628800
3514 0 0 3628800
3515 0 0 3628800
3516 0 -18432 3628800
3517 0 0 3628800
3518 0 -18432 3628800
3519 0 0 3628800
3520 0 0 1814400
3521 0 0 3628800
3522 0 0 3628800
3523 0 0 3628800
3524 0 0 3628800
3525 0 0 3628800
3526 0 0 3628800
3527 0 0 3628800
3528 0 0 3628800
3529 0 0 3628800
3530 0 0 1814400
3531 0 0 3628800
3532 0 0 3628800
3533 0 0 3628800
3534 0 -18432 3628800
3535 0 0 3628800
3536 0 0 3628800
3537 0 -18432 3628800
3538 0 0 3628800
3539 0 0 3628800
3540 0 0 3628800
3541 0 0 3628800
3542 0 0 3628800
3543 0 0 3628800
3544 0 0 3628800
3545 0 0 3628800
3546 0 0 3628800
3547 0 0 3628800
3548 0 0 3628800
3549 0 0 3628800
3550 0 0 3628800
3551 0 0 3628800
3552 0 0 3628800
3553 0 0 3628800
3554 0 0 3628800
3555 0 0 3628800
3556 0 0 3628800
3557 0 0 3628800
3558 0 -18432 3628800
3559 0 0 3628800
3560 0 0 3628800
3561 0 0 3628800
3562 0 9216 1814400
3563 0 0 3628800
3564 0 0 3628800
3565 0 0 3628800
3566 0 0 3628800
3567 0 0 3628800
3568 0 0 3628800
3569 0 0 3628800
3570 0 0 1814400
3571 0 -18432 3628800
3572 0 0 3628800
3573 0 0 3628800
3574 0 0 3628800
3575 0 0 3628800
3576 0 0 1814400
3577 0 0 3628800
3578 0 0 3628800
3579 0 0 3628800
3580 0 -18432 3628800
3581 0 0 3628800
3582 0 0 3628800
3583 0 0 3628800
3584 0 0 3628800
3585 0 0 3628800
3586 0 0 3628800
3587 0 0 3628800
3588 0 0 3628800
3589 0 0 3628800
3590 0 0 3628800
3591 0 0 3628800
3592 0 0 3628800
3593 0 0 3628800
3594 0 0 3628800
3595 0 0 3628800
3596 0 -18432 3628800
3597 0 0 3628800
3598 0 0 3628800
3599 0 -18432 3628800
3600 0 -18432 3628800
3601 0 0 3628800
3602 0 0 3628800
3603 0 0 3628800
3604 0 0 1814400
3605 0 0 3628800
3606 0 0 3628800
3607 0 0 1814400
3608 0 0 3628800
3609 0 -18432 3628800
3610 0 -18432 3628800
3611 0 -18432 3628800
3612 0 0 3628800
3613 0 9216 1814400
3614 0 -18432 3628800
3615 0 0 3628800
3616 0 0 3628800
3617 0 -18432 3628800
3618 0 0 3628800
3619 0 0 1814400
3620 0 9216 1814400
3621 0 -18432 3628800
3622 0 0 3628800
3623 0 0 3628800
3624 0 0 3628800
3625 0 0 3628800
3626 0 0 3628800
3627 0 0 1814400
3628 0 -18432 3628800
3629 0 0 3628800
3630 0 0 3628800
3631 0 0 3628800
3632 0 0 3628800
3633 0 0 3628800
3634 0 0 3628800
3635 0 0 3628800
3636 0 0 3628800
3637 0 -18432 3628800
3638 0 0 3628800
3639 0 -18432 3628800
3640 0 0 3628800
3641 0 0 3628800
3642 0 -9216 1814400
3643 0 0 3628800
3644 0 0 3628800
3645 0 0 3628800
3646 0 -18432 3628800
3647 0 0 3628800
3648 0 0 3628800
3649 0 0 3628800
3650 0 0 3628800
3651 0 0 3628800
3652 0 0 3628800
3653 0 0 3628800
3654 0 0 3628800
3655 0 0 3628800
3656 0 0 3628800
3657 0 0 3628800
3658 0 0 3628800
3659 0 0 3628800
3660 0 0 3628800
3661 0 0 1814400
3662 0 0 3628800
3663 0 0 1814400
3664 0 0 3628800
3665 0 0 3628800
3666 0 0 1814400
3667 0 0 3628800
3668 0 0 3628800
3669 0 18432 3628800
3670 0 0 3628800
3671 0 0 3628800
3672 0 0 3628800
3673 0 9216 1814400
3674 0 0 3628800
3675 0 18432 1814400
3676 0 0 3628800
3677 0 -9216 1814400
3678 0 0 3628800
3679 0 9216 1814400
3680 0 0 3628800
3681 0 0 3628800
3682 0 0 3628800
3683 0 -18432 3628800
3684 0 0 3628800
3685 0 0 3628800
3686 0 0 3628800
3687 0 0 3628800
3688 0 0 3628800
3689 0 0 3628800
3690 0 0 3628800
3691 0 0 3628800
3692 0 0 3628800
3693 0 0 3628800
3694 0 0 3628800
3695 0 0 3628800
3696 0 0 3628800
3697 0 0 3628800
3698 0 9216 1814400
3699 0 0 3628800
3700 0 18432 3628800
3701 0 0 3628800
3702 0 0 1814400
3703 0 0 3628800
3704 0 0 3628800
3705 0 0 3628800
3706 0 0 3628800
3707 0 0 3628800
3708 0 0 3628800
3709 0 0 3628800
3710 0 0 3628800
3711 0 0 3628800
3712 0 0 3628800
3713 0 0 3628800
3714 0 0 3628800
3715 0 0 1814400
3716 0 0 3628800
3717 0 0 3628800
3718 0 0 1814400
3719 0 0 3628800
3720 0 0 3628800
3721 0 18432 3628800
3722 0 0 1814400
3723 0 0 3628800
3724 0 0 3628800
3725 0 0 3628800
3726 0 0 1814400
3727 0 0 1814400
3728 0 0 3628800
3729 0 0 1814400
3730 0 0 3628800
3731 0 0 3628800
3732 0 9216 1814400
3733 0 0 3628800
3734 0 0 1814400
3735 0 0 3628800
3736 0 -9216 1814400
3737 0 0 1814400
3738 0 0 1814400
3739 0 0 3628800
3740 0 0 1814400
3741 0 0 3628800
3742 0 36864 3628800
3743 0 -18432 3628800
3744 0 0 3628800
3745 0 -9216 1814400
3746 0 0 3628800
3747 0 0 3628800
3748 0 0 1814400
3749 0 9216 1814400
3750 0 -18432 3628800
3751 0 0 1814400
3752 0 -9216 1814400
3753 0 0 3628800
3754 0 18432 3628800
3755 0 0 3628800
3756 0 0 3628800
3757 0 18432 3628800
3758 0 0 3628800
3759 0 0 1814400
3760 0 -18432 3628800
3761 0 0 3628800
3762 0 0 3628800
3763 0 0 3628800
3764 0 18432 3628800
3765 0 0 3628800
3766 0 0 3628800
3767 0 0 3628800
3768 0 0 3628800
3769 0 0 3628800
3770 0 -18432 3628800
3771 0 0 3628800
3772 0 -18432 3628800
3773 0 0 3628800
3774 0 18432 3628800
3775 0 18432 3628800
3776 0 0 1814400
3777 0 0 1814400
3778 0 0 3628800
3779 0 0 1814400
3780 0 0 3628800
3781 0 0 3628800
3782 0 0 1814400
3783 0 0 3628800
3784 0 0 3628800
3785 0 0 3628800
3786 0 0 1814400
3787 0 18432 3628800
3788 0 0 1814400
3789 0 18432 3628800
3790 0 18432 3628800
3791 0 0 3628800
3792 0 0 3628800
3793 0 -9216 1814400
3794 0 4608 907200
3795 0 0 3628800
3796 0 0 1814400
3797 0 0 3628800
3798 0 0 1814400
3799 0 0 3628800
3800 0 0 3628800
3801 0 0 3628800
3802 0 0 3628800
3803 0 0 3628800
3804 0 0 3628800
3805 0 18432 3628800
3806 0 0 3628800
3807 0 0 1814400
3808 0 -9216 1814400
3809 0 -9216 1814400
3810 0 0 3628800
3811 0 0 3628800
3812 0 0 3628800
3813 0 0 3628800
3814 0 0 3628800
3815 0 0 3628800
3816 0 0 3628800
3817 0 0 3628800
3818 0 0 3628800
3819 0 0 3628800
3820 0 0 3628800
3821 0 0 3628800
3822 0 0 3628800
3823 0 0 3628800
3824 0 0 3628800
3825 0 0 3628800
3826 0 0 3628800
3827 0 0 3628800
3828 0 0 3628800
3829 0 0 3628800
3830 0 0 3628800
3831 0 0 3628800
3832 0 0 3628800
3833 0 36864 3628800
3834 0 0 3628800
3835 0 -9216 1814400
3836 0 0 3628800
3837 0 0 3628800
3838 0 0 3628800
3839 0 0 3628800
3840 0 0 3628800
3841 0 0 3628800
3842 0 0 3628800
3843 0 0 3628800
3844 0 0 3628800
3845 0 -18432 3628800
3846 0 0 3628800
3847 0 0 3628800
3848 0 0 3628800
3849 0 0 3628800
3850 0 0 1814400
3851 0 9216 1814400
3852 0 0 3628800
3853 0 0 3628800
3854 0 0 3628800
3855 0 18432 3628800
3856 0 0 3628800
3857 0 0 3628800
3858 0 0 3628800
3859 0 0 3628800
3860 0 0 3628800
3861 0 0 3628800
3862 0 0 3628800
3863 0 9216 1814400
3864 0 18432 3628800
3865 0 0 3628800
3866 0 0 3628800
3867 0 0 3628800
3868 0 0 1814400
3869 0 0 3628800
3870 0 0 1814400
3871 0 0 3628800
3872 0 0 3628800
3873 0 0 3628800
3874 0 0 1814400
3875 0 0 3628800
3876 0 0 3628800
3877 0 -18432 3628800
3878 0 0 3628800
3879 0 0 3628800
3880 0 0 1814400
3881 0 0 3628800
3882 0 18432 3628800
3883 0 0 3628800
3884 0 0 1814400
3885 0 0 3628800
3886 0 0 3628800
3887 0 0 3628800
3888 0 0 3628800
3889 0 0 3628800
3890 0 0 1814400
3891 0 18432 3628800
3892 0 0 3628800
3893 0 0 3628800
3894 0 0 3628800
3895 0 0 3628800
3896 0 0 1814400
3897 0 0 3628800
3898 0 0 3628800
3899 0 0 3628800
3900 0 0 3628800
3901 0 0 3628800
3902 0 0 3628800
3903 0 0 1814400
3904 0 -36864 3628800
3905 0 0 1814400
3906 0 0 3628800
3907 0 0 3628800
3908 0 0 1814400
3909 0 0 3628800
3910 0 0 3628800
3911 0 0 3628800
3912 0 -36864 3628800
3913 0 0 3628800
3914 0 0 3628800
3915 0 0 1814400
3916 0 -18432 3628800
3917 0 0 3628800
3918 0 0 3628800
3919 0 0 3628800
3920 0 0 1814400
3921 0 -9216 907200
3922 0 0 3628800
3923 0 18432 3628800
3924 0 0 1814400
3925 0 0 3628800
3926 0 0 3628800
3927 0 -18432 3628800
3928 0 0 907200
3929 0 -9216 907200
3930 0 0 907200
3931 0 0 3628800
3932 0 18432 3628800
3933 0 0 3628800
3934 0 -18432 3628800
3935 0 0 3628800
3936 0 0 3628800
3937 0 9216 1814400
3938 0 0 3628800
3939 0 -18432 3628800
3940 0 0 3628800
3941 0 0 3628800
3942 0 -9216 1814400
3943 0 -36864 3628800
3944 0 0 3628800
3945 0 0 3628800
3946 0 -4608 907200
3947 0 0 3628800
3948 0 0 3628800
3949 0 0 3628800
3950 0 0 3628800
3951 0 4608 907200
3952 0 0 1814400
3953 0 -36864 3628800
3954 0 0 3628800
3955 0 0 3628800
3956 0 0 3628800
3957 0 -18432 3628800
3958 0 0 907200
3959 0 0 3628800
3960 0 0 3628800
3961 0 0 3628800
3962 0 0 3628800
3963 0 9216 1814400
3964 0 -9216 907200
3965 0 0 3628800
3966 0 0 3628800
3967 0 0 3628800
3968 0 0 3628800
3969 0 0 3628800
3970 0 0 3628800
3971 0 0 1814400
3972 0 0 3628800
3973 0 18432 3628800
3974 0 0 3628800
3975 0 0 1814400
3976 0 18432 3628800
3977 0 0 3628800
3978 0 -18432 1814400
3979 0 0 3628800
3980 0 0 3628800
3981 0 0 3628800
3982 0 0 3628800
3983 0 0 3628800
3984 0 0 3628800
3985 0 0 3628800
3986 0 0 3628800
3987 0 0 3628800
3988 0 36864 3628800
3989 0 18432 3628800
3990 0 0 3628800
3991 0 18432 3628800
3992 0 0 3628800
3993 0 0 3628800
3994 0 0 3628800
3995 0 0 3628800
3996 0 0 3628800
3997 0 0 3628800
3998 0 0 1814400
3999 0 0 3628800
4000 0 0 3628800
4001 0 0 3628800
4002 0 0 1814400
4003 0 0 3628800
4004 0 -18432 3628800
4005 0 0 3628800
4006 0 0 3628800
4007 0 0 3628800
4008 0 0 1814400
4009 0 18432 3628800
4010 0 18432 3628800
4011 0 0 3628800
4012 0 0 3628800
4013 0 0 1814400
4014 0 0 3628800
4015 0 18432 3628800
4016 0 0 3628800
4017 0 0 1814400
4018 0 0 3628800
4019 0 0 3628800
4020 0 18432 3628800
4021 0 18432 3628800
4022 0 0 3628800
4023 0 0 1814400
4024 0 18432 3628800
4025 0 0 3628800
4026 0 0 3628800
4027 0 0 3628800
4028 0 0 3628800
4029 0 0 3628800
4030 0 0 1814400
4031 0 -18432 3628800
4032 0 4608 907200
4033 0 0 3628800
4034 0 0 3628800
4035 0 4608 907200
4036 0 18432 3628800
4037 0 0 3628800
4038 0 0 3628800
4039 0 0 1814400
4040 0 0 3628800
4041 0 0 3628800
4042 0 0 3628800
4043 0 0 3628800
4044 0 0 3628800
4045 0 0 3628800
4046 0 0 3628800
4047 0 0 3628800
4048 0 18432 3628800
4049 0 0 3628800
4050 0 0 3628800
4051 0 36864 3628800
4052 0 0 3628800
4053 0 0 1814400
4054 0 0 3628800
4055 0 0 3628800
4056 0 0 3628800
4057 0 0 3628800
4058 0 0 3628800
4059 0 0 3628800
4060 0 0 3628800
4061 0 -18432 3628800
4062 0 18432 3628800
4063 0 0 3628800
4064 0 0 3628800
4065 0 0 3628800
4066 0 0 3628800
4067 0 0 1814400
4068 0 0 3628800
4069 0 -18432 3628800
4070 0 0 3628800
4071 0 0 3628800
4072 0 0 3628800
4073 0 0 3628800
4074 0 0 3628800
4075 0 18432 3628800
4076 0 0 3628800
4077 0 0 3628800
4078 0 0 3628800
4079 0 0 1814400
4080 0 -18432 3628800
4081 0 0 3628800
4082 0 0 3628800
4083 0 9216 1814400
4084 0 0 3628800
4085 0 0 3628800
4086 0 0 3628800
4087 0 18432 3628800
4088 0 0 3628800
4089 0 -9216 1814400
4090 0 0 3628800
4091 0 0 3628800
4092 0 0 3628800
4093 0 0 3628800
4094 0 0 3628800
4095 0 9216 1814400
4096 0 0 3628800
4097 0 18432 3628800
4098 0 -9216 1814400
4099 0 0 3628800
4100 0 0 3628800
4101 0 0 3628800
4102 0 -9216 1814400
4103 0 0 3628800
4104 0 0 3628800
4105 0 -9216 1814400
4106 0 0 3628800
4107 0 0 3628800
4108 0 0 3628800
4109 0 0 3628800
4110 0 0 907200
4111 0 9216 1814400
4112 0 0 1814400
4113 0 0 3628800
4114 0 0 3628800
4115 0 -9216 1814400
4116 0 9216 1814400
4117 0 0 3628800
4118 0 0 3628800
4119 0 0 3628800
4120 0 -9216 1814400
4121 0 0 3628800
4122 0 0 3628800
4123 0 0 3628800
4124 0 9216 1814400
4125 0 -9216 1814400
4126 0 0 3628800
4127 0 -18432 3628800
4128 0 18432 3628800
4129 0 0 3628800
4130 0 0 3628800
4131 0 0 1814400
4132 0 0 3628800
4133 0 0 3628800
4134 0 0 3628800
4135 0 9216 1814400
4136 0 0 3628800
4137 0 0 3628800
4138 0 0 3628800
4139 0 0 3628800
4140 0 0 3628800
4141 0 0 3628800
4142 0 0 1814400
4143 0 0 3628800
4144 0 0 3628800
4145 0 0 3628800
4146 0 0 3628800
4147 0 0 907200
4148 0 0 3628800
4149 0 0 3628800
4150 0 0 1814400
4151 0 -18432 3628800
4152 0 0 3628800
4153 0 0 3628800
4154 0 9216 1814400
4155 0 -18432 3628800
4156 0 0 3628800
4157 0 0 3628800
4158 0 18432 3628800
4159 0 0 1814400
4160 0 9216 1814400
4161 0 0 3628800
4162 0 -9216 1814400
4163 0 0 3628800
4164 0 0 3628800
4165 0 9216 1814400
4166 0 0 3628800
4167 0 0 3628800
4168 0 0 3628800
4169 0 0 3628800
4170 0 -18432 1814400
4171 0 0 1814400
4172 0 0 3628800
4173 0 0 3628800
4174 0 18432 3628800
4175 0 0 1814400
4176 0 -36864 3628800
4177 0 0 3628800
4178 0 18432 3628800
4179 0 18432 3628800
4180 0 9216 1814400
4181 0 -18432 3628800
4182 0 0 3628800
4183 0 0 1814400
4184 0 0 3628800
4185 0 36864 3628800
4186 0 9216 1814400
4187 0 9216 1814400
4188 0 0 3628800
4189 0 18432 3628800
4190 0 0 3628800
4191 0 0 3628800
4192 0 0 3628800
4193 0 0 1814400
4194 0 0 1814400
4195 0 0 3628800
4196 0 18432 3628800
4197 0 0 3628800
4198 0 0 1814400
4199 0 18432 3628800
4200 0 18432 3628800
4201 0 9216 1814400
4202 0 0 3628800
4203 0 0 1814400
4204 0 0 3628800
4205 0 0 3628800
4206 0 0 1814400
4207 0 0 3628800
4208 0 9216 1814400
4209 0 18432 3628800
4210 0 0 3628800
4211 0 0 3628800
4212 0 0 3628800
4213 0 0 3628800
4214 0 0 1814400
4215 0 0 1814400
4216 0 0 3628800
4217 0 18432 3628800
4218 0 0 1814400
4219 0 18432 3628800
4220 0 0 3628800
4221 0 0 1814400
4222 0 0 3628800
4223 0 0 1814400
4224 0 0 907200
4225 0 0 907200
4226 0 0 3628800
4227 0 18432 3628800
4228 0 0 1814400
4229 0 0 3628800
4230 0 -18432 3628800
4231 0 4608 907200
4232 0 -18432 3628800
4233 0 13824 907200
4234 0 0 3628800
4235 0 -4608 907200
4236 0 0 3628800
4237 0 0 3628800
4238 0 0 3628800
4239 0 -9216 1814400
4240 0 0 3628800
4241 0 0 3628800
4242 0 0 3628800
4243 0 0 3628800
4244 0 18432 3628800
4245 0 -18432 3628800
4246 0 0 3628800
4247 0 0 1814400
4248 0 0 3628800
4249 0 0 3628800
4250 0 18432 3628800
4251 0 -18432 3628800
4252 0 -18432 3628800
4253 0 -9216 1814400
4254 0 0 3628800
4255 0 0 3628800
4256 0 0 3628800
4257 0 0 1814400
4258 0 -18432 3628800
4259 0 18432 3628800
4260 0 0 3628800
4261 0 -18432 3628800
4262 0 0 3628800
4263 0 0 3628800
4264 0 0 1814400
4265 0 -18432 3628800
4266 0 18432 3628800
4267 0 0 3628800
4268 0 0 3628800
4269 0 0 3628800
4270 0 -18432 3628800
4271 0 0 3628800
4272 0 0 3628800
4273 0 0 1814400
4274 0 0 3628800
4275 0 0 3628800
4276 0 0 3628800
4277 0 -4608 907200
4278 0 -18432 3628800
4279 0 0 3628800
4280 0 0 3628800
4281 0 -18432 3628800
4282 0 0 3628800
4283 0 -9216 1814400
4284 0 -18432 3628800
4285 0 0 3628800
4286 0 0 3628800
4287 0 0 3628800
4288 0 0 3628800
4289 0 0 3628800
4290 0 0 3628800
4291 0 0 3628800
4292 0 0 3628800
4293 0 -18432 3628800
4294 0 18432 3628800
4295 0 0 1814400
4296 0 0 3628800
4297 0 0 3628800
4298 0 18432 3628800
4299 0 0 3628800
4300 0 18432 3628800
4301 0 0 3628800
4302 0 -18432 3628800
4303 0 0 3628800
4304 0 0 3628800
4305 0 0 3628800
4306 0 0 3628800
4307 0 0 3628800
4308 0 0 3628800
4309 0 -18432 3628800
4310 0 0 3628800
4311 0 0 3628800
4312 0 0 3628800
4313 0 0 3628800
4314 0 0 3628800
4315 0 0 3628800
4316 0 0 3628800
4317 0 0 3628800
4318 0 0 3628800
4319 0 -18432 3628800
4320 0 -9216 1814400
4321 0 18432 3628800
4322 0 0 1814400
4323 0 -9216 1814400
4324 0 -18432 3628800
4325 0 18432 3628800
4326 0 -18432 3628800
4327 0 18432 3628800
4328 0 18432 3628800
4329 0 -18432 3628800
4330 0 -18432 3628800
4331 0 0 1814400
4332 0 0 3628800
4333 0 0 3628800
4334 0 -18432 3628800
4335 0 0 3628800
4336 0 0 3628800
4337 0 0 3628800
4338 0 0 3628800
4339 0 0 3628800
4340 0 0 3628800
4341 0 -18432 3628800
4342 0 0 3628800
4343 0 0 3628800
4344 0 0 3628800
4345 0 0 3628800
4346 0 0 3628800
4347 0 -18432 3628800
4348 0 18432 1814400
4349 0 0 3628800
4350 0 0 3628800
4351 0 0 3628800
4352 0 0 3628800
4353 0 0 1814400
4354 0 0 3628800
4355 0 0 3628800
4356 0 0 3628800
4357 0 0 3628800
4358 0 -18432 3628800
4359 0 0 1814400
4360 0 0 3628800
4361 0 0 3628800
4362 0 0 3628800
4363 0 -18432 3628800
4364 0 0 3628800
4365 0 -9216 1814400
4366 0 0 3628800
4367 0 0 3628800
4368 0 0 1814400
4369 0 0 3628800
4370 0 -18432 3628800
4371 0 0 3628800
4372 0 0 3628800
4373 0 -18432 3628800
4374 0 0 3628800
4375 0 0 3628800
4376 0 0 3628800
4377 0 0 3628800
4378 0 0 3628800
4379 0 0 3628800
4380 0 0 3628800
4381 0 -18432 3628800
4382 0 0 1814400
4383 0 -18432 3628800
4384 0 0 3628800
4385 0 0 3628800
4386 0 0 3628800
4387 0 -18432 3628800
4388 0 0 3628800
4389 0 0 3628800
4390 0 0 3628800
4391 0 0 3628800
4392 0 -18432 3628800
4393 0 9216 1814400
4394 0 0 3628800
4395 0 0 3628800
4396 0 0 3628800
4397 0 0 3628800
4398 0 -18432 3628800
4399 0 0 3628800
4400 0 0 3628800
4401 0 0 3628800
4402 0 0 3628800
4403 0 0 3628800
4404 0 0 3628800
4405 0 0 3628800
4406 0 0 3628800
4407 0 0 3628800
4408 0 0 1814400
4409 0 0 3628800
4410 0 0 3628800
4411 0 0 3628800
4412 0 18432 3628800
4413 0 -9216 1814400
4414 0 36864 3628800
4415 0 0 3628800
4416 0 0 3628800
4417 0 0 3628800
4418 0 0 3628800
4419 0 0 3628800
4420 0 0 3628800
4421 0 0 3628800
4422 0 0 1814400
4423 0 0 3628800
4424 0 0 3628800
4425 0 0 3628800
4426 0 -18432 3628800
4427 0 9216 1814400
4428 0 0 3628800
4429 0 -18432 3628800
4430 0 0 3628800
4431 0 0 3628800
4432 0 0 3628800
4433 0 0 3628800
4434 0 -9216 1814400
4435 0 0 3628800
4436 0 0 3628800
4437 0 -9216 1814400
4438 0 0 3628800
4439 0 0 3628800
4440 0 0 3628800
4441 0 0 3628800
4442 0 18432 3628800
4443 0 0 3628800
4444 0 0 3628800
4445 0 -18432 3628800
4446 0 18432 3628800
4447 0 18432 3628800
4448 0 0 3628800
4449 0 -18432 3628800
4450 0 36864 3628800
4451 0 0 3628800
4452 0 0 3628800
4453 0 -18432 3628800
4454 0 0 3628800
4455 0 0 3628800
4456 0 0 3628800
4457 0 0 3628800
4458 0 0 1814400
4459 0 0 3628800
4460 0 0 3628800
4461 0 -18432 3628800
4462 0 18432 3628800
4463 0 0 3628800
4464 0 0 3628800
4465 0 0 3628800
4466 0 18432 3628800
4467 0 0 3628800
4468 0 0 3628800
4469 0 -18432 3628800
4470 0 36864 3628800
4471 0 0 3628800
4472 0 0 3628800
4473 0 0 3628800
4474 0 18432 3628800
4475 0 0 3628800
4476 0 0 3628800
4477 0 9216 1814400
4478 0 0 3628800
4479 0 0 3628800
4480 0 0 3628800
4481 0 0 3628800
4482 0 18432 3628800
4483 0 9216 1814400
4484 0 0 3628800
4485 0 0 3628800
4486 0 0 3628800
4487 0 0 3628800
4488 0 0 3628800
4489 0 0 3628800
4490 0 18432 3628800
4491 0 0 3628800
4492 0 0 3628800
4493 0 0 3628800
4494 0 0 3628800
4495 0 0 3628800
4496 0 0 3628800
4497 0 -18432 3628800
4498 0 9216 1814400
4499 0 0 3628800
4500 0 0 3628800
4501 0 0 3628800
4502 0 0 3628800
4503 0 0 3628800
4504 0 0 3628800
4505 0 -18432 3628800
4506 0 0 3628800
4507 0 18432 3628800
4508 0 0 3628800
4509 0 0 3628800
4510 0 0 3628800
4511 0 0 3628800
4512 0 0 3628800
4513 0 -18432 3628800
4514 0 0 3628800
4515 0 0 3628800
4516 0 0 3628800
4517 0 36864 3628800
4518 0 -18432 3628800
4519 0 18432 3628800
4520 0 18432 3628800
4521 0 18432 3628800
4522 0 0 3628800
4523 0 0 3628800
4524 0 0 3628800
4525 0 0 3628800
4526 0 0 3628800
4527 0 0 1814400
4528 0 0 3628800
4529 0 0 3628800
4530 0 0 1814400
4531 0 0 3628800
4532 0 0 1814400
4533 0 0 3628800
4534 0 18432 3628800
4535 0 -18432 3628800
4536 0 0 1814400
4537 0 0 1814400
4538 0 0 3628800
4539 0 18432 3628800
4540 0 0 1814400
4541 0 0 3628800
4542 0 0 3628800
4543 0 0 1814400
4544 0 0 3628800
4545 0 0 3628800
4546 0 0 3628800
4547 0 0 1814400
4548 0 0 3628800
4549 0 0 3628800
4550 0 0 3628800
4551 0 0 1814400
4552 0 -9216 1814400
4553 0 0 3628800
4554 0 0 3628800
4555 0 0 3628800
4556 0 0 3628800
4557 0 0 3628800
4558 0 0 3628800
4559 0 0 3628800
4560 0 0 3628800
4561 0 0 3628800
4562 0 0 3628800
4563 0 0 3628800
4564 0 0 3628800
4565 0 0 3628800
4566 0 0 3628800
4567 0 0 3628800
4568 0 0 3628800
4569 0 0 3628800
4570 0 0 3628800
4571 0 0 3628800
4572 0 0 3628800
4573 0 0 3628800
4574 0 0 3628800
4575 0 0 3628800
4576 0 0 3628800
4577 0 0 3628800
4578 0 -18432 3628800
4579 0 -18432 3628800
4580 0 0 3628800
4581 0 0 3628800
4582 0 0 3628800
4583 0 9216 1814400
4584 0 0 3628800
4585 0 0 1814400
4586 0 0 3628800
4587 0 0 3628800
4588 0 0 3628800
4589 0 0 3628800
4590 0 0 3628800
4591 0 0 3628800
4592 0 0 3628800
4593 0 0 3628800
4594 0 18432 3628800
4595 0 0 3628800
4596 0 0 3628800
4597 0 0 3628800
4598 0 18432 3628800
4599 0 0 3628800
4600 0 0 3628800
4601 0 0 3628800
4602 0 0 3628800
4603 0 0 3628800
4604 0 -18432 3628800
4605 0 0 3628800
4606 0 -9216 1814400
4607 0 0 3628800
4608 0 -18432 3628800
4609 0 0 3628800
4610 0 0 3628800
4611 0 0 3628800
4612 0 0 3628800
4613 0 0 3628800
4614 0 0 3628800
4615 0 0 3628800
4616 0 0 3628800
4617 0 0 3628800
4618 0 0 3628800
4619 0 -18432 3628800
4620 0 18432 3628800
4621 0 0 3628800
4622 0 0 3628800
4623 0 0 3628800
4624 0 0 3628800
4625 0 0 3628800
4626 0 0 3628800
4627 0 0 3628800
4628 0 0 1814400
4629 0 0 3628800
4630 0 0 1814400
4631 0 0 3628800
4632 0 0 3628800
4633 0 0 3628800
4634 0 -18432 3628800
4635 0 0 3628800
4636 0 0 3628800
4637 0 0 3628800
4638 0 0 3628800
4639 0 0 3628800
4640 0 0 3628800
4641 0 0 3628800
4642 0 0 3628800
4643 0 -18432 3628800
4644 0 0 3628800
4645 0 -18432 3628800
4646 0 0 3628800
4647 0 0 3628800
4648 0 0 3628800
4649 0 0 3628800
4650 0 0 1814400
4651 0 0 3628800
4652 0 0 3628800
4653 0 0 3628800
4654 0 0 3628800
4655 0 0 3628800
4656 0 0 3628800
4657 0 0 1814400
4658 0 0 3628800
4659 0 0 3628800
4660 0 0 1814400
4661 0 0 3628800
4662 0 0 3628800
4663 0 0 3628800
4664 0 0 3628800
4665 0 -18432 3628800
4666 0 0 3628800
4667 0 0 3628800
4668 0 0 1814400
4669 0 0 3628800
4670 0 0 3628800
4671 0 0 3628800
4672 0 0 3628800
4673 0 0 1814400
4674 0 0 3628800
4675 0 18432 3628800
4676 0 0 3628800
4677 0 0 1814400
4678 0 0 3628800
4679 0 18432 3628800
4680 0 0 3628800
4681 0 0 3628800
4682 0 18432 3628800
4683 0 -36864 3628800
4684 0 18432 3628800
4685 0 9216 1814400
4686 0 0 3628800
4687 0 0 3628800
4688 0 0 3628800
4689 0 0 3628800
4690 0 0 3628800
4691 0 18432 3628800
4692 0 0 3628800
4693 0 0 3628800
4694 0 0 3628800
4695 0 0 3628800
4696 0 0 3628800
4697 0 0 1814400
4698 0 -18432 3628800
4699 0 0 3628800
4700 0 0 3628800
4701 0 0 1814400
4702 0 18432 3628800
4703 0 0 3628800
4704 0 0 3628800
4705 0 0 3628800
4706 0 0 3628800
4707 0 0 3628800
4708 0 0 1814400
4709 0 0 3628800
4710 0 18432 3628800
4711 0 0 3628800
4712 0 0 3628800
4713 0 0 3628800
4714 0 -18432 3628800
4715 0 0 3628800
4716 0 0 3628800
4717 0 0 3628800
4718 0 0 3628800
4719 0 0 3628800
4720 0 18432 3628800
4721 0 0 3628800
4722 0 0 3628800
4723 0 0 3628800
4724 0 -18432 3628800
4725 0 0 3628800
4726 0 -18432 3628800
4727 0 0 3628800
4728 0 0 3628800
4729 0 -18432 3628800
4730 0 0 3628800
4731 0 0 3628800
4732 0 0 3628800
4733 0 0 3628800
4734 0 0 3628800
4735 0 0 3628800
4736 0 0 3628800
4737 0 0 3628800
4738 0 0 3628800
4739 0 0 3628800
4740 0 0 3628800
4741 0 0 3628800
4742 0 0 3628800
4743 0 0 3628800
4744 0 0 3628800
4745 0 0 3628800
4746 0 0 3628800
4747 0 0 1814400
4748 0 0 3628800
4749 0 -9216 1814400
4750 0 0 3628800
4751 0 0 3628800
4752 0 0 3628800
4753 0 0 3628800
4754 0 0 3628800
4755 0 0 3628800
4756 0 0 3628800
4757 0 0 3628800
4758 0 0 3628800
4759 0 0 3628800
4760 0 0 3628800
4761 0 -9216 1814400
4762 0 18432 3628800
4763 0 0 3628800
4764 0 0 3628800
4765 0 0 3628800
4766 0 0 3628800
4767 0 0 3628800
4768 0 0 3628800
4769 0 0 3628800
4770 0 0 3628800
4771 0 0 3628800
4772 0 0 1814400
4773 0 0 3628800
4774 0 18432 3628800
4775 0 0 3628800
4776 0 0 3628800
4777 0 0 3628800
4778 0 -18432 3628800
4779 0 0 907200
4780 0 18432 3628800
4781 0 0 3628800
4782 0 18432 3628800
4783 0 0 1814400
4784 0 0 3628800
4785 0 9216 1814400
4786 0 0 1814400
4787 0 0 3628800
4788 0 0 3628800
4789 0 0 3628800
4790 0 18432 3628800
4791 0 0 1814400
4792 0 0 3628800
4793 0 0 3628800
4794 0 0 3628800
4795 0 0 3628800
4796 0 0 3628800
4797 0 -9216 1814400
4798 0 9216 1814400
4799 0 0 3628800
4800 0 18432 3628800
4801 0 -18432 3628800
4802 0 0 3628800
4803 0 36864 3628800
4804 0 0 3628800
4805 0 18432 1814400
4806 0 0 1814400
4807 0 18432 3628800
4808 0 0 3628800
4809 0 0 1814400
4810 0 0 1814400
4811 0 0 1814400
4812 0 0 1814400
4813 0 0 3628800
4814 0 0 3628800
4815 0 -9216 1814400
4816 0 0 3628800
4817 0 9216 1814400
4818 0 0 3628800
4819 0 0 3628800
4820 0 9216 1814400
4821 0 36864 3628800
4822 0 9216 1814400
4823 0 9216 1814400
4824 0 -18432 3628800
4825 0 0 1814400
4826 0 0 1814400
4827 0 0 3628800
4828 0 0 1814400
4829 0 0 3628800
4830 0 0 3628800
4831 0 0 3628800
4832 0 18432 3628800
4833 0 0 907200
4834 0 0 3628800
4835 0 0 3628800
4836 0 0 3628800
4837 0 0 907200
4838 0 18432 3628800
4839 0 9216 1814400
4840 0 0 3628800
4841 0 0 3628800
4842 0 0 1814400
4843 0 0 3628800
4844 0 -4608 907200
4845 0 -18432 3628800
4846 0 0 1814400
4847 0 0 3628800
4848 0 0 1814400
4849 0 0 3628800
4850 0 0 3628800
4851 0 0 3628800
4852 0 0 3628800
4853 0 -18432 3628800
4854 0 0 3628800
4855 0 0 3628800
4856 0 -18432 3628800
4857 0 0 3628800
4858 0 0 3628800
4859 0 0 3628800
4860 0 0 3628800
4861 0 0 3628800
4862 0 0 3628800
4863 0 18432 3628800
4864 0 -9216 1814400
4865 0 0 3628800
4866 0 18432 3628800
4867 0 0 3628800
4868 0 0 3628800
4869 0 0 3628800
4870 0 0 1814400
4871 0 0 1814400
4872 0 0 907200
4873 0 0 3628800
4874 0 0 1814400
4875 0 0 1814400
4876 0 0 3628800
4877 0 0 3628800
4878 0 0 1814400
4879 0 0 3628800
4880 0 0 1814400
4881 0 -9216 1814400
4882 0 0 1814400
4883 0 0 3628800
4884 0 0 3628800
4885 0 -9216 1814400
4886 0 0 3628800
4887 0 0 3628800
4888 0 9216 1814400
4889 0 0 3628800
4890 0 0 3628800
4891 0 4608 907200
4892 0 0 3628800
4893 0 0 3628800
4894 0 0 3628800
4895 0 0 3628800
4896 0 0 3628800
4897 0 0 3628800
4898 0 0 3628800
4899 0 0 3628800
4900 0 0 3628800
4901 0 0 3628800
4902 0 0 3628800
4903 0 0 3628800
4904 0 0 3628800
4905 0 -18432 3628800
4906 0 0 3628800
4907 0 0 3628800
4908 0 0 3628800
4909 0 0 3628800
4910 0 0 3628800
4911 0 0 3628800
4912 0 0 3628800
4913 0 0 3628800
4914 0 -9216 1814400
4915 0 0 3628800
4916 0 0 3628800
4917 0 0 1814400
4918 0 9216 1814400
4919 0 -18432 3628800
4920 0 0 3628800
4921 0 0 3628800
4922 0 0 3628800
4923 0 18432 3628800
4924 0 0 3628800
4925 0 0 3628800
4926 0 0 3628800
4927 0 0 3628800
4928 0 0 3628800
4929 0 0 3628800
4930 0 0 3628800
4931 0 0 1814400
4932 0 0 3628800
4933 0 0 3628800
4934 0 0 3628800
4935 0 0 3628800
4936 0 0 3628800
4937 0 18432 3628800
4938 0 0 3628800
4939 0 18432 3628800
4940 0 -9216 1814400
4941 0 0 3628800
4942 0 0 3628800
4943 0 4608 907200
4944 0 9216 1814400
4945 0 0 3628800
4946 0 4608 907200
4947 0 0 1814400
4948 0 0 1814400
4949 0 0 1814400
4950 0 0 1814400
4951 0 0 3628800
4952 0 0 3628800
4953 0 0 1814400
4954 0 0 3628800
4955 0 0 1814400
4956 0 0 1814400
4957 0 0 3628800
4958 0 0 3628800
4959 0 -9216 1814400
4960 0 0 3628800
4961 0 0 3628800
4962 0 0 3628800
4963 0 0 3628800
4964 0 9216 1814400
4965 0 0 907200
4966 0 0 3628800
4967 0 18432 3628800
4968 0 0 1814400
4969 0 0 3628800
4970 0 0 3628800
4971 0 0 3628800
4972 0 0 3628800
4973 0 0 3628800
4974 0 0 3628800
4975 0 0 3628800
4976 0 0 3628800
4977 0 18432 3628800
4978 0 0 3628800
4979 0 0 3628800
4980 0 0 3628800
4981 0 -9216 1814400
4982 0 18432 3628800
4983 0 0 3628800
4984 0 0 1814400
4985 0 0 3628800
4986 0 0 3628800
4987 0 0 3628800
4988 0 0 3628800
4989 0 0 1814400
4990 0 0 3628800
4991 0 0 3628800
4992 0 0 1814400
4993 0 0 3628800
4994 0 -9216 1814400
4995 0 0 3628800
4996 0 0 3628800
4997 0 0 3628800
4998 0 0 3628800
4999 0 0 3628800
5000 0 0 3628800
5001 0 0 3628800
5002 0 0 3628800
5003 0 -18432 3628800
5004 0 0 3628800
5005 0 0 3628800
5006 0 0 3628800
5007 0 0 3628800
5008 0 0 3628800
5009 0 0 3628800
5010 0 0 3628800
5011 0 0 3628800
5012 0 0 3628800
5013 0 -18432 3628800
5014 0 0 3628800
5015 0 0 3628800
5016 0 0 3628800
5017 0 0 3628800
5018 0 0 3628800
5019 0 0 3628800
5020 0 0 1814400
5021 0 0 3628800
5022 0 0 3628800
5023 0 0 3628800
5024 0 0 3628800
5025 0 0 3628800
5026 0 0 3628800
5027 0 0 3628800
5028 0 0 3628800
5029 0 0 3628800
5030 0 4608 907200
5031 0 0 3628800
5032 0 0 3628800
5033 0 0 3628800
5034 0 0 1814400
5035 0 0 3628800
5036 0 0 1814400
5037 0 9216 1814400
5038 0 0 3628800
5039 0 0 3628800
5040 0 18432 3628800
5041 0 0 3628800
5042 0 0 1814400
5043 0 0 1814400
5044 0 18432 3628800
5045 0 -9216 1814400
5046 0 18432 3628800
5047 0 0 1814400
5048 0 0 3628800
5049 0 18432 3628800
5050 0 0 907200
5051 0 0 3628800
5052 0 0 3628800
5053 0 18432 3628800
5054 0 0 3628800
5055 0 0 3628800
5056 0 0 3628800
5057 0 0 1814400
5058 0 0 3628800
5059 0 18432 3628800
5060 0 0 3628800
5061 0 0 3628800
5062 0 0 1814400
5063 0 0 3628800
5064 0 0 1814400
5065 0 0 3628800
5066 0 0 3628800
5067 0 -18432 3628800
5068 0 0 3628800
5069 0 0 1814400
5070 0 18432 3628800
5071 0 0 3628800
5072 0 0 3628800
5073 0 0 1814400
5074 0 0 3628800
5075 0 0 3628800
5076 0 0 3628800
5077 0 0 3628800
5078 0 -18432 3628800
5079 0 -9216 1814400
5080 0 0 3628800
5081 0 0 3628800
5082 0 0 1814400
5083 0 0 3628800
5084 0 0 1814400
5085 0 0 3628800
5086 0 0 3628800
5087 0 0 3628800
5088 0 0 1814400
5089 0 -18432 3628800
5090 0 -9216 1814400
5091 0 0 3628800
5092 0 0 3628800
5093 0 0 1814400
5094 0 0 1814400
5095 0 0 3628800
5096 0 0 3628800
5097 0 0 1814400
5098 0 0 1814400
5099 0 -18432 3628800
5100 0 0 3628800
5101 0 0 1814400
5102 0 0 1814400
5103 0 -9216 1814400
5104 0 0 1814400
5105 0 0 3628800
5106 0 0 3628800
5107 0 0 1814400
5108 0 0 3628800
5109 0 0 3628800
5110 0 -18432 3628800
5111 0 0 3628800
5112 0 0 1814400
5113 0 0 1814400
5114 0 0 3628800
5115 0 0 3628800
5116 0 4608 907200
5117 0 0 3628800
5118 0 0 3628800
5119 0 0 3628800
5120 0 0 3628800
5121 0 0 3628800
5122 0 0 453600
5123 0 0 3628800
5124 0 -9216 1814400
5125 0 0 3628800
5126 0 0 1814400
5127 0 -6912 453600
5128 0 0 1814400
5129 0 0 3628800
5130 0 -4608 907200
5131 0 -18432 3628800
5132 0 0 1814400
5133 0 -9216 907200
5134 0 0 3628800
5135 0 -9216 1814400
5136 0 -18432 3628800
5137 0 0 3628800
5138 0 0 3628800
5139 0 -9216 1814400
5140 0 0 3628800
5141 0 0 3628800
5142 0 0 3628800
5143 0 9216 907200
5144 0 0 1814400
5145 0 0 1814400
5146 0 0 3628800
5147 0 -4608 907200
5148 0 0 1814400
5149 0 0 3628800
5150 0 0 3628800
5151 0 0 1814400
5152 0 -6912 453600
5153 0 0 3628800
5154 0 9216 1814400
5155 0 0 3628800
5156 0 0 3628800
5157 0 0 3628800
5158 0 0 1814400
5159 0 0 3628800
5160 0 0 3628800
5161 0 0 3628800
5162 0 0 3628800
5163 0 0 3628800
5164 0 0 3628800
5165 0 0 3628800
5166 0 0 1814400
5167 0 0 3628800
5168 0 18432 1814400
5169 0 0 1814400
5170 0 0 3628800
5171 0 0 3628800
5172 0 9216 1814400
5173 0 -9216 1814400
5174 0 0 3628800
5175 0 9216 1814400
5176 0 0 3628800
5177 0 0 3628800
5178 0 0 3628800
5179 0 0 1814400
5180 0 0 3628800
5181 0 0 3628800
5182 0 0 3628800
5183 0 0 3628800
5184 0 9216 1814400
5185 0 0 3628800
5186 0 0 3628800
5187 0 0 3628800
5188 0 0 3628800
5189 0 0 3628800
5190 0 0 3628800
5191 0 0 3628800
5192 0 -9216 1814400
5193 0 0 3628800
5194 0 0 3628800
5195 0 0 3628800
5196 0 -9216 1814400
5197 0 0 3628800
5198 0 0 3628800
5199 0 18432 3628800
5200 0 0 3628800
5201 0 0 3628800
5202 0 0 3628800
5203 0 0 3628800
5204 0 0 3628800
5205 0 0 3628800
5206 0 0 3628800
5207 0 0 3628800
5208 0 0 3628800
5209 0 0 3628800
5210 0 0 3628800
5211 0 0 3628800
5212 0 0 3628800
5213 0 0 1814400
5214 0 0 3628800
5215 0 0 3628800
5216 0 0 3628800
5217 0 0 3628800
5218 0 0 3628800
5219 0 0 3628800
5220 0 0 3628800
5221 0 0 3628800
5222 0 0 3628800
5223 0 0 3628800
5224 0 0 3628800
5225 0 0 3628800
5226 0 0 1814400
5227 0 9216 907200
5228 0 0 3628800
5229 0 0 3628800
5230 0 0 1814400
5231 0 18432 1814400
5232 0 -9216 1814400
5233 0 0 3628800
5234 0 0 3628800
5235 0 0 1814400
5236 0 0 3628800
5237 0 0 3628800
5238 0 0 3628800
5239 0 0 3628800
5240 0 0 3628800
5241 0 0 3628800
5242 0 0 3628800
5243 0 0 3628800
5244 0 0 3628800
5245 0 0 3628800
5246 0 0 3628800
5247 0 0 3628800
5248 0 0 3628800
5249 0 0 3628800
5250 0 9216 1814400
5251 0 0 3628800
5252 0 0 3628800
5253 0 0 3628800
5254 0 0 3628800
5255 0 0 1814400
5256 0 0 3628800
5257 0 0 3628800
5258 0 0 3628800
5259 0 0 1814400
5260 0 0 3628800
5261 0 -18432 1814400
5262 0 18432 3628800
5263 0 0 3628800
5264 0 0 1814400
5265 0 0 1814400
5266 0 36864 3628800
5267 0 -18432 1814400
5268 0 -9216 1814400
5269 0 -18432 3628800
5270 0 9216 1814400
5271 0 0 1814400
5272 0 0 3628800
5273 0 0 3628800
5274 0 -9216 1814400
5275 0 0 3628800
5276 0 0 1814400
5277 0 0 3628800
5278 0 0 3628800
5279 0 0 3628800
5280 0 0 1814400
5281 0 9216 1814400
5282 0 0 3628800
5283 0 0 1814400
5284 0 0 1814400
5285 0 0 1814400
5286 0 0 3628800
5287 0 18432 3628800
5288 0 0 3628800
5289 0 0 1814400
5290 0 -18432 1814400
5291 0 -9216 1814400
5292 0 18432 3628800
5293 0 0 3628800
5294 0 0 3628800
5295 0 0 1814400
5296 0 0 3628800
5297 0 18432 3628800
5298 0 0 3628800
5299 0 18432 1814400
5300 0 0 3628800
5301 0 0 1814400
5302 0 0 3628800
5303 0 0 3628800
5304 0 0 1814400
5305 0 0 3628800
5306 0 -18432 3628800
5307 0 -18432 3628800
5308 0 0 1814400
5309 0 0 3628800
5310 0 0 3628800
5311 0 0 3628800
5312 0 0 3628800
5313 0 0 3628800
5314 0 0 1814400
5315 0 -18432 3628800
5316 0 -18432 1814400
5317 0 18432 3628800
5318 0 18432 3628800
5319 0 0 3628800
5320 0 -18432 1814400
5321 0 -18432 3628800
5322 0 0 3628800
5323 0 0 1814400
5324 0 0 3628800
5325 0 0 1814400
5326 0 0 3628800
5327 0 0 3628800
5328 0 0 3628800
5329 0 0 3628800
5330 0 0 1814400
5331 0 -18432 1814400
5332 0 4608 907200
5333 0 0 3628800
5334 0 0 3628800
5335 0 -9216 1814400
5336 0 0 3628800
5337 0 4608 907200
5338 0 -18432 3628800
5339 0 0 1814400
5340 0 0 3628800
5341 0 0 3628800
5342 0 -18432 3628800
5343 0 0 3628800
5344 0 0 3628800
5345 0 -18432 3628800
5346 0 18432 3628800
5347 0 0 3628800
5348 0 0 3628800
5349 0 0 3628800
5350 0 0 3628800
5351 0 0 3628800
5352 0 0 3628800
5353 0 0 3628800
5354 0 9216 1814400
5355 0 18432 3628800
5356 0 0 3628800
5357 0 0 3628800
5358 0 0 3628800
5359 0 0 3628800
5360 0 0 3628800
5361 0 0 3628800
5362 0 0 3628800
5363 0 0 3628800
5364 0 -18432 3628800
5365 0 0 3628800
5366 0 0 3628800
5367 0 0 3628800
5368 0 0 3628800
5369 0 18432 3628800
5370 0 0 3628800
5371 0 0 3628800
5372 0 0 3628800
5373 0 0 3628800
5374 0 0 3628800
5375 0 0 907200
5376 0 0 3628800
5377 0 0 3628800
5378 0 0 3628800
5379 0 0 3628800
5380 0 0 3628800
5381 0 0 907200
5382 0 0 3628800
5383 0 0 3628800
5384 0 0 3628800
5385 0 0 3628800
5386 0 0 3628800
5387 0 0 1814400
5388 0 9216 1814400
5389 0 0 1814400
5390 0 0 1814400
5391 0 0 3628800
5392 0 18432 3628800
5393 0 0 3628800
5394 0 0 3628800
5395 0 0 3628800
5396 0 0 3628800
5397 0 18432 3628800
5398 0 0 3628800
5399 0 -18432 3628800
5400 0 0 3628800
5401 0 0 3628800
5402 0 0 3628800
5403 0 0 3628800
5404 0 0 3628800
5405 0 0 3628800
5406 0 0 1814400
5407 0 0 3628800
5408 0 0 3628800
5409 0 -9216 1814400
5410 0 0 3628800
5411 0 0 3628800
5412 0 0 3628800
5413 0 -9216 1814400
5414 0 18432 3628800
5415 0 0 3628800
5416 0 0 3628800
5417 0 0 3628800
5418 0 0 1814400
5419 0 0 3628800
5420 0 0 3628800
5421 0 0 1814400
5422 0 0 3628800
5423 0 0 3628800
5424 0 0 3628800
5425 0 0 3628800
5426 0 0 3628800
5427 0 0 3628800
5428 0 0 3628800
5429 0 0 3628800
5430 0 0 3628800
5431 0 0 3628800
5432 0 0 3628800
5433 0 18432 3628800
5434 0 0 3628800
5435 0 18432 3628800
5436 0 0 1814400
5437 0 0 3628800
5438 0 0 3628800
5439 0 18432 3628800
5440 0 0 3628800
5441 0 0 1814400
5442 0 -18432 3628800
5443 0 0 3628800
5444 0 0 3628800
5445 0 0 3628800
5446 0 18432 3628800
5447 0 0 3628800
5448 0 0 3628800
5449 0 0 3628800
5450 0 0 3628800
5451 0 0 3628800
5452 0 18432 3628800
5453 0 0 3628800
5454 0 18432 1814400
5455 0 0 3628800
5456 0 0 3628800
5457 0 -9216 1814400
5458 0 0 3628800
5459 0 0 3628800
5460 0 18432 3628800
5461 0 0 3628800
5462 0 0 3628800
5463 0 0 3628800
5464 0 0 1814400
5465 0 0 3628800
5466 0 -18432 3628800
5467 0 0 3628800
5468 0 0 1814400
5469 0 18432 3628800
5470 0 0 3628800
5471 0 0 3628800
5472 0 9216 1814400
5473 0 -9216 1814400
5474 0 -18432 1814400
5475 0 0 3628800
5476 0 0 3628800
5477 0 0 1814400
5478 0 -18432 3628800
5479 0 0 3628800
5480 0 9216 1814400
5481 0 0 3628800
5482 0 -18432 3628800
5483 0 0 3628800
5484 0 18432 3628800
5485 0 0 3628800
5486 0 18432 3628800
5487 0 0 3628800
5488 0 18432 3628800
5489 0 0 3628800
5490 0 0 3628800
5491 0 18432 3628800
5492 0 -18432 1814400
5493 0 0 3628800
5494 0 -18432 3628800
5495 0 0 3628800
5496 0 0 3628800
5497 0 0 3628800
5498 0 0 3628800
5499 0 0 1814400
5500 0 0 3628800
5501 0 0 3628800
5502 0 0 1814400
5503 0 0 3628800
5504 0 -18432 3628800
5505 0 0 3628800
5506 0 0 3628800
5507 0 -9216 1814400
5508 0 -18432 3628800
5509 0 0 3628800
5510 0 0 3628800
5511 0 0 3628800
5512 0 -9216 1814400
5513 0 0 3628800
5514 0 18432 3628800
5515 0 0 3628800
5516 0 0 3628800
5517 0 0 3628800
5518 0 0 3628800
5519 0 0 3628800
5520 0 0 3628800
5521 0 0 3628800
5522 0 0 3628800
5523 0 0 3628800
5524 0 0 3628800
5525 0 -18432 3628800
5526 0 0 3628800
5527 0 -18432 3628800
5528 0 0 1814400
5529 0 0 3628800
5530 0 0 3628800
5531 0 0 3628800
5532 0 -18432 3628800
5533 0 0 3628800
5534 0 0 3628800
5535 0 0 3628800
5536 0 0 3628800
5537 0 0 3628800
5538 0 0 3628800
5539 0 0 3628800
5540 0 0 3628800
5541 0 0 3628800
5542 0 0 1814400
5543 0 0 1814400
5544 0 0 3628800
5545 0 0 3628800
5546 0 -18432 3628800
5547 0 4608 907200
5548 0 0 3628800
5549 0 -9216 1814400
5550 0 0 3628800
5551 0 0 3628800
5552 0 0 3628800
5553 0 0 3628800
5554 0 0 3628800
5555 0 0 1814400
5556 0 0 1814400
5557 0 0 3628800
5558 0 0 3628800
5559 0 0 3628800
5560 0 0 1814400
5561 0 0 3628800
5562 0 0 3628800
5563 0 0 3628800
5564 0 0 1814400
5565 0 0 3628800
5566 0 0 1814400
5567 0 -18432 3628800
5568 0 0 3628800
5569 0 18432 3628800
5570 0 0 3628800
5571 0 18432 3628800
5572 0 0 3628800
5573 0 0 3628800
5574 0 0 3628800
5575 0 0 3628800
5576 0 0 3628800
5577 0 0 3628800
5578 0 0 1814400
5579 0 0 3628800
5580 0 0 3628800
5581 0 0 3628800
5582 0 0 3628800
5583 0 0 3628800
5584 0 0 3628800
5585 0 0 3628800
5586 0 0 3628800
5587 0 0 1814400
5588 0 -6912 453600
5589 0 0 3628800
5590 0 0 3628800
5591 0 0 3628800
5592 0 0 3628800
5593 0 -4608 907200
5594 0 0 3628800
5595 0 0 3628800
5596 0 0 3628800
5597 0 0 3628800
5598 0 0 3628800
5599 0 0 3628800
5600 0 0 1814400
5601 0 0 3628800
5602 0 0 1814400
5603 0 0 1814400
5604 0 0 3628800
5605 0 0 3628800
5606 0 0 3628800
5607 0 0 3628800
5608 0 0 3628800
5609 0 0 3628800
5610 0 0 3628800
5611 0 0 3628800
5612 0 0 3628800
5613 0 0 3628800
5614 0 0 3628800
5615 0 -18432 3628800
5616 0 0 1814400
5617 0 9216 1814400
5618 0 0 3628800
5619 0 -18432 3628800
5620 0 0 3628800
5621 0 0 1814400
5622 0 0 1814400
5623 0 0 3628800
5624 0 0 3628800
5625 0 0 3628800
5626 0 0 3628800
5627 0 0 3628800
5628 0 0 3628800
5629 0 0 3628800
5630 0 0 1814400
5631 0 0 3628800
5632 0 0 3628800
5633 0 0 3628800
5634 0 0 3628800
5635 0 9216 1814400
5636 0 0 3628800
5637 0 0 3628800
5638 0 0 3628800
5639 0 0 3628800
5640 0 -18432 3628800
5641 0 -18432 3628800
5642 0 0 3628800
5643 0 0 3628800
5644 0 0 3628800
5645 0 0 3628800
5646 0 0 3628800
5647 0 -9216 1814400
5648 0 -4608 907200
5649 0 9216 1814400
5650 0 0 907200
5651 0 0 3628800
5652 0 0 3628800
5653 0 -9216 1814400
5654 0 0 1814400
5655 0 0 1814400
5656 0 -18432 3628800
5657 0 0 3628800
5658 0 0 3628800
5659 0 -18432 3628800
5660 0 0 3628800
5661 0 0 1814400
5662 0 0 3628800
5663 0 0 1814400
5664 0 0 3628800
5665 0 0 3628800
5666 0 0 1814400
5667 0 0 3628800
5668 0 0 1814400
5669 0 0 1814400
5670 0 0 3628800
5671 0 0 3628800
5672 0 0 1814400
5673 0 0 3628800
5674 0 0 3628800
5675 0 0 3628800
5676 0 0 3628800
5677 0 0 3628800
5678 0 0 3628800
5679 0 4608 907200
5680 0 0 3628800
5681 0 0 3628800
5682 0 0 3628800
5683 0 0 1814400
5684 0 0 907200
5685 0 0 3628800
5686 0 4608 907200
5687 0 0 3628800
5688 0 9216 1814400
5689 0 0 3628800
5690 0 0 1814400
5691 0 0 3628800
5692 0 0 907200
5693 0 0 1814400
5694 0 4608 907200
5695 0 0 3628800
5696 0 9216 1814400
5697 0 0 3628800
5698 0 0 1814400
5699 0 0 3628800
5700 0 0 3628800
5701 0 0 3628800
5702 0 0 3628800
5703 0 0 1814400
5704 0 0 3628800
5705 0 0 3628800
5706 0 18432 3628800
5707 0 0 3628800
5708 0 0 3628800
5709 0 0 3628800
5710 0 0 3628800
5711 0 0 3628800
5712 0 0 3628800
5713 0 0 3628800
5714 0 0 3628800
5715 0 0 3628800
5716 0 0 3628800
5717 0 0 1814400
5718 0 18432 3628800
5719 0 0 3628800
5720 0 0 3628800
5721 0 18432 3628800
5722 0 0 3628800
5723 0 0 3628800
5724 0 0 3628800
5725 0 0 3628800
5726 0 -18432 3628800
5727 0 -9216 1814400
5728 0 18432 3628800
5729 0 0 1814400
5730 0 0 3628800
5731 0 0 3628800
5732 0 0 3628800
5733 0 -18432 3628800
5734 0 0 3628800
5735 0 0 3628800
5736 0 0 1814400
5737 0 0 3628800
5738 0 0 1814400
5739 0 0 3628800
5740 0 0 1814400
5741 0 18432 3628800
5742 0 0 3628800
5743 0 18432 3628800
5744 0 18432 3628800
5745 0 0 3628800
5746 0 0 1814400
5747 0 18432 3628800
5748 0 0 3628800
5749 0 0 3628800
5750 0 0 1814400
5751 0 0 1814400
5752 0 0 1814400
5753 0 0 3628800
5754 0 0 1814400
5755 0 18432 3628800
5756 0 0 3628800
5757 0 0 1814400
5758 0 0 3628800
5759 0 0 3628800
5760 0 -18432 3628800
5761 0 0 3628800
5762 0 -18432 3628800
5763 0 0 3628800
5764 0 0 3628800
5765 0 -9216 1814400
5766 0 -9216 1814400
5767 0 0 3628800
5768 0 0 3628800
5769 0 0 1814400
5770 0 0 3628800
5771 0 0 3628800
5772 0 0 3628800
5773 0 0 3628800
5774 0 0 1814400
5775 0 0 3628800
5776 0 0 3628800
5777 0 -18432 3628800
5778 0 0 3628800
5779 0 0 3628800
5780 0 18432 3628800
5781 0 0 3628800
5782 0 0 3628800
5783 0 0 3628800
5784 0 18432 3628800
5785 0 0 3628800
5786 0 0 3628800
5787 0 -9216 1814400
5788 0 18432 3628800
5789 0 0 3628800
5790 0 0 3628800
5791 0 -9216 1814400
5792 0 0 1814400
5793 0 0 3628800
5794 0 0 3628800
5795 0 0 3628800
5796 0 0 3628800
5797 0 0 1814400
5798 0 0 3628800
5799 0 0 3628800
5800 0 0 3628800
5801 0 0 3628800
5802 0 -18432 3628800
5803 0 0 3628800
5804 0 0 3628800
5805 0 0 3628800
5806 0 0 3628800
5807 0 0 907200
5808 0 0 3628800
5809 0 0 1814400
5810 0 0 3628800
5811 0 0 1814400
5812 0 0 3628800
5813 0 -4608 907200
5814 0 0 1814400
5815 0 0 3628800
5816 0 0 3628800
5817 0 0 3628800
5818 0 0 1814400
5819 0 0 1814400
5820 0 0 1814400
5821 0 9216 1814400
5822 0 0 1814400
5823 0 0 1814400
5824 0 0 1814400
5825 0 0 3628800
5826 0 0 1814400
5827 0 0 3628800
5828 0 0 3628800
5829 0 0 3628800
5830 0 0 3628800
5831 0 0 1814400
5832 0 0 1814400
5833 0 0 3628800
5834 0 0 1814400
5835 0 0 3628800
5836 0 0 3628800
5837 0 0 3628800
5838 0 0 3628800
5839 0 0 3628800
5840 0 0 3628800
5841 0 0 3628800
5842 0 0 3628800
5843 0 18432 3628800
5844 0 0 3628800
5845 0 0 3628800
5846 0 0 3628800
5847 0 0 3628800
5848 0 0 3628800
5849 0 0 3628800
5850 0 0 3628800
5851 0 0 3628800
5852 0 0 3628800
5853 0 0 3628800
5854 0 0 3628800
5855 0 0 3628800
5856 0 0 3628800
5857 0 -18432 3628800
5858 0 0 3628800
5859 0 0 3628800
5860 0 0 3628800
5861 0 0 3628800
5862 0 0 3628800
5863 0 0 3628800
5864 0 0 3628800
5865 0 -9216 1814400
5866 0 0 3628800
5867 0 0 3628800
5868 0 0 3628800
5869 0 0 3628800
5870 0 0 3628800
5871 0 0 3628800
5872 0 18432 3628800
5873 0 18432 3628800
5874 0 0 3628800
5875 0 18432 3628800
5876 0 18432 3628800
5877 0 0 3628800
5878 0 0 3628800
5879 0 0 3628800
5880 0 0 3628800
5881 0 0 1814400
5882 0 18432 3628800
5883 0 0 3628800
5884 0 0 3628800
5885 0 18432 3628800
5886 0 18432 3628800
5887 0 18432 3628800
5888 0 0 3628800
5889 0 0 1814400
5890 0 0 3628800
5891 0 0 3628800
5892 0 0 3628800
5893 0 0 3628800
5894 0 -4608 907200
5895 0 0 1814400
5896 0 -4608 907200
5897 0 0 3628800
5898 0 -6912 453600
5899 0 0 3628800
5900 0 0 1814400
5901 0 0 3628800
5902 0 18432 1814400
5903 0 0 3628800
5904 0 18432 1814400
5905 0 0 3628800
5906 0 0 3628800
5907 0 0 3628800
5908 0 0 3628800
5909 0 0 3628800
5910 0 0 3628800
5911 0 0 3628800
5912 0 0 3628800
5913 0 0 3628800
5914 0 0 3628800
5915 0 0 3628800
5916 0 0 3628800
5917 0 0 3628800
5918 0 0 3628800
5919 0 18432 3628800
5920 0 0 3628800
5921 0 0 3628800
5922 0 0 3628800
5923 0 0 3628800
5924 0 18432 3628800
5925 0 -18432 3628800
5926 0 9216 1814400
5927 0 0 3628800
5928 0 0 3628800
5929 0 0 3628800
5930 0 0 3628800
5931 0 0 3628800
5932 0 0 3628800
5933 0 0 3628800
5934 0 0 3628800
5935 0 18432 3628800
5936 0 -18432 3628800
5937 0 0 3628800
5938 0 0 3628800
5939 0 0 3628800
5940 0 0 3628800
5941 0 -9216 1814400
5942 0 18432 3628800
5943 0 0 3628800
5944 0 0 1814400
5945 0 -18432 3628800
5946 0 0 3628800
5947 0 0 1814400
5948 0 0 3628800
5949 0 0 3628800
5950 0 0 3628800
5951 0 0 3628800
5952 0 18432 3628800
5953 0 18432 3628800
5954 0 0 3628800
5955 0 0 3628800
5956 0 -4608 907200
5957 0 18432 3628800
5958 0 0 3628800
5959 0 0 3628800
5960 0 -18432 3628800
5961 0 0 3628800
5962 0 0 1814400
5963 0 0 3628800
5964 0 0 3628800
5965 0 0 3628800
5966 0 0 3628800
5967 0 0 3628800
5968 0 0 3628800
5969 0 -18432 3628800
5970 0 0 3628800
5971 0 0 1814400
5972 0 0 3628800
5973 0 0 3628800
5974 0 9216 1814400
5975 0 0 3628800
5976 0 -18432 3628800
5977 0 -18432 3628800
5978 0 0 3628800
5979 0 -18432 3628800
5980 0 0 3628800
5981 0 0 3628800
5982 0 0 3628800
5983 0 0 1814400
5984 0 0 3628800
5985 0 18432 3628800
5986 0 0 3628800
5987 0 0 3628800
5988 0 0 3628800
5989 0 0 3628800
5990 0 0 3628800
5991 0 0 3628800
5992 0 0 3628800
5993 0 0 3628800
5994 0 0 3628800
5995 0 0 3628800
5996 0 0 3628800
5997 0 0 3628800
5998 0 0 3628800
5999 0 0 3628800
6000 0 0 3628800
6001 0 0 3628800
6002 0 0 3628800
6003 0 0 3628800
6004 0 0 3628800
6005 0 0 3628800
6006 0 0 3628800
6007 0 0 3628800
6008 0 0 3628800
6009 0 0 3628800
6010 0 0 3628800
6011 0 0 3628800
6012 0 0 3628800
6013 0 0 3628800
6014 0 0 3628800
6015 0 0 3628800
6016 0 0 1814400
6017 0 -18432 3628800
6018 0 0 3628800
6019 0 0 3628800
6020 0 0 3628800
6021 0 0 1814400
6022 0 0 3628800
6023 0 0 3628800
6024 0 0 3628800
6025 0 0 3628800
6026 0 0 3628800
6027 0 -18432 3628800
6028 0 0 3628800
6029 0 0 3628800
6030 0 0 1814400
6031 0 -18432 3628800
6032 0 0 3628800
6033 0 0 3628800
6034 0 0 3628800
6035 0 0 3628800
6036 0 0 1814400
6037 0 0 3628800
6038 0 0 3628800
6039 0 -18432 3628800
6040 0 0 3628800
6041 0 0 3628800
6042 0 0 3628800
6043 0 0 3628800
6044 0 0 3628800
6045 0 0 3628800
6046 0 0 3628800
6047 0 -9216 1814400
6048 0 0 3628800
6049 0 0 1814400
6050 0 0 3628800
6051 0 0 1814400
6052 0 0 3628800
6053 0 0 3628800
6054 0 -9216 1814400
6055 0 0 3628800
6056 0 9216 1814400
6057 0 0 3628800
6058 0 -4608 907200
6059 0 0 3628800
6060 0 0 3628800
6061 0 55296 3628800
6062 0 0 3628800
6063 0 -18432 3628800
6064 0 0 3628800
6065 0 -18432 3628800
6066 0 0 3628800
6067 0 0 3628800
6068 0 0 3628800
6069 0 0 3628800
6070 0 0 3628800
6071 0 0 3628800
6072 0 0 1814400
6073 0 0 3628800
6074 0 -18432 3628800
6075 0 0 3628800
6076 0 0 3628800
6077 0 0 3628800
6078 0 -18432 3628800
6079 0 -18432 3628800
6080 0 0 3628800
6081 0 0 3628800
6082 0 0 3628800
6083 0 0 3628800
6084 0 0 3628800
6085 0 0 3628800
6086 0 -18432 3628800
6087 0 0 3628800
6088 0 0 3628800
6089 0 0 3628800
6090 0 0 3628800
6091 0 0 3628800
6092 0 0 3628800
6093 0 0 3628800
6094 0 0 3628800
6095 0 0 3628800
6096 0 0 3628800
6097 0 0 3628800
6098 0 0 3628800
6099 0 0 3628800
6100 0 0 3628800
6101 0 0 3628800
6102 0 0 3628800
6103 0 0 3628800
6104 0 0 3628800
6105 0 0 3628800
6106 0 0 907200
6107 0 0 3628800
6108 0 0 3628800
6109 0 0 3628800
6110 0 0 1814400
6111 0 0 3628800
6112 0 0 3628800
6113 0 -9216 1814400
6114 0 0 3628800
6115 0 0 1814400
6116 0 0 1814400
6117 0 0 3628800
6118 0 0 1814400
6119 0 0 3628800
6120 0 0 3628800
6121 0 0 3628800
6122 0 0 3628800
6123 0 -18432 3628800
6124 0 0 3628800
6125 0 0 3628800
6126 0 0 3628800
6127 0 0 3628800
6128 0 9216 1814400
6129 0 0 3628800
6130 0 0 3628800
6131 0 0 3628800
6132 0 0 3628800
6133 0 0 3628800
6134 0 0 3628800
6135 0 0 3628800
6136 0 0 3628800
6137 0 0 3628800
6138 0 0 3628800
6139 0 0 3628800
6140 0 0 3628800
6141 0 0 3628800
6142 0 0 3628800
6143 0 0 3628800
6144 0 0 3628800
6145 0 0 1814400
6146 0 0 3628800
6147 0 0 3628800
6148 0 0 3628800
6149 0 0 3628800
6150 0 0 3628800
6151 0 0 1814400
6152 0 0 3628800
6153 0 0 3628800
6154 0 0 3628800
6155 0 -4608 907200
6156 0 0 3628800
6157 0 0 3628800
6158 0 0 3628800
6159 0 0 3628800
6160 0 0 3628800
6161 0 0 3628800
6162 0 0 3628800
6163 0 9216 1814400
6164 0 0 1814400
6165 0 0 3628800
6166 0 0 3628800
6167 0 0 3628800
6168 0 0 3628800
6169 0 0 3628800
6170 0 0 3628800
6171 0 0 3628800
6172 0 0 3628800
6173 0 0 3628800
6174 0 0 3628800
6175 0 0 3628800
6176 0 -9216 1814400
6177 0 0 3628800
6178 0 0 1814400
6179 0 0 1814400
6180 0 0 3628800
6181 0 0 3628800
6182 0 -9216 1814400
6183 0 0 3628800
6184 0 0 3628800
6185 0 -9216 1814400
6186 0 9216 1814400
6187 0 -18432 3628800
6188 0 0 3628800
6189 0 -18432 3628800
6190 0 0 3628800
6191 0 -9216 1814400
6192 0 0 3628800
6193 0 9216 1814400
6194 0 -18432 3628800
6195 0 0 3628800
6196 0 -18432 3628800
6197 0 -18432 1814400
6198 0 0 3628800
6199 0 0 3628800
6200 0 18432 3628800
6201 0 0 1814400
6202 0 0 3628800
6203 0 0 3628800
6204 0 18432 3628800
6205 0 0 3628800
6206 0 0 3628800
6207 0 0 3628800
6208 0 18432 3628800
6209 0 0 3628800
6210 0 0 3628800
6211 0 0 3628800
6212 0 0 3628800
6213 0 0 3628800
6214 0 0 3628800
6215 0 0 3628800
6216 0 0 3628800
6217 0 0 3628800
6218 0 0 3628800
6219 0 0 1814400
6220 0 0 3628800
6221 0 0 3628800
6222 0 0 3628800
6223 0 0 3628800
6224 0 0 3628800
6225 0 0 1814400
6226 0 0 3628800
6227 0 0 3628800
6228 0 0 3628800
6229 0 0 3628800
6230 0 0 3628800
6231 0 0 3628800
6232 0 0 1814400
6233 0 0 3628800
6234 0 0 3628800
6235 0 0 1814400
6236 0 0 3628800
6237 0 0 3628800
6238 0 4608 907200
6239 0 0 3628800
6240 0 0 3628800
6241 0 4608 907200
6242 0 -18432 3628800
6243 0 0 3628800
6244 0 0 1814400
6245 0 -9216 907200
6246 0 0 907200
6247 0 9216 1814400
6248 0 -9216 907200
6249 0 0 3628800
6250 0 0 3628800
6251 0 0 907200
6252 0 0 1814400
6253 0 18432 3628800
6254 0 4608 907200
6255 0 0 3628800
6256 0 -18432 3628800
6257 0 0 3628800
6258 0 0 3628800
6259 0 0 3628800
6260 0 -9216 907200
6261 0 0 3628800
6262 0 0 3628800
6263 0 0 907200
6264 0 0 3628800
6265 0 0 3628800
6266 0 0 3628800
6267 0 0 3628800
6268 0 0 3628800
6269 0 0 3628800
6270 0 0 3628800
6271 0 0 907200
6272 0 0 3628800
6273 0 0 3628800
6274 0 0 1814400
6275 0 0 3628800
6276 0 0 3628800
6277 0 0 3628800
6278 0 0 3628800
6279 0 0 3628800
6280 0 0 1814400
6281 0 0 3628800
6282 0 0 907200
6283 0 0 3628800
6284 0 0 3628800
6285 0 0 3628800
6286 0 0 3628800
6287 0 0 3628800
6288 0 0 3628800
6289 0 0 1814400
6290 0 0 1814400
6291 0 0 1814400
6292 0 0 1814400
6293 0 0 3628800
6294 0 0 1814400
6295 0 0 1814400
6296 0 -9216 1814400
6297 0 0 3628800
6298 0 0 907200
6299 0 0 3628800
6300 0 0 3628800
6301 0 18432 3628800
6302 0 0 1814400
6303 0 18432 3628800
6304 0 0 1814400
6305 0 0 3628800
6306 0 0 3628800
6307 0 0 1814400
6308 0 0 1814400
6309 0 0 3628800
6310 0 0 1814400
6311 0 0 1814400
6312 0 0 3628800
6313 0 0 3628800
6314 0 0 1814400
6315 0 -4608 907200
6316 0 0 1814400
6317 0 0 1814400
6318 0 0 3628800
6319 0 0 1814400
6320 0 0 3628800
6321 0 0 3628800
6322 0 0 1814400
6323 0 0 1814400
6324 0 0 1814400
6325 0 0 3628800
6326 0 0 3628800
6327 0 0 3628800
6328 0 0 3628800
6329 0 0 3628800
6330 0 0 3628800
6331 0 0 3628800
6332 0 0 3628800
6333 0 0 1814400
6334 0 0 3628800
6335 0 0 1814400
6336 0 18432 3628800
6337 0 0 3628800
6338 0 0 3628800
6339 0 0 3628800
6340 0 0 3628800
6341 0 0 3628800
6342 0 0 3628800
6343 0 0 3628800
6344 0 0 3628800
6345 0 0 3628800
6346 0 18432 3628800
6347 0 0 3628800
6348 0 0 3628800
6349 0 0 3628800
6350 0 -18432 3628800
6351 0 0 1814400
6352 0 0 3628800
6353 0 0 3628800
6354 0 0 3628800
6355 0 -9216 1814400
6356 0 0 3628800
6357 0 18432 3628800
6358 0 0 1814400
6359 0 -9216 907200
6360 0 0 3628800
6361 0 -18432 3628800
6362 0 0 3628800
6363 0 0 3628800
6364 0 9216 1814400
6365 0 0 1814400
6366 0 9216 1814400
6367 0 18432 3628800
6368 0 0 3628800
6369 0 0 3628800
6370 0 18432 3628800
6371 0 0 3628800
6372 0 0 3628800
6373 0 9216 1814400
6374 0 0 3628800
6375 0 9216 1814400
6376 0 0 3628800
6377 0 0 3628800
6378 0 0 3628800
6379 0 0 3628800
6380 0 -18432 3628800
6381 0 0 3628800
6382 0 0 3628800
6383 0 0 3628800
6384 0 0 3628800
6385 0 0 3628800
6386 0 0 3628800
6387 0 0 3628800
6388 0 0 3628800
6389 0 9216 1814400
6390 0 0 3628800
6391 0 -9216 1814400
6392 0 0 1814400
6393 0 0 3628800
6394 0 0 3628800
6395 0 0 3628800
6396 0 0 3628800
6397 0 0 1814400
6398 0 0 3628800
6399 0 0 1814400
6400 0 4608 907200
6401 0 0 1814400
6402 0 0 1814400
6403 0 0 3628800
6404 0 -18432 3628800
6405 0 18432 3628800
6406 0 9216 1814400
6407 0 -9216 1814400
6408 0 0 3628800
6409 0 0 3628800
6410 0 0 907200
6411 0 0 3628800
6412 0 0 3628800
6413 0 0 3628800
6414 0 18432 3628800
6415 0 0 3628800
6416 0 0 3628800
6417 0 18432 3628800
6418 0 0 3628800
6419 0 0 3628800
6420 0 0 3628800
6421 0 0 3628800
6422 0 0 3628800
6423 0 0 3628800
6424 0 0 3628800
6425 0 0 3628800
6426 0 0 3628800
6427 0 -18432 3628800
6428 0 0 3628800
6429 0 0 3628800
6430 0 0 3628800
6431 0 0 3628800
6432 0 0 3628800
6433 0 9216 1814400
6434 0 0 3628800
6435 0 0 3628800
6436 0 0 3628800
6437 0 0 3628800
6438 0 0 1814400
6439 0 0 3628800
6440 0 0 3628800
6441 0 0 3628800
6442 0 0 3628800
6443 0 0 1814400
6444 0 0 3628800
6445 0 0 3628800
6446 0 18432 3628800
6447 0 -18432 3628800
6448 0 0 3628800
6449 0 -18432 3628800
6450 0 0 3628800
6451 0 -18432 3628800
6452 0 0 3628800
6453 0 0 3628800
6454 0 0 1814400
6455 0 0 3628800
6456 0 0 3628800
6457 0 0 3628800
6458 0 0 3628800
6459 0 0 3628800
6460 0 0 1814400
6461 0 0 3628800
6462 0 0 3628800
6463 0 0 3628800
6464 0 0 3628800
6465 0 0 3628800
6466 0 0 3628800
6467 0 18432 3628800
6468 0 0 3628800
6469 0 18432 3628800
6470 0 0 3628800
6471 0 0 3628800
6472 0 -18432 3628800
6473 0 0 3628800
6474 0 0 3628800
6475 0 0 3628800
6476 0 0 3628800
6477 0 0 3628800
6478 0 0 3628800
6479 0 0 3628800
6480 0 0 3628800
6481 0 0 3628800
6482 0 0 3628800
6483 0 0 3628800
6484 0 0 3628800
6485 0 0 3628800
6486 0 0 3628800
6487 0 0 3628800
6488 0 0 3628800
6489 0 -9216 1814400
6490 0 0 3628800
6491 0 0 3628800
6492 0 0 3628800
6493 0 0 3628800
6494 0 0 3628800
6495 0 0 3628800
6496 0 0 3628800
6497 0 0 3628800
6498 0 0 3628800
6499 0 0 3628800
6500 0 -4608 907200
6501 0 0 3628800
6502 0 0 3628800
6503 0 0 3628800
6504 0 0 3628800
6505 0 0 3628800
6506 0 0 3628800
6507 0 0 3628800
6508 0 0 3628800
6509 0 0 3628800
6510 0 0 3628800
6511 0 0 3628800
6512 0 0 1814400
6513 0 0 3628800
6514 0 0 3628800
6515 0 18432 3628800
6516 0 0 1814400
6517 0 -18432 3628800
6518 0 0 3628800
6519 0 0 3628800
6520 0 0 1814400
6521 0 0 3628800
6522 0 0 3628800
6523 0 0 3628800
6524 0 0 1814400
6525 0 0 3628800
6526 0 0 3628800
6527 0 0 3628800
6528 0 0 3628800
6529 0 0 3628800
6530 0 0 3628800
6531 0 0 3628800
6532 0 0 1814400
6533 0 0 1814400
6534 0 0 3628800
6535 0 9216 1814400
6536 0 -18432 3628800
6537 0 0 3628800
6538 0 0 3628800
6539 0 0 3628800
6540 0 0 3628800
6541 0 0 3628800
6542 0 0 3628800
6543 0 0 3628800
6544 0 0 3628800
6545 0 -9216 1814400
6546 0 -18432 3628800
6547 0 0 3628800
6548 0 -18432 3628800
6549 0 18432 3628800
6550 0 18432 3628800
6551 0 0 3628800
6552 0 -9216 1814400
6553 0 0 3628800
6554 0 0 3628800
6555 0 0 1814400
6556 0 0 1814400
6557 0 18432 3628800
6558 0 0 1814400
6559 0 0 1814400
6560 0 0 3628800
6561 0 0 3628800
6562 0 0 1814400
6563 0 0 1814400
6564 0 0 3628800
6565 0 0 3628800
6566 0 0 1814400
6567 0 0 3628800
6568 0 0 3628800
6569 0 0 3628800
6570 0 0 3628800
6571 0 0 907200
6572 0 0 1814400
6573 0 0 1814400
6574 0 0 1814400
6575 0 0 1814400
6576 0 18432 1814400
6577 0 0 1814400
6578 0 9216 1814400
6579 0 0 3628800
6580 0 0 1814400
6581 0 0 1814400
6582 0 0 1814400
6583 0 0 1814400
6584 0 9216 1814400
6585 0 0 3628800
6586 0 0 3628800
6587 0 18432 1814400
6588 0 9216 1814400
6589 0 0 1814400
6590 0 0 1814400
6591 0 0 3628800
6592 0 0 3628800
6593 0 0 3628800
6594 0 0 1814400
6595 0 18432 3628800
6596 0 0 1814400
6597 0 0 3628800
6598 0 0 1814400
6599 0 0 3628800
6600 0 0 3628800
6601 0 0 1814400
6602 0 18432 3628800
6603 0 0 1814400
6604 0 0 3628800
6605 0 0 3628800
6606 0 0 3628800
6607 0 0 3628800
6608 0 0 1814400
6609 0 0 3628800
6610 0 0 3628800
6611 0 18432 3628800
6612 0 0 3628800
6613 0 0 3628800
6614 0 0 3628800
6615 0 0 3628800
6616 0 0 1814400
6617 0 0 1814400
6618 0 -9216 1814400
6619 0 0 3628800
6620 0 0 1814400
6621 0 0 3628800
6622 0 -9216 1814400
6623 0 0 3628800
6624 0 0 3628800
6625 0 0 3628800
6626 0 0 3628800
6627 0 0 3628800
6628 0 0 1814400
6629 0 -9216 1814400
6630 0 0 3628800
6631 0 0 3628800
6632 0 -9216 1814400
6633 0 0 1814400
6634 0 -9216 1814400
6635 0 -9216 1814400
6636 0 0 3628800
6637 0 0 1814400
6638 0 -9216 1814400
6639 0 0 3628800
6640 0 0 3628800
6641 0 -9216 1814400
6642 0 0 3628800
6643 0 0 3628800
6644 0 0 3628800
6645 0 0 1814400
6646 0 0 3628800
6647 0 0 1814400
6648 0 0 1814400
6649 0 0 3628800
6650 0 0 1814400
6651 0 0 1814400
6652 0 0 1814400
6653 0 -18432 1814400
6654 0 0 3628800
6655 0 0 3628800
6656 0 -9216 1814400
6657 0 0 1814400
6658 0 0 3628800
6659 0 0 1814400
6660 0 0 3628800
6661 0 0 1814400
6662 0 -18432 1814400
6663 0 0 1814400
6664 0 -9216 1814400
6665 0 0 1814400
6666 0 0 1814400
6667 0 0 1814400
6668 0 0 3628800
6669 0 18432 3628800
6670 0 0 3628800
6671 0 0 1814400
6672 0 0 3628800
6673 0 0 1814400
6674 0 0 1814400
6675 0 -18432 3628800
6676 0 0 1814400
6677 0 0 3628800
6678 0 0 3628800
6679 0 0 3628800
6680 0 0 1814400
6681 0 0 3628800
6682 0 0 3628800
6683 0 0 3628800
6684 0 0 3628800
6685 0 0 3628800
6686 0 0 3628800
6687 0 0 3628800
6688 0 -9216 1814400
6689 0 -18432 3628800
6690 0 0 3628800
6691 0 0 1814400
6692 0 0 1814400
6693 0 0 1814400
6694 0 0 3628800
6695 0 0 3628800
6696 0 9216 1814400
6697 0 0 3628800
6698 0 0 3628800
6699 0 0 3628800
6700 0 -9216 1814400
6701 0 0 3628800
6702 0 -18432 3628800
6703 0 0 3628800
6704 0 -9216 1814400
6705 0 0 907200
6706 0 0 1814400
6707 0 0 3628800
6708 0 0 3628800
6709 0 0 1814400
6710 0 0 3628800
6711 0 0 3628800
6712 0 0 3628800
6713 0 0 3628800
6714 0 -18432 3628800
6715 0 0 3628800
6716 0 0 3628800
6717 0 -18432 3628800
6718 0 0 3628800
6719 0 0 3628800
6720 0 0 3628800
6721 0 0 3628800
6722 0 -18432 3628800
6723 0 0 3628800
6724 0 0 3628800
6725 0 0 3628800
6726 0 9216 1814400
6727 0 0 3628800
6728 0 9216 1814400
6729 0 -18432 3628800
6730 0 0 3628800
6731 0 9216 1814400
6732 0 0 3628800
6733 0 0 3628800
6734 0 4608 907200
6735 0 0 3628800
6736 0 0 1814400
6737 0 9216 1814400
6738 0 0 3628800
6739 0 0 3628800
6740 0 4608 907200
6741 0 0 1814400
6742 0 0 3628800
6743 0 18432 3628800
6744 0 0 1814400
6745 0 18432 3628800
6746 0 0 3628800
6747 0 0 1814400
6748 0 0 3628800
6749 0 -18432 3628800
6750 0 0 3628800
6751 0 0 3628800
6752 0 0 1814400
6753 0 0 3628800
6754 0 9216 1814400
6755 0 0 3628800
6756 0 0 1814400
6757 0 0 3628800
6758 0 0 3628800
6759 0 18432 3628800
6760 0 0 3628800
6761 0 9216 1814400
6762 0 0 1814400
6763 0 0 3628800
6764 0 0 1814400
6765 0 0 1814400
6766 0 -18432 3628800
6767 0 0 1814400
6768 0 -18432 3628800
6769 0 0 1814400
6770 0 0 1814400
6771 0 -18432 3628800
6772 0 0 3628800
6773 0 0 1814400
6774 0 -9216 1814400
6775 0 0 1814400
6776 0 0 3628800
6777 0 0 1814400
6778 0 0 1814400
6779 0 -18432 3628800
6780 0 0 1814400
6781 0 0 1814400
6782 0 0 3628800
6783 0 0 3628800
6784 0 0 1814400
6785 0 -18432 3628800
6786 0 -18432 3628800
6787 0 9216 1814400
6788 0 -18432 3628800
6789 0 0 3628800
6790 0 0 1814400
6791 0 -18432 3628800
6792 0 -18432 3628800
6793 0 9216 1814400
6794 0 0 3628800
6795 0 0 1814400
6796 0 0 1814400
6797 0 0 3628800
6798 0 0 1814400
6799 0 0 1814400
6800 0 0 3628800
6801 0 0 3628800
6802 0 -18432 3628800
6803 0 0 3628800
6804 0 0 3628800
6805 0 0 3628800
6806 0 0 3628800
6807 0 0 3628800
6808 0 0 3628800
6809 0 -9216 1814400
6810 0 0 3628800
6811 0 0 1814400
6812 0 0 3628800
6813 0 0 1814400
6814 0 -9216 1814400
6815 0 0 1814400
6816 0 0 1814400
6817 0 0 1814400
6818 0 9216 1814400
6819 0 9216 1814400
6820 0 0 3628800
6821 0 0 3628800
6822 0 -18432 1814400
6823 0 0 3628800
6824 0 0 3628800
6825 0 0 3628800
6826 0 0 3628800
6827 0 0 3628800
6828 0 0 3628800
6829 0 0 3628800
6830 0 0 1814400
6831 0 0 3628800
6832 0 0 1814400
6833 0 55296 3628800
6834 0 0 3628800
6835 0 0 3628800
6836 0 36864 3628800
6837 0 18432 3628800
6838 0 0 1814400
6839 0 0 3628800
6840 0 0 3628800
6841 0 0 3628800
6842 0 0 1814400
6843 0 0 3628800
6844 0 0 3628800
6845 0 0 3628800
6846 0 0 3628800
6847 0 0 1814400
6848 0 0 3628800
6849 0 0 3628800
6850 0 0 3628800
6851 0 0 3628800
6852 0 0 3628800
6853 0 0 3628800
6854 0 0 3628800
6855 0 0 3628800
6856 0 9216 1814400
6857 0 0 3628800
6858 0 0 3628800
6859 0 0 3628800
6860 0 0 3628800
6861 0 -9216 1814400
6862 0 18432 3628800
6863 0 0 3628800
6864 0 4608 907200
6865 0 9216 1814400
6866 0 4608 907200
6867 0 0 3628800
6868 0 0 1814400
6869 0 0 3628800
6870 0 18432 3628800
6871 0 -9216 1814400
6872 0 0 1814400
6873 0 0 1814400
6874 0 0 1814400
6875 0 0 3628800
6876 0 0 3628800
6877 0 -18432 1814400
6878 0 0 3628800
6879 0 0 3628800
6880 0 0 3628800
6881 0 -18432 3628800
6882 0 0 3628800
6883 0 0 3628800
6884 0 -18432 3628800
6885 0 0 3628800
6886 0 0 3628800
6887 0 0 3628800
6888 0 0 3628800
6889 0 -4608 907200
6890 0 -4608 907200
6891 0 0 1814400
6892 0 0 3628800
6893 0 0 1814400
6894 0 -9216 1814400
6895 0 0 1814400
6896 0 0 3628800
6897 0 0 3628800
6898 0 0 1814400
6899 0 0 3628800
6900 0 -9216 1814400
6901 0 0 1814400
6902 0 0 1814400
6903 0 0 3628800
6904 0 0 1814400
6905 0 9216 1814400
6906 0 4608 907200
6907 0 0 3628800
6908 0 0 3628800
6909 0 18432 3628800
6910 0 0 3628800
6911 0 18432 3628800
6912 0 -36864 3628800
6913 0 0 3628800
6914 0 0 3628800
6915 0 0 3628800
6916 0 0 3628800
6917 0 -36864 3628800
6918 0 0 3628800
6919 0 0 3628800
6920 0 0 3628800
6921 0 -18432 3628800
6922 0 9216 1814400
6923 0 9216 1814400
6924 0 18432 3628800
6925 0 0 3628800
6926 0 0 3628800
6927 0 0 3628800
6928 0 0 3628800
6929 0 0 3628800
6930 0 18432 3628800
6931 0 0 3628800
6932 0 0 3628800
6933 0 0 3628800
6934 0 18432 3628800
6935 0 0 3628800
6936 0 0 3628800
6937 0 18432 3628800
6938 0 0 3628800
6939 0 0 1814400
6940 0 18432 3628800
6941 0 0 1814400
6942 0 0 3628800
6943 0 0 3628800
6944 0 0 1814400
6945 0 18432 3628800
6946 0 0 3628800
6947 0 0 3628800
6948 0 0 3628800
6949 0 0 3628800
6950 0 0 1814400
6951 0 0 3628800
6952 0 0 3628800
6953 0 0 3628800
6954 0 0 3628800
6955 0 18432 3628800
6956 0 0 3628800
6957 0 0 3628800
6958 0 0 3628800
6959 0 0 1814400
6960 0 0 3628800
6961 0 0 1814400
6962 0 0 3628800
6963 0 -9216 907200
6964 0 0 3628800
6965 0 0 1814400
6966 0 18432 3628800
6967 0 -4608 907200
6968 0 0 3628800
6969 0 0 3628800
6970 0 0 1814400
6971 0 -9216 1814400
6972 0 0 3628800
6973 0 0 3628800
6974 0 0 1814400
6975 0 0 3628800
6976 0 0 1814400
6977 0 18432 3628800
6978 0 0 3628800
6979 0 0 1814400
6980 0 0 3628800
6981 0 0 3628800
6982 0 0 3628800
6983 0 0 1814400
6984 0 0 3628800
6985 0 0 1814400
6986 0 0 3628800
6987 0 0 1814400
6988 0 0 3628800
6989 0 9216 1814400
6990 0 0 1814400
6991 0 0 3628800
6992 0 0 1814400
6993 0 0 1814400
6994 0 -18432 3628800
6995 0 0 3628800
6996 0 -9216 1814400
6997 0 0 1814400
6998 0 -9216 1814400
6999 0 0 1814400
7000 0 0 3628800
7001 0 0 3628800
7002 0 0 1814400
7003 0 0 3628800
7004 0 0 3628800
7005 0 0 1814400
7006 0 -18432 3628800
7007 0 0 3628800
7008 0 0 1814400
7009 0 -18432 3628800
7010 0 0 3628800
7011 0 0 3628800
7012 0 9216 1814400
7013 0 0 1814400
7014 0 -9216 1814400
7015 0 9216 1814400
7016 0 -9216 1814400
7017 0 0 1814400
7018 0 0 3628800
7019 0 0 3628800
7020 0 0 907200
7021 0 18432 3628800
7022 0 0 3628800
7023 0 0 3628800
7024 0 0 3628800
7025 0 0 3628800
7026 0 0 3628800
7027 0 0 3628800
7028 0 36864 3628800
7029 0 0 3628800
7030 0 18432 3628800
7031 0 0 3628800
7032 0 0 3628800
7033 0 0 3628800
7034 0 0 3628800
7035 0 0 3628800
7036 0 0 3628800
7037 0 0 3628800
7038 0 0 3628800
7039 0 9216 1814400
7040 0 0 3628800
7041 0 9216 1814400
7042 0 0 1814400
7043 0 0 3628800
7044 0 0 1814400
7045 0 9216 1814400
7046 0 0 1814400
7047 0 0 1814400
7048 0 0 1814400
7049 0 0 1814400
7050 0 0 3628800
7051 0 0 1814400
7052 0 0 1814400
7053 0 9216 1814400
7054 0 0 3628800
7055 0 0 1814400
7056 0 0 3628800
7057 0 0 1814400
7058 0 0 1814400
7059 0 0 1814400
7060 0 0 1814400
7061 0 0 3628800
7062 0 0 3628800
7063 0 -18432 3628800
7064 0 0 3628800
7065 0 0 3628800
7066 0 0 3628800
7067 0 -9216 1814400
7068 0 0 3628800
7069 0 0 1814400
7070 0 0 3628800
7071 0 0 1814400
7072 0 0 3628800
7073 0 -9216 1814400
7074 0 -18432 3628800
7075 0 0 1814400
7076 0 0 3628800
7077 0 0 907200
7078 0 0 3628800
7079 0 0 3628800
7080 0 0 1814400
7081 0 0 907200
7082 0 -18432 3628800
7083 0 4608 907200
7084 0 -9216 1814400
7085 0 0 1814400
7086 0 -18432 3628800
7087 0 0 3628800
7088 0 0 3628800
7089 0 0 3628800
7090 0 0 3628800
7091 0 0 3628800
7092 0 0 3628800
7093 0 0 1814400
7094 0 0 1814400
7095 0 0 1814400
7096 0 0 3628800
7097 0 0 3628800
7098 0 0 1814400
7099 0 0 3628800
7100 0 0 3628800
7101 0 0 3628800
7102 0 9216 1814400
7103 0 0 3628800
7104 0 9216 1814400
7105 0 0 1814400
7106 0 0 1814400
7107 0 0 3628800
7108 0 0 907200
7109 0 9216 1814400
7110 0 0 3628800
7111 0 0 1814400
7112 0 0 3628800
7113 0 0 1814400
7114 0 -4608 907200
7115 0 0 3628800
7116 0 0 3628800
7117 0 -9216 1814400
7118 0 0 3628800
7119 0 -9216 1814400
7120 0 9216 1814400
7121 0 -9216 907200
7122 0 -18432 3628800
7123 0 -4608 907200
7124 0 0 3628800
7125 0 -9216 1814400
7126 0 9216 1814400
7127 0 0 1814400
7128 0 0 1814400
7129 0 9216 1814400
7130 0 0 3628800
7131 0 0 907200
7132 0 9216 1814400
7133 0 0 3628800
7134 0 0 1814400
7135 0 9216 1814400
7136 0 9216 1814400
7137 0 0 907200
7138 0 0 1814400
7139 0 0 3628800
7140 0 0 3628800
7141 0 0 3628800
7142 0 0 3628800
7143 0 0 3628800
7144 0 0 3628800
7145 0 0 3628800
7146 0 18432 3628800
7147 0 9216 1814400
7148 0 0 3628800
7149 0 -9216 1814400
7150 0 0 3628800
7151 0 0 3628800
7152 0 0 3628800
7153 0 18432 3628800
7154 0 9216 1814400
7155 0 0 3628800
7156 0 -9216 1814400
7157 0 -9216 1814400
7158 0 0 3628800
7159 0 0 1814400
7160 0 0 3628800
7161 0 0 1814400
7162 0 0 1814400
7163 0 0 3628800
7164 0 0 3628800
7165 0 18432 3628800
7166 0 0 3628800
7167 0 0 3628800
7168 0 18432 3628800
7169 0 0 3628800
7170 0 0 3628800
7171 0 0 3628800
7172 0 0 3628800
7173 0 0 3628800
7174 0 18432 3628800
7175 0 0 3628800
7176 0 18432 3628800
7177 0 0 3628800
7178 0 0 3628800
7179 0 0 3628800
7180 0 0 1814400
7181 0 0 3628800
7182 0 0 3628800
7183 0 0 3628800
7184 0 0 3628800
7185 0 0 1814400
7186 0 0 3628800
7187 0 18432 3628800
7188 0 0 3628800
7189 0 0 3628800
7190 0 18432 3628800
7191 0 0 3628800
7192 0 0 3628800
7193 0 0 1814400
7194 0 0 3628800
7195 0 0 3628800
7196 0 0 3628800
7197 0 0 1814400
7198 0 9216 1814400
7199 0 0 3628800
7200 0 9216 1814400
7201 0 0 3628800
7202 0 0 1814400
7203 0 -18432 3628800
7204 0 0 3628800
7205 0 -18432 3628800
7206 0 0 3628800
7207 0 0 1814400
7208 0 18432 3628800
7209 0 0 3628800
7210 0 0 3628800
7211 0 0 3628800
7212 0 18432 3628800
7213 0 -18432 3628800
7214 0 -18432 3628800
7215 0 18432 3628800
7216 0 0 3628800
7217 0 0 3628800
7218 0 0 3628800
7219 0 0 3628800
7220 0 4608 907200
7221 0 0 3628800
7222 0 4608 907200
7223 0 -18432 3628800
7224 0 0 3628800
7225 0 9216 1814400
7226 0 -18432 3628800
7227 0 -18432 3628800
7228 0 0 1814400
7229 0 0 3628800
7230 0 0 3628800
7231 0 18432 3628800
7232 0 0 1814400
7233 0 0 3628800
7234 0 0 1814400
7235 0 0 1814400
7236 0 0 3628800
7237 0 -4608 907200
7238 0 0 3628800
7239 0 -18432 3628800
7240 0 -4608 907200
7241 0 0 1814400
7242 0 0 3628800
7243 0 0 3628800
7244 0 0 3628800
7245 0 0 1814400
7246 0 0 3628800
7247 0 0 3628800
7248 0 -9216 1814400
7249 0 0 3628800
7250 0 -18432 3628800
7251 0 0 1814400
7252 0 0 1814400
7253 0 0 3628800
7254 0 18432 3628800
7255 0 -18432 1814400
7256 0 0 3628800
7257 0 0 3628800
7258 0 0 1814400
7259 0 0 1814400
7260 0 0 3628800
7261 0 -4608 907200
7262 0 -18432 3628800
7263 0 -4608 907200
7264 0 0 1814400
7265 0 0 3628800
7266 0 0 3628800
7267 0 0 3628800
7268 0 0 3628800
7269 0 -9216 1814400
7270 0 0 3628800
7271 0 0 1814400
7272 0 0 1814400
7273 0 0 1814400
7274 0 -9216 1814400
7275 0 0 1814400
7276 0 0 1814400
7277 0 0 3628800
7278 0 0 3628800
7279 0 0 3628800
7280 0 0 1814400
7281 0 18432 3628800
7282 0 0 3628800
7283 0 0 3628800
7284 0 0 3628800
7285 0 0 3628800
7286 0 0 3628800
7287 0 0 3628800
7288 0 0 3628800
7289 0 0 3628800
7290 0 0 3628800
7291 0 0 1814400
7292 0 0 3628800
7293 0 0 3628800
7294 0 0 3628800
7295 0 -18432 3628800
7296 0 0 3628800
7297 0 0 3628800
7298 0 0 3628800
7299 0 -18432 3628800
7300 0 18432 3628800
7301 0 -18432 3628800
7302 0 0 3628800
7303 0 0 3628800
7304 0 18432 3628800
7305 0 0 1814400
7306 0 9216 1814400
7307 0 0 3628800
7308 0 0 3628800
7309 0 0 3628800
7310 0 0 3628800
7311 0 0 3628800
7312 0 0 3628800
7313 0 0 3628800
7314 0 0 1814400
7315 0 0 3628800
7316 0 -18432 3628800
7317 0 -9216 1814400
7318 0 -9216 907200
7319 0 0 907200
7320 0 -18432 3628800
7321 0 0 3628800
7322 0 -18432 3628800
7323 0 0 3628800
7324 0 4608 907200
7325 0 0 3628800
7326 0 18432 3628800
7327 0 0 907200
7328 0 0 3628800
7329 0 -9216 907200
7330 0 18432 3628800
7331 0 0 3628800
7332 0 -18432 3628800
7333 0 0 1814400
7334 0 18432 3628800
7335 0 0 3628800
7336 0 18432 3628800
7337 0 0 3628800
7338 0 0 3628800
7339 0 0 3628800
7340 0 -9216 1814400
7341 0 0 3628800
7342 0 0 3628800
7343 0 -18432 3628800
7344 0 0 3628800
7345 0 0 3628800
7346 0 0 1814400
7347 0 0 1814400
7348 0 0 3628800
7349 0 -18432 3628800
7350 0 0 3628800
7351 0 0 3628800
7352 0 0 3628800
7353 0 0 3628800
7354 0 0 3628800
7355 0 0 1814400
7356 0 0 3628800
7357 0 0 1814400
7358 0 0 3628800
7359 0 0 3628800
7360 0 18432 3628800
7361 0 0 3628800
7362 0 18432 3628800
7363 0 0 3628800
7364 0 0 3628800
7365 0 0 3628800
7366 0 0 3628800
7367 0 0 3628800
7368 0 0 3628800
7369 0 0 3628800
7370 0 0 3628800
7371 0 9216 1814400
7372 0 0 3628800
7373 0 9216 1814400
7374 0 18432 3628800
7375 0 0 1814400
7376 0 0 3628800
7377 0 0 3628800
7378 0 0 3628800
7379 0 9216 1814400
7380 0 0 3628800
7381 0 0 3628800
7382 0 0 3628800
7383 0 0 3628800
7384 0 0 3628800
7385 0 0 3628800
7386 0 0 3628800
7387 0 0 3628800
7388 0 0 3628800
7389 0 0 3628800
7390 0 0 3628800
7391 0 0 1814400
7392 0 0 3628800
7393 0 9216 1814400
7394 0 0 3628800
7395 0 0 1814400
7396 0 0 3628800
7397 0 0 1814400
7398 0 0 3628800
7399 0 0 3628800
7400 0 0 3628800
7401 0 -18432 3628800
7402 0 0 3628800
7403 0 0 3628800
7404 0 0 3628800
7405 0 0 3628800
7406 0 0 1814400
7407 0 0 3628800
7408 0 -18432 3628800
7409 0 0 3628800
7410 0 0 1814400
7411 0 0 3628800
7412 0 0 3628800
7413 0 0 3628800
7414 0 0 3628800
7415 0 0 3628800
7416 0 0 3628800
7417 0 -18432 3628800
7418 0 0 1814400
7419 0 0 3628800
7420 0 18432 3628800
7421 0 0 3628800
7422 0 -18432 3628800
7423 0 0 1814400
7424 0 0 3628800
7425 0 18432 3628800
7426 0 0 3628800
7427 0 0 3628800
7428 0 0 3628800
7429 0 18432 3628800
7430 0 0 3628800
7431 0 0 3628800
7432 0 0 3628800
7433 0 0 3628800
7434 0 0 3628800
7435 0 0 1814400
7436 0 -18432 3628800
7437 0 18432 3628800
7438 0 0 3628800
7439 0 0 3628800
7440 0 0 3628800
7441 0 0 3628800
7442 0 0 3628800
7443 0 18432 3628800
7444 0 0 3628800
7445 0 0 3628800
7446 0 0 3628800
7447 0 0 3628800
7448 0 0 3628800
7449 0 0 3628800
7450 0 0 3628800
7451 0 0 3628800
7452 0 0 3628800
7453 0 0 1814400
7454 0 9216 1814400
7455 0 0 3628800
7456 0 0 3628800
7457 0 0 3628800
7458 0 0 3628800
7459 0 0 3628800
7460 0 0 3628800
7461 0 4608 907200
7462 0 0 3628800
7463 0 -18432 3628800
7464 0 0 3628800
7465 0 -18432 3628800
7466 0 -18432 3628800
7467 0 55296 3628800
7468 0 4608 907200
7469 0 0 3628800
7470 0 0 3628800
7471 0 0 3628800
7472 0 0 3628800
7473 0 0 3628800
7474 0 0 1814400
7475 0 0 3628800
7476 0 0 3628800
7477 0 0 3628800
7478 0 0 3628800
7479 0 0 3628800
7480 0 0 1814400
7481 0 0 3628800
7482 0 0 3628800
7483 0 0 3628800
7484 0 0 3628800
7485 0 0 3628800
7486 0 0 907200
7487 0 18432 3628800
7488 0 0 3628800
7489 0 0 3628800
7490 0 0 3628800
7491 0 0 3628800
7492 0 18432 3628800
7493 0 0 3628800
7494 0 0 3628800
7495 0 0 3628800
7496 0 0 3628800
7497 0 0 3628800
7498 0 0 3628800
7499 0 0 3628800
7500 0 0 3628800
7501 0 0 3628800
7502 0 0 3628800
7503 0 0 3628800
7504 0 0 3628800
7505 0 0 3628800
7506 0 0 3628800
7507 0 0 3628800
7508 0 0 3628800
7509 0 0 3628800
7510 0 0 3628800
7511 0 0 3628800
7512 0 0 1814400
7513 0 0 3628800
7514 0 0 3628800
7515 0 0 3628800
7516 0 0 3628800
7517 0 0 1814400
7518 0 0 3628800
7519 0 0 3628800
7520 0 0 1814400
7521 0 0 3628800
7522 0 0 3628800
7523 0 0 3628800
7524 0 18432 3628800
7525 0 18432 3628800
7526 0 0 1814400
7527 0 0 3628800
7528 0 0 3628800
7529 0 0 3628800
7530 0 18432 3628800
7531 0 0 3628800
7532 0 0 1814400
7533 0 0 3628800
7534 0 0 3628800
7535 0 0 3628800
7536 0 0 3628800
7537 0 0 3628800
7538 0 0 3628800
7539 0 0 3628800
7540 0 0 3628800
7541 0 -18432 3628800
7542 0 -9216 1814400
7543 0 0 3628800
7544 0 -18432 3628800
7545 0 0 3628800
7546 0 0 3628800
7547 0 0 3628800
7548 0 18432 3628800
7549 0 -18432 3628800
7550 0 -18432 3628800
7551 0 18432 3628800
7552 0 0 3628800
7553 0 0 3628800
7554 0 -9216 1814400
7555 0 0 3628800
7556 0 0 3628800
7557 0 0 3628800
7558 0 0 3628800
7559 0 0 3628800
7560 0 0 3628800
7561 0 0 3628800
7562 0 0 1814400
7563 0 0 3628800
7564 0 0 3628800
7565 0 0 907200
7566 0 0 3628800
7567 0 18432 3628800
7568 0 0 907200
7569 0 0 3628800
7570 0 0 3628800
7571 0 0 1814400
7572 0 0 3628800
7573 0 0 1814400
7574 0 -18432 3628800
7575 0 0 3628800
7576 0 0 907200
7577 0 0 3628800
7578 0 0 3628800
7579 0 0 3628800
7580 0 0 3628800
7581 0 0 1814400
7582 0 18432 1814400
7583 0 0 3628800
7584 0 0 3628800
7585 0 0 1814400
7586 0 -18432 3628800
7587 0 0 3628800
7588 0 0 1814400
7589 0 -18432 3628800
7590 0 0 3628800
7591 0 0 3628800
7592 0 0 1814400
7593 0 0 3628800
7594 0 0 3628800
7595 0 0 3628800
7596 0 -18432 3628800
7597 0 -18432 3628800
7598 0 0 3628800
7599 0 0 3628800
7600 0 0 3628800
7601 0 0 3628800
7602 0 0 3628800
7603 0 0 3628800
7604 0 0 3628800
7605 0 0 3628800
7606 0 0 3628800
7607 0 0 3628800
7608 0 0 3628800
7609 0 9216 1814400
7610 0 0 3628800
7611 0 0 3628800
7612 0 0 3628800
7613 0 0 3628800
7614 0 0 3628800
7615 0 0 3628800
7616 0 0 3628800
7617 0 0 3628800
7618 0 0 3628800
7619 0 0 3628800
7620 0 0 3628800
7621 0 0 3628800
7622 0 0 3628800
7623 0 0 3628800
7624 0 0 3628800
7625 0 0 3628800
7626 0 0 3628800
7627 0 0 3628800
7628 0 0 3628800
7629 0 0 3628800
7630 0 0 3628800
7631 0 0 3628800
7632 0 0 3628800
7633 0 0 3628800
7634 0 18432 3628800
7635 0 18432 3628800
7636 0 0 3628800
7637 0 0 3628800
7638 0 0 3628800
7639 0 0 3628800
7640 0 0 3628800
7641 0 0 3628800
7642 0 0 3628800
7643 0 0 3628800
7644 0 0 3628800
7645 0 0 3628800
7646 0 0 3628800
7647 0 0 3628800
7648 0 0 3628800
7649 0 0 1814400
7650 0 0 1814400
7651 0 0 3628800
7652 0 0 1814400
7653 0 0 3628800
7654 0 0 3628800
7655 0 0 3628800
7656 0 0 3628800
7657 0 0 3628800
7658 0 0 3628800
7659 0 0 3628800
7660 0 0 3628800
7661 0 0 3628800
7662 0 0 3628800
7663 0 0 3628800
7664 0 0 1814400
7665 0 0 3628800
7666 0 18432 3628800
7667 0 0 3628800
7668 0 18432 3628800
7669 0 0 3628800
7670 0 9216 1814400
7671 0 0 3628800
7672 0 0 3628800
7673 0 0 3628800
7674 0 -18432 3628800
7675 0 0 3628800
7676 0 18432 3628800
7677 0 0 3628800
7678 0 0 3628800
7679 0 18432 3628800
7680 0 0 3628800
7681 0 0 3628800
7682 0 0 3628800
7683 0 18432 3628800
7684 0 -9216 1814400
7685 0 0 3628800
7686 0 0 3628800
7687 0 0 3628800
7688 0 0 3628800
7689 0 0 3628800
7690 0 0 3628800
7691 0 0 3628800
7692 0 0 3628800
7693 0 0 3628800
7694 0 0 3628800
7695 0 0 3628800
7696 0 0 3628800
7697 0 0 3628800
7698 0 0 3628800
7699 0 0 3628800
7700 0 -18432 3628800
7701 0 0 3628800
7702 0 0 3628800
7703 0 0 3628800
7704 0 0 3628800
7705 0 0 3628800
7706 0 36864 3628800
7707 0 0 3628800
7708 0 0 3628800
7709 0 0 1814400
7710 0 0 3628800
7711 0 0 1814400
7712 0 0 3628800
7713 0 0 1814400
7714 0 0 3628800
7715 0 0 3628800
7716 0 4608 907200
7717 0 0 3628800
7718 0 0 3628800
7719 0 0 3628800
7720 0 0 3628800
7721 0 0 3628800
7722 0 0 3628800
7723 0 0 3628800
7724 0 0 1814400
7725 0 0 3628800
7726 0 0 3628800
7727 0 -18432 3628800
7728 0 0 3628800
7729 0 0 1814400
7730 0 0 3628800
7731 0 0 3628800
7732 0 0 1814400
7733 0 0 3628800
7734 0 0 3628800
7735 0 0 3628800
7736 0 0 3628800
7737 0 0 3628800
7738 0 0 3628800
7739 0 0 3628800
7740 0 0 3628800
7741 0 0 3628800
7742 0 0 3628800
7743 0 0 3628800
7744 0 0 1814400
7745 0 0 3628800
7746 0 0 3628800
7747 0 0 3628800
7748 0 0 1814400
7749 0 0 3628800
7750 0 0 3628800
7751 0 0 3628800
7752 0 0 3628800
7753 0 0 3628800
7754 0 0 3628800
7755 0 0 3628800
7756 0 0 3628800
7757 0 0 3628800
7758 0 0 3628800
7759 0 0 3628800
7760 0 0 3628800
7761 0 18432 3628800
7762 0 18432 3628800
7763 0 0 3628800
7764 0 0 3628800
7765 0 -18432 3628800
7766 0 0 3628800
7767 0 0 3628800
7768 0 0 3628800
7769 0 18432 3628800
7770 0 18432 3628800
7771 0 0 3628800
7772 0 0 3628800
7773 0 -18432 3628800
7774 0 0 3628800
7775 0 0 3628800
7776 0 0 3628800
7777 0 0 3628800
7778 0 0 3628800
7779 0 0 3628800
7780 0 18432 3628800
7781 0 0 3628800
7782 0 0 1814400
7783 0 0 3628800
7784 0 -18432 3628800
7785 0 0 3628800
7786 0 0 3628800
7787 0 0 3628800
7788 0 0 3628800
7789 0 0 3628800
7790 0 0 1814400
7791 0 0 3628800
7792 0 0 3628800
7793 0 0 3628800
7794 0 0 3628800
7795 0 0 3628800
7796 0 0 3628800
7797 0 0 3628800
7798 0 0 3628800
7799 0 0 3628800
7800 0 0 3628800
7801 0 0 3628800
7802 0 0 3628800
7803 0 0 3628800
7804 0 0 3628800
7805 0 0 3628800
7806 0 0 3628800
7807 0 0 3628800
7808 0 0 3628800
7809 0 0 3628800
7810 0 0 3628800
7811 0 0 3628800
7812 0 0 3628800
7813 0 0 3628800
7814 0 0 3628800
7815 0 0 3628800
7816 0 0 3628800
7817 0 0 3628800
7818 0 0 3628800
7819 0 0 3628800
7820 0 -18432 3628800
7821 0 0 3628800
7822 0 0 3628800
7823 0 0 3628800
7824 0 0 3628800
7825 0 0 3628800
7826 0 0 3628800
7827 0 0 3628800
7828 0 0 3628800
7829 0 0 3628800
7830 0 0 3628800
7831 0 0 3628800
7832 0 0 3628800
7833 0 0 3628800
7834 0 0 3628800
7835 0 0 3628800
7836 0 0 3628800
7837 0 0 3628800
7838 0 18432 3628800
7839 0 0 3628800
7840 0 -18432 3628800
7841 0 0 1814400
7842 0 0 1814400
7843 0 18432 3628800
7844 0 0 3628800
7845 0 0 3628800
7846 0 0 3628800
7847 0 0 3628800
7848 0 -18432 3628800
7849 0 -18432 3628800
7850 0 0 3628800
7851 0 0 3628800
7852 0 0 3628800
7853 0 0 3628800
7854 0 0 3628800
7855 0 0 3628800
7856 0 0 3628800
7857 0 -9216 1814400
7858 0 0 1814400
7859 0 0 3628800
7860 0 0 3628800
7861 0 0 3628800
7862 0 0 3628800
7863 0 -9216 1814400
7864 0 0 3628800
7865 0 0 3628800
7866 0 -18432 3628800
7867 0 0 3628800
7868 0 0 3628800
7869 0 0 3628800
7870 0 0 3628800
7871 0 0 3628800
7872 0 0 3628800
7873 0 0 1814400
7874 0 18432 3628800
7875 0 0 3628800
7876 0 -18432 3628800
7877 0 0 3628800
7878 0 -4608 907200
7879 0 0 3628800
7880 0 18432 3628800
7881 0 0 3628800
7882 0 -18432 3628800
7883 0 18432 3628800
7884 0 18432 3628800
7885 0 0 3628800
7886 0 18432 3628800
7887 0 0 3628800
7888 0 0 3628800
7889 0 0 3628800
7890 0 0 3628800
7891 0 0 3628800
7892 0 0 3628800
7893 0 -9216 1814400
7894 0 0 3628800
7895 0 0 3628800
7896 0 0 3628800
7897 0 0 3628800
7898 0 0 3628800
7899 0 0 3628800
7900 0 -9216 1814400
7901 0 0 3628800
7902 0 0 3628800
7903 0 0 3628800
7904 0 0 3628800
7905 0 -18432 3628800
7906 0 0 3628800
7907 0 0 3628800
7908 0 0 3628800
7909 0 0 3628800
7910 0 0 3628800
7911 0 0 3628800
7912 0 0 3628800
7913 0 0 3628800
7914 0 0 3628800
7915 0 0 3628800
7916 0 0 3628800
7917 0 0 3628800
7918 0 0 1814400
7919 0 0 3628800
7920 0 0 3628800
7921 0 0 3628800
7922 0 0 3628800
7923 0 0 907200
7924 0 0 3628800
7925 0 18432 3628800
7926 0 0 3628800
7927 0 0 3628800
7928 0 0 3628800
7929 0 0 3628800
7930 0 0 907200
7931 0 0 3628800
7932 0 0 3628800
7933 0 0 3628800
7934 0 0 1814400
7935 0 0 907200
7936 0 0 3628800
7937 0 0 1814400
7938 0 0 3628800
7939 0 0 3628800
7940 0 0 3628800
7941 0 0 3628800
7942 0 -18432 1814400
7943 0 0 3628800
7944 0 0 3628800
7945 0 0 3628800
7946 0 0 3628800
7947 0 0 3628800
7948 0 0 3628800
7949 0 0 3628800
7950 0 0 3628800
7951 0 0 3628800
7952 0 0 1814400
7953 0 0 3628800
7954 0 0 3628800
7955 0 0 1814400
7956 0 0 3628800
7957 0 -36864 3628800
7958 0 -9216 907200
7959 0 0 3628800
7960 0 0 3628800
7961 0 0 1814400
7962 0 0 3628800
7963 0 0 1814400
7964 0 0 1814400
7965 0 0 3628800
7966 0 18432 1814400
7967 0 9216 1814400
7968 0 0 3628800
7969 0 -18432 3628800
7970 0 0 1814400
7971 0 0 1814400
7972 0 0 3628800
7973 0 0 3628800
7974 0 -9216 1814400
7975 0 0 1814400
7976 0 0 3628800
7977 0 0 3628800
7978 0 0 3628800
7979 0 0 3628800
7980 0 0 1814400
7981 0 0 3628800
7982 0 -9216 907200
7983 0 0 3628800
7984 0 0 3628800
7985 0 0 3628800
7986 0 0 3628800
7987 0 0 3628800
7988 0 18432 3628800
7989 0 0 3628800
7990 0 0 3628800
7991 0 0 3628800
7992 0 0 1814400
7993 0 18432 3628800
7994 0 18432 3628800
7995 0 9216 1814400
7996 0 0 3628800
7997 0 0 907200
7998 0 0 3628800
7999 0 0 3628800
8000 0 0 3628800
8001 0 4608 907200
8002 0 0 3628800
8003 0 0 3628800
8004 0 0 3628800
8005 0 0 1814400
8006 0 0 3628800
8007 0 9216 1814400
8008 0 0 3628800
8009 0 0 3628800
8010 0 0 1814400
8011 0 0 3628800
8012 0 0 3628800
8013 0 0 3628800
8014 0 0 3628800
8015 0 0 3628800
8016 0 0 1814400
8017 0 0 3628800
8018 0 0 3628800
8019 0 0 3628800
8020 0 0 3628800
8021 0 18432 3628800
8022 0 0 3628800
8023 0 0 3628800
8024 0 0 3628800
8025 0 0 3628800
8026 0 0 3628800
8027 0 0 3628800
8028 0 -18432 3628800
8029 0 0 3628800
8030 0 0 3628800
8031 0 0 3628800
8032 0 0 3628800
8033 0 0 3628800
8034 0 0 3628800
8035 0 -9216 1814400
8036 0 0 1814400
8037 0 -18432 3628800
8038 0 0 3628800
8039 0 0 3628800
8040 0 0 1814400
8041 0 0 3628800
8042 0 9216 1814400
8043 0 -18432 3628800
8044 0 0 3628800
8045 0 0 3628800
8046 0 0 3628800
8047 0 -18432 3628800
8048 0 0 3628800
8049 0 0 3628800
8050 0 0 3628800
8051 0 0 3628800
8052 0 18432 3628800
8053 0 0 1814400
8054 0 9216 1814400
8055 0 0 3628800
8056 0 -9216 1814400
8057 0 0 1814400
8058 0 0 1814400
8059 0 -9216 1814400
8060 0 0 3628800
8061 0 0 3628800
8062 0 0 3628800
8063 0 -9216 1814400
8064 0 9216 1814400
8065 0 0 3628800
8066 0 0 3628800
8067 0 0 3628800
8068 0 0 3628800
8069 0 0 3628800
8070 0 0 3628800
8071 0 18432 3628800
8072 0 0 3628800
8073 0 0 3628800
8074 0 0 3628800
8075 0 0 3628800
8076 0 0 3628800
8077 0 0 3628800
8078 0 0 3628800
8079 0 0 3628800
8080 0 0 3628800
8081 0 0 3628800
8082 0 0 3628800
8083 0 0 3628800
8084 0 0 3628800
8085 0 18432 3628800
8086 0 0 3628800
8087 0 0 1814400
8088 0 0 3628800
8089 0 0 3628800
8090 0 0 3628800
8091 0 0 3628800
8092 0 -4608 907200
8093 0 -18432 3628800
8094 0 0 3628800
8095 0 0 3628800
8096 0 4608 907200
8097 0 0 3628800
8098 0 18432 3628800
8099 0 0 3628800
8100 0 0 3628800
8101 0 0 3628800
8102 0 0 3628800
8103 0 18432 3628800
8104 0 0 3628800
8105 0 0 3628800
8106 0 0 3628800
8107 0 0 3628800
8108 0 9216 1814400
8109 0 0 3628800
8110 0 0 3628800
8111 0 0 3628800
8112 0 0 3628800
8113 0 0 3628800
8114 0 0 3628800
8115 0 0 3628800
8116 0 0 3628800
8117 0 0 3628800
8118 0 0 3628800
8119 0 0 3628800
8120 0 0 3628800
8121 0 0 3628800
8122 0 0 3628800
8123 0 0 3628800
8124 0 0 3628800
8125 0 0 3628800
8126 0 0 3628800
8127 0 0 3628800
8128 0 0 3628800
8129 0 0 3628800
8130 0 -36864 3628800
8131 0 0 3628800
8132 0 0 3628800
8133 0 -18432 3628800
8134 0 0 3628800
8135 0 0 3628800
8136 0 0 3628800
8137 0 18432 3628800
8138 0 0 3628800
8139 0 -18432 3628800
8140 0 0 3628800
8141 0 0 1814400
8142 0 0 1814400
8143 0 -18432 3628800
8144 0 -18432 1814400
8145 0 -18432 1814400
8146 0 0 3628800
8147 0 -18432 3628800
8148 0 0 3628800
8149 0 0 3628800
8150 0 -18432 3628800
8151 0 0 3628800
8152 0 0 3628800
8153 0 0 3628800
8154 0 0 3628800
8155 0 0 3628800
8156 0 18432 3628800
8157 0 0 3628800
8158 0 0 3628800
8159 0 0 3628800
8160 0 0 3628800
8161 0 0 3628800
8162 0 0 3628800
8163 0 0 3628800
8164 0 0 3628800
8165 0 0 3628800
8166 0 0 3628800
8167 0 0 3628800
8168 0 0 3628800
8169 0 0 3628800
8170 0 0 3628800
8171 0 0 3628800
8172 0 18432 3628800
8173 0 18432 3628800
8174 0 0 3628800
8175 0 0 3628800
8176 0 0 3628800
8177 0 0 3628800
8178 0 0 3628800
8179 0 0 3628800
8180 0 0 3628800
8181 0 0 3628800
8182 0 0 3628800
8183 0 18432 3628800
8184 0 0 3628800
8185 0 0 3628800
8186 0 18432 3628800
8187 0 0 3628800
8188 0 0 3628800
8189 0 0 3628800
8190 0 0 3628800
8191 0 0 3628800
8192 0 0 1814400
8193 0 0 3628800
8194 0 18432 3628800
8195 0 0 3628800
8196 0 18432 3628800
8197 0 0 3628800
8198 0 0 3628800
8199 0 0 3628800
8200 0 0 1814400
8201 0 0 3628800
8202 0 0 3628800
8203 0 -9216 1814400
8204 0 0 3628800
8205 0 0 3628800
8206 0 18432 3628800
8207 0 0 1814400
8208 0 0 3628800
8209 0 0 3628800
8210 0 18432 3628800
8211 1152 10368 3628800
8212 0 0 3628800
8213 0 0 3628800
8214 0 0 3628800
8215 0 0 3628800
8216 0 0 3628800
8217 0 0 3628800
8218 0 0 3628800
8219 0 0 1814400
8220 0 18432 3628800
8221 0 0 1814400
8222 0 0 3628800
8223 0 0 3628800
8224 0 0 3628800
8225 0 0 3628800
8226 0 0 3628800
8227 0 0 3628800
8228 0 0 3628800
8229 0 0 1814400
8230 0 0 907200
8231 0 0 3628800
8232 0 0 3628800
8233 0 0 3628800
8234 0 0 1814400
8235 0 0 1814400
8236 0 0 1814400
8237 0 0 3628800
8238 0 0 3628800
8239 0 0 3628800
8240 0 0 3628800
8241 0 0 3628800
8242 0 0 3628800
8243 0 18432 3628800
8244 0 0 3628800
8245 0 0 1814400
8246 0 0 3628800
8247 0 0 3628800
8248 0 0 3628800
8249 0 0 3628800
8250 0 -9216 1814400
8251 0 0 1814400
8252 0 0 3628800
8253 0 0 3628800
8254 0 0 1814400
8255 0 0 3628800
8256 0 0 3628800
8257 0 0 3628800
8258 0 0 3628800
8259 0 0 3628800
8260 0 -18432 3628800
8261 0 0 3628800
8262 0 0 1814400
8263 0 -18432 3628800
8264 0 0 3628800
8265 0 0 3628800
8266 0 0 3628800
8267 0 0 3628800
8268 0 -9216 1814400
8269 0 0 3628800
8270 0 -18432 3628800
8271 0 0 3628800
8272 0 18432 3628800
8273 0 0 3628800
8274 0 18432 3628800
8275 0 18432 3628800
8276 0 0 3628800
8277 0 0 3628800
8278 0 18432 3628800
8279 0 -18432 3628800
8280 0 0 3628800
8281 0 0 3628800
8282 0 0 3628800
8283 0 0 3628800
8284 0 0 3628800
8285 0 0 1814400
8286 0 0 3628800
8287 0 -18432 3628800
8288 0 -18432 3628800
8289 0 -18432 3628800
8290 0 0 3628800
8291 0 0 3628800
8292 0 -18432 3628800
8293 0 0 1814400
8294 0 0 3628800
8295 0 0 3628800
8296 0 0 3628800
8297 0 0 3628800
8298 0 18432 3628800
8299 0 0 3628800
8300 0 18432 3628800
8301 0 0 3628800
8302 0 0 3628800
8303 0 0 3628800
8304 0 18432 3628800
8305 0 0 3628800
8306 0 18432 3628800
8307 0 0 3628800
8308 0 18432 3628800
8309 0 0 3628800
8310 0 18432 3628800
8311 0 0 3628800
8312 0 0 3628800
8313 0 0 3628800
8314 0 0 3628800
8315 0 0 3628800
8316 0 0 3628800
8317 0 0 3628800
8318 0 -18432 3628800
8319 0 0 3628800
8320 0 0 3628800
8321 0 0 3628800
8322 0 0 3628800
8323 0 18432 3628800
8324 0 -9216 1814400
8325 0 0 3628800
8326 0 0 1814400
8327 0 0 3628800
8328 0 0 3628800
8329 0 -18432 3628800
8330 0 -18432 3628800
8331 0 0 3628800
8332 0 0 1814400
8333 0 0 3628800
8334 0 -9216 1814400
8335 0 0 3628800
8336 0 0 1814400
8337 0 0 1814400
8338 0 0 3628800
8339 0 0 3628800
8340 0 0 3628800
8341 0 0 3628800
8342 0 0 3628800
8343 0 0 3628800
8344 0 0 1814400
8345 0 0 1814400
8346 0 -18432 3628800
8347 0 -18432 3628800
8348 0 0 3628800
8349 0 0 3628800
8350 0 0 1814400
8351 0 0 3628800
8352 0 0 3628800
8353 0 0 3628800
8354 0 0 1814400
8355 0 0 1814400
8356 0 18432 3628800
8357 0 18432 3628800
8358 0 0 3628800
8359 0 0 3628800
8360 0 0 3628800
8361 0 0 3628800
8362 0 0 3628800
8363 0 0 3628800
8364 0 0 3628800
8365 0 0 3628800
8366 0 0 3628800
8367 0 0 3628800
8368 0 0 3628800
8369 0 0 3628800
8370 0 0 3628800
8371 0 0 3628800
8372 0 0 1814400
8373 0 18432 3628800
8374 0 0 3628800
8375 0 0 1814400
8376 0 -9216 1814400
8377 0 0 3628800
8378 0 0 3628800
8379 0 0 3628800
8380 0 18432 3628800
8381 0 0 3628800
8382 0 18432 3628800
8383 0 9216 1814400
8384 0 0 3628800
8385 0 0 3628800
8386 0 0 1814400
8387 0 0 3628800
8388 0 0 1814400
8389 0 0 3628800
8390 0 0 3628800
8391 0 -9216 1814400
8392 0 0 1814400
8393 0 18432 3628800
8394 0 0 3628800
8395 0 0 3628800
8396 0 0 3628800
8397 0 0 3628800
8398 0 0 3628800
8399 0 0 3628800
8400 0 0 3628800
8401 0 0 3628800
8402 0 0 3628800
8403 0 18432 3628800
8404 0 0 3628800
8405 0 0 3628800
8406 0 0 3628800
8407 0 18432 3628800
8408 0 -18432 3628800
8409 0 18432 3628800
8410 0 0 3628800
8411 0 -18432 3628800
8412 0 0 3628800
8413 0 0 3628800
8414 0 0 3628800
8415 0 18432 3628800
8416 0 0 3628800
8417 0 -18432 3628800
8418 0 0 3628800
8419 0 0 3628800
8420 0 18432 3628800
8421 0 18432 3628800
8422 0 0 3628800
8423 0 0 3628800
8424 0 0 3628800
8425 0 0 3628800
8426 0 0 3628800
8427 0 0 3628800
8428 0 -9216 1814400
8429 0 0 3628800
8430 0 0 3628800
8431 0 0 3628800
8432 0 18432 3628800
8433 0 0 3628800
8434 0 0 3628800
8435 0 0 3628800
8436 0 0 3628800
8437 0 0 3628800
8438 0 0 1814400
8439 0 0 3628800
8440 0 0 3628800
8441 0 0 3628800
8442 0 18432 3628800
8443 0 18432 1814400
8444 0 18432 3628800
8445 0 9216 1814400
8446 0 -18432 3628800
8447 0 0 3628800
8448 0 0 3628800
8449 0 0 3628800
8450 0 0 1814400
8451 0 0 3628800
8452 0 0 1814400
8453 0 0 3628800
8454 0 9216 1814400
8455 0 18432 3628800
8456 0 18432 3628800
8457 0 0 3628800
8458 0 18432 3628800
8459 0 0 3628800
8460 0 0 3628800
8461 0 0 3628800
8462 0 0 3628800
8463 0 0 3628800
8464 0 0 3628800
8465 0 0 1814400
8466 0 0 3628800
8467 0 0 3628800
8468 0 0 1814400
8469 0 0 3628800
8470 0 0 3628800
8471 0 0 3628800
8472 0 0 3628800
8473 0 0 3628800
8474 0 0 3628800
8475 0 0 3628800
8476 0 0 1814400
8477 0 0 1814400
8478 0 0 3628800
8479 0 0 3628800
8480 0 0 3628800
8481 0 -18432 3628800
8482 0 0 3628800
8483 0 0 3628800
8484 0 0 3628800
8485 0 0 3628800
8486 0 0 3628800
8487 0 0 3628800
8488 0 -9216 1814400
8489 0 0 3628800
8490 0 0 3628800
8491 0 0 3628800
8492 0 0 3628800
8493 0 -18432 3628800
8494 0 0 3628800
8495 0 0 3628800
8496 0 0 3628800
8497 0 0 3628800
8498 0 0 3628800
8499 0 0 1814400
8500 0 0 3628800
8501 0 0 3628800
8502 0 18432 3628800
8503 0 18432 3628800
8504 0 0 1814400
8505 0 0 3628800
8506 0 -18432 3628800
8507 0 0 3628800
8508 0 0 3628800
8509 0 0 3628800
8510 0 0 3628800
8511 0 0 1814400
8512 0 0 3628800
8513 0 0 1814400
8514 0 0 3628800
8515 0 0 3628800
8516 0 -18432 3628800
8517 0 18432 3628800
8518 0 0 3628800
8519 0 -9216 1814400
8520 0 -9216 1814400
8521 0 18432 1814400
8522 0 0 3628800
8523 0 0 3628800
8524 0 0 3628800
8525 0 18432 3628800
8526 0 0 3628800
8527 0 0 3628800
8528 0 0 3628800
8529 0 0 1814400
8530 0 0 1814400
8531 0 0 3628800
8532 0 0 1814400
8533 0 0 3628800
8534 0 0 3628800
8535 0 0 3628800
8536 0 0 3628800
8537 0 0 3628800
8538 0 -18432 3628800
8539 0 0 3628800
8540 0 0 3628800
8541 0 18432 3628800
8542 0 0 3628800
8543 0 0 3628800
8544 0 0 3628800
8545 0 0 3628800
8546 0 9216 1814400
8547 0 0 3628800
8548 0 0 1814400
8549 0 0 1814400
8550 0 9216 1814400
8551 0 18432 3628800
8552 0 -9216 1814400
8553 0 0 3628800
8554 0 -9216 1814400
8555 0 0 3628800
8556 0 0 1814400
8557 0 0 1814400
8558 0 0 3628800
8559 0 0 3628800
8560 0 0 3628800
8561 0 0 3628800
8562 0 0 1814400
8563 0 18432 3628800
8564 0 0 1814400
8565 0 0 3628800
8566 0 -18432 3628800
8567 0 0 3628800
8568 0 0 3628800
8569 0 0 3628800
8570 0 0 1814400
8571 0 0 3628800
8572 0 0 3628800
8573 0 18432 3628800
8574 0 0 3628800
8575 0 0 3628800
8576 0 -18432 3628800
8577 0 0 3628800
8578 0 0 1814400
8579 0 0 3628800
8580 0 9216 1814400
8581 0 0 3628800
8582 0 0 3628800
8583 0 0 3628800
8584 0 0 3628800
8585 0 0 3628800
8586 0 0 1814400
8587 0 0 3628800
8588 0 0 3628800
8589 0 0 3628800
8590 0 0 1814400
8591 0 0 1814400
8592 0 0 3628800
8593 0 0 3628800
8594 0 0 3628800
8595 0 0 3628800
8596 0 0 3628800
8597 0 0 1814400
8598 0 0 1814400
8599 0 0 1814400
8600 0 -18432 3628800
8601 0 0 3628800
8602 0 0 3628800
8603 0 0 3628800
8604 0 0 3628800
8605 0 0 3628800
8606 0 0 3628800
8607 0 -18432 3628800
8608 0 0 3628800
8609 0 0 3628800
8610 0 0 3628800
8611 0 0 1814400
8612 0 -18432 3628800
8613 0 0 3628800
8614 0 -9216 1814400
8615 0 0 3628800
8616 0 9216 1814400
8617 0 -9216 1814400
8618 0 0 3628800
8619 0 0 3628800
8620 0 0 1814400
8621 0 0 3628800
8622 0 0 1814400
8623 0 0 3628800
8624 0 0 3628800
8625 0 0 3628800
8626 0 -18432 3628800
8627 0 0 3628800
8628 0 -18432 3628800
8629 0 0 3628800
8630 0 0 3628800
8631 0 0 3628800
8632 0 0 3628800
8633 0 0 3628800
8634 0 0 3628800
8635 0 -18432 3628800
8636 0 0 3628800
8637 0 0 1814400
8638 0 0 1814400
8639 0 0 3628800
8640 0 0 3628800
8641 0 0 3628800
8642 0 0 3628800
8643 0 0 1814400
8644 0 0 3628800
8645 0 0 3628800
8646 0 0 3628800
8647 0 0 1814400
8648 0 0 3628800
8649 0 0 1814400
8650 0 0 1814400
8651 0 0 3628800
8652 0 0 3628800
8653 0 0 1814400
8654 0 0 3628800
8655 0 0 3628800
8656 0 -18432 1814400
8657 0 0 3628800
8658 0 9216 1814400
8659 0 0 3628800
8660 0 0 3628800
8661 0 0 3628800
8662 0 0 3628800
8663 0 0 1814400
8664 0 -18432 1814400
8665 0 0 3628800
8666 0 -9216 1814400
8667 0 0 1814400
8668 0 0 3628800
8669 0 0 3628800
8670 0 0 3628800
8671 0 -18432 3628800
8672 0 0 3628800
8673 0 0 3628800
8674 0 0 3628800
8675 0 -4608 907200
8676 0 0 3628800
8677 0 0 3628800
8678 0 0 3628800
8679 0 0 3628800
8680 0 0 1814400
8681 0 0 3628800
8682 0 0 3628800
8683 0 0 907200
8684 0 0 3628800
8685 0 0 1814400
8686 0 0 3628800
8687 0 0 3628800
8688 0 -18432 1814400
8689 0 0 3628800
8690 0 -6912 453600
8691 0 0 3628800
8692 0 0 3628800
8693 0 0 3628800
8694 0 0 1814400
8695 0 -6912 453600
8696 0 -18432 3628800
8697 0 0 3628800
8698 0 -18432 3628800
8699 0 -18432 3628800
8700 0 -9216 1814400
8701 0 0 3628800
8702 0 0 3628800
8703 0 0 3628800
8704 0 0 3628800
8705 0 0 1814400
8706 0 0 3628800
8707 0 -18432 3628800
8708 0 -18432 3628800
8709 0 -18432 3628800
8710 0 0 3628800
8711 0 0 3628800
8712 0 0 3628800
8713 0 0 1814400
8714 0 9216 1814400
8715 0 0 3628800
8716 0 9216 1814400
8717 0 0 3628800
8718 0 0 3628800
8719 0 0 3628800
8720 0 18432 3628800
8721 0 0 1814400
8722 0 0 3628800
8723 0 0 3628800
8724 0 0 1814400
8725 0 0 3628800
8726 0 4608 907200
8727 0 0 1814400
8728 0 0 3628800
8729 0 18432 3628800
8730 0 0 3628800
8731 0 18432 3628800
8732 0 4608 907200
8733 0 18432 3628800
8734 0 9216 1814400
8735 0 0 3628800
8736 0 36864 3628800
8737 0 0 1814400
8738 0 0 3628800
8739 0 0 3628800
8740 0 0 3628800
8741 0 0 3628800
8742 0 9216 1814400
8743 0 18432 3628800
8744 0 0 1814400
8745 0 0 3628800
8746 0 0 3628800
8747 0 0 3628800
8748 0 0 3628800
8749 0 0 3628800
8750 0 -9216 1814400
8751 0 0 3628800
8752 0 0 1814400
8753 0 0 3628800
8754 0 0 3628800
8755 0 0 3628800
8756 0 0 3628800
8757 0 -18432 3628800
8758 0 0 3628800
8759 0 0 3628800
8760 0 0 3628800
8761 0 0 1814400
8762 0 0 3628800
8763 0 0 3628800
8764 0 0 1814400
8765 0 0 3628800
8766 0 0 3628800
8767 0 0 3628800
8768 0 0 3628800
8769 0 0 1814400
8770 0 0 3628800
8771 0 0 1814400
8772 0 0 3628800
8773 0 -18432 3628800
8774 0 -4608 907200
8775 0 0 3628800
8776 0 0 3628800
8777 0 0 3628800
8778 0 -4608 907200
8779 0 0 3628800
8780 0 0 3628800
8781 0 0 3628800
8782 0 0 1814400
8783 0 -18432 3628800
8784 0 0 3628800
8785 0 0 3628800
8786 0 0 3628800
8787 0 0 3628800
8788 0 0 3628800
8789 0 0 3628800
8790 0 0 3628800
8791 0 0 3628800
8792 0 18432 3628800
8793 0 18432 3628800
8794 0 9216 1814400
8795 0 0 3628800
8796 0 0 3628800
8797 0 0 3628800
8798 0 0 3628800
8799 0 0 3628800
8800 0 0 3628800
8801 0 18432 3628800
8802 0 18432 3628800
8803 0 18432 3628800
8804 0 0 1814400
8805 0 0 3628800
8806 0 0 3628800
8807 0 0 1814400
8808 0 18432 3628800
8809 0 -18432 3628800
8810 0 0 3628800
8811 0 0 3628800
8812 0 0 3628800
8813 0 -18432 3628800
8814 0 18432 3628800
8815 0 18432 1814400
8816 0 0 3628800
8817 0 0 3628800
8818 0 0 3628800
8819 0 0 3628800
8820 0 0 3628800
8821 0 0 3628800
8822 0 0 3628800
8823 0 18432 1814400
8824 0 0 3628800
8825 0 -18432 3628800
8826 0 0 3628800
8827 0 0 3628800
8828 0 0 3628800
8829 0 0 3628800
8830 0 0 1814400
8831 0 0 3628800
8832 0 0 3628800
8833 0 0 3628800
8834 0 0 3628800
8835 0 0 3628800
8836 0 0 3628800
8837 0 0 3628800
8838 0 0 1814400
8839 0 0 3628800
8840 0 0 1814400
8841 0 0 907200
8842 0 0 1814400
8843 0 18432 3628800
8844 0 0 3628800
8845 0 0 3628800
8846 0 0 1814400
8847 0 0 1814400
8848 0 4608 907200
8849 0 0 3628800
8850 0 0 907200
8851 0 0 1814400
8852 0 0 3628800
8853 0 0 3628800
8854 0 0 1814400
8855 0 0 3628800
8856 0 0 1814400
8857 0 0 1814400
8858 0 0 3628800
8859 0 0 3628800
8860 0 0 3628800
8861 0 0 1814400
8862 0 0 3628800
8863 0 -9216 1814400
8864 0 0 3628800
8865 0 0 1814400
8866 0 0 3628800
8867 0 0 3628800
8868 0 0 1814400
8869 0 0 3628800
8870 0 0 3628800
8871 0 0 3628800
8872 0 0 3628800
8873 0 0 3628800
8874 0 0 3628800
8875 0 0 3628800
8876 0 0 3628800
8877 0 0 3628800
8878 0 0 3628800
8879 0 0 3628800
8880 0 0 3628800
8881 0 0 3628800
8882 0 0 1814400
8883 0 0 3628800
8884 0 0 1814400
8885 0 0 1814400
8886 0 0 3628800
8887 0 0 3628800
8888 0 0 3628800
8889 0 0 3628800
8890 0 9216 1814400
8891 0 0 3628800
8892 0 0 3628800
8893 0 0 3628800
8894 0 18432 1814400
8895 0 0 3628800
8896 0 -18432 3628800
8897 0 0 1814400
8898 0 0 3628800
8899 0 0 1814400
8900 0 -18432 3628800
8901 0 0 1814400
8902 0 0 1814400
8903 0 0 1814400
8904 0 -9216 1814400
8905 0 0 3628800
8906 0 0 3628800
8907 0 0 1814400
8908 0 0 1814400
8909 0 0 3628800
8910 0 0 1814400
8911 0 0 3628800
8912 0 18432 3628800
8913 0 0 3628800
8914 0 0 3628800
8915 0 0 3628800
8916 0 18432 3628800
8917 0 0 3628800
8918 0 0 3628800
8919 0 0 3628800
8920 0 0 1814400
8921 0 0 3628800
8922 0 0 1814400
8923 0 0 1814400
8924 0 0 3628800
8925 0 9216 1814400
8926 0 0 3628800
8927 0 0 3628800
8928 0 0 3628800
8929 0 -18432 3628800
8930 0 -4608 907200
8931 0 0 907200
8932 0 -18432 3628800
8933 0 0 907200
8934 0 0 3628800
8935 0 0 3628800
8936 0 9216 1814400
8937 0 0 907200
8938 0 0 3628800
8939 0 0 3628800
8940 0 0 3628800
8941 0 0 3628800
8942 0 9216 1814400
8943 0 0 3628800
8944 0 0 3628800
8945 0 0 3628800
8946 0 0 3628800
8947 0 0 3628800
8948 0 0 907200
8949 0 -4608 907200
8950 0 0 1814400
8951 0 0 3628800
8952 0 0 3628800
8953 0 0 907200
8954 0 0 1814400
8955 0 0 907200
8956 0 4608 907200
8957 0 0 1814400
8958 0 -4608 907200
8959 0 0 3628800
8960 0 0 3628800
8961 0 0 907200
8962 0 4608 907200
8963 0 0 1814400
8964 0 0 3628800
8965 0 4608 907200
8966 0 0 1814400
8967 0 0 3628800
8968 0 0 3628800
8969 0 0 1814400
8970 0 0 1814400
8971 0 0 1814400
8972 0 0 3628800
8973 0 0 907200
8974 0 0 1814400
8975 0 0 3628800
8976 0 0 3628800
8977 0 18432 3628800
8978 0 0 1814400
8979 0 0 1814400
8980 0 0 3628800
8981 0 0 1814400
8982 0 0 3628800
8983 0 0 3628800
8984 0 0 3628800
8985 0 0 3628800
8986 0 0 1814400
8987 0 0 3628800
8988 0 -18432 3628800
8989 0 0 3628800
8990 0 0 3628800
8991 0 0 3628800
8992 0 -18432 3628800
8993 0 0 3628800
8994 0 0 1814400
8995 0 0 1814400
8996 0 0 3628800
8997 0 0 3628800
8998 0 0 3628800
8999 0 0 3628800
9000 0 0 3628800
9001 0 0 3628800
9002 0 0 3628800
9003 0 0 3628800
9004 0 0 3628800
9005 0 0 3628800
9006 0 0 3628800
9007 0 0 3628800
9008 0 0 3628800
9009 0 0 1814400
9010 0 0 3628800
9011 0 0 1814400
9012 0 0 3628800
9013 0 0 3628800
9014 0 -18432 3628800
9015 0 0 3628800
9016 0 -18432 3628800
9017 0 0 3628800
9018 0 18432 3628800
9019 0 -18432 3628800
9020 0 0 1814400
9021 0 0 3628800
9022 0 -9216 1814400
9023 0 0 3628800
9024 0 0 3628800
9025 0 18432 3628800
9026 0 0 1814400
9027 0 0 3628800
9028 0 0 3628800
9029 0 0 3628800
9030 0 -18432 3628800
9031 0 0 3628800
9032 0 0 3628800
9033 0 0 3628800
9034 0 0 1814400
9035 0 0 1814400
9036 0 0 3628800
9037 0 0 3628800
9038 0 0 3628800
9039 0 0 3628800
9040 0 9216 1814400
9041 0 0 1814400
9042 0 0 3628800
9043 0 9216 1814400
9044 0 0 1814400
9045 0 0 1814400
9046 0 0 1814400
9047 0 0 3628800
9048 0 0 1814400
9049 0 0 3628800
9050 0 0 3628800
9051 0 0 3628800
9052 0 -9216 1814400
9053 0 0 1814400
9054 0 18432 3628800
9055 0 0 3628800
9056 0 0 3628800
9057 0 18432 3628800
9058 0 4608 907200
9059 0 0 3628800
9060 0 0 1814400
9061 0 0 3628800
9062 0 0 1814400
9063 0 0 1814400
9064 0 0 3628800
9065 0 0 3628800
9066 0 0 3628800
9067 0 0 1814400
9068 0 18432 3628800
9069 0 18432 3628800
9070 0 -9216 1814400
9071 0 -9216 1814400
9072 0 18432 3628800
9073 0 0 3628800
9074 0 9216 1814400
9075 0 0 3628800
9076 0 18432 3628800
9077 0 9216 1814400
9078 0 0 3628800
9079 0 0 3628800
9080 0 0 3628800
9081 0 0 3628800
9082 0 0 3628800
9083 0 0 3628800
9084 0 0 3628800
9085 0 0 3628800
9086 0 0 3628800
9087 0 0 3628800
9088 0 0 3628800
9089 0 0 3628800
9090 0 -18432 3628800
9091 0 0 3628800
9092 0 0 3628800
9093 0 0 3628800
9094 0 0 3628800
9095 0 18432 3628800
9096 0 0 3628800
9097 0 0 1814400
9098 0 -18432 3628800
9099 0 0 3628800
9100 0 0 3628800
9101 0 0 3628800
9102 0 0 3628800
9103 0 0 3628800
9104 0 0 3628800
9105 0 0 3628800
9106 0 0 1814400
9107 0 0 1814400
9108 0 0 907200
9109 0 0 3628800
9110 0 0 907200
9111 0 0 907200
9112 0 0 3628800
9113 0 0 907200
9114 0 0 3628800
9115 0 0 3628800
9116 0 0 3628800
9117 0 9216 1814400
9118 0 0 1814400
9119 0 0 1814400
9120 0 0 3628800
9121 0 0 3628800
9122 0 0 3628800
9123 0 0 3628800
9124 0 0 3628800
9125 0 -18432 3628800
9126 0 9216 1814400
9127 0 0 3628800
9128 0 18432 3628800
9129 0 -9216 1814400
9130 0 0 3628800
9131 0 0 3628800
9132 0 0 1814400
9133 0 0 3628800
9134 0 0 3628800
9135 0 0 3628800
9136 0 18432 3628800
9137 0 0 1814400
9138 0 0 3628800
9139 0 9216 1814400
9140 0 -9216 1814400
9141 0 -9216 1814400
9142 0 0 3628800
9143 0 0 3628800
9144 0 0 3628800
9145 0 0 1814400
9146 0 0 3628800
9147 0 0 3628800
9148 0 0 1814400
9149 0 18432 3628800
9150 0 0 1814400
9151 0 0 3628800
9152 0 9216 1814400
9153 0 0 1814400
9154 0 9216 1814400
9155 0 0 3628800
9156 0 -18432 3628800
9157 0 -9216 1814400
9158 0 0 3628800
9159 0 9216 1814400
9160 0 0 3628800
9161 0 18432 3628800
9162 0 0 1814400
9163 0 9216 1814400
9164 0 0 1814400
9165 0 0 3628800
9166 0 18432 3628800
9167 0 0 1814400
9168 0 -9216 1814400
9169 0 -9216 1814400
9170 0 -18432 3628800
9171 0 0 3628800
9172 0 0 3628800
9173 0 0 3628800
9174 0 0 1814400
9175 0 0 3628800
9176 0 -9216 1814400
9177 0 0 3628800
9178 0 -18432 3628800
9179 0 -9216 1814400
9180 0 18432 3628800
9181 0 0 3628800
9182 0 0 1814400
9183 0 0 3628800
9184 0 -18432 3628800
9185 0 0 3628800
9186 0 0 3628800
9187 0 0 3628800
9188 0 0 3628800
9189 0 0 1814400
9190 0 0 1814400
9191 0 0 3628800
9192 0 0 3628800
9193 0 0 3628800
9194 0 0 3628800
9195 0 0 3628800
9196 0 0 3628800
9197 0 0 3628800
9198 0 0 3628800
9199 0 18432 3628800
9200 0 0 3628800
9201 0 0 3628800
9202 0 -9216 1814400
9203 0 -18432 1814400
9204 0 0 3628800
9205 0 0 1814400
9206 0 0 3628800
9207 0 0 3628800
9208 0 0 3628800
9209 0 -18432 1814400
9210 0 -18432 1814400
9211 0 0 3628800
9212 0 0 1814400
9213 0 0 3628800
9214 0 -18432 3628800
9215 0 0 1814400
9216 0 0 1814400
9217 0 0 3628800
9218 0 0 1814400
9219 0 -18432 1814400
9220 0 0 1814400
9221 0 -18432 3628800
9222 0 18432 3628800
9223 0 0 1814400
9224 0 0 1814400
9225 0 0 3628800
9226 0 0 3628800
9227 0 0 3628800
9228 0 0 3628800
9229 0 -18432 1814400
9230 0 0 1814400
9231 0 -36864 3628800
9232 0 0 3628800
9233 0 0 3628800
9234 0 -18432 3628800
9235 0 0 1814400
9236 0 -18432 3628800
9237 0 -18432 3628800
9238 0 0 3628800
9239 0 -18432 3628800
9240 0 0 1814400
9241 0 -36864 3628800
9242 0 0 3628800
9243 0 0 3628800
9244 0 0 3628800
9245 0 0 3628800
9246 0 18432 3628800
9247 0 0 3628800
9248 0 0 3628800
9249 0 0 3628800
9250 0 0 3628800
9251 0 0 3628800
9252 0 0 3628800
9253 0 0 3628800
9254 0 0 3628800
9255 0 0 3628800
9256 0 0 3628800
9257 0 18432 3628800
9258 0 0 3628800
9259 0 0 3628800
9260 0 0 3628800
9261 0 0 3628800
9262 0 0 3628800
9263 0 0 3628800
9264 0 18432 3628800
9265 0 18432 3628800
9266 0 0 3628800
9267 0 0 3628800
9268 0 0 3628800
9269 0 0 1814400
9270 0 0 3628800
9271 0 0 3628800
9272 0 0 3628800
9273 0 0 3628800
9274 0 18432 1814400
9275 0 9216 1814400
9276 0 0 3628800
9277 0 0 3628800
9278 0 0 1814400
9279 0 0 3628800
9280 0 0 3628800
9281 0 0 3628800
9282 0 0 3628800
9283 0 -18432 3628800
9284 0 -18432 3628800
9285 0 0 3628800
9286 0 18432 3628800
9287 0 0 3628800
9288 0 0 3628800
9289 0 0 3628800
9290 0 0 1814400
9291 0 18432 3628800
9292 0 0 3628800
9293 0 0 1814400
9294 0 0 3628800
9295 0 -9216 1814400
9296 0 -18432 3628800
9297 0 0 3628800
9298 0 -18432 3628800
9299 0 0 3628800
9300 0 0 3628800
9301 0 -9216 1814400
9302 0 0 3628800
9303 0 -18432 3628800
9304 0 -18432 3628800
9305 0 0 3628800
9306 0 0 3628800
9307 0 0 3628800
9308 0 0 3628800
9309 0 0 1814400
9310 0 0 1814400
9311 0 -18432 3628800
9312 0 0 3628800
9313 0 9216 1814400
9314 0 0 1814400
9315 0 0 3628800
9316 0 9216 1814400
9317 0 0 3628800
9318 0 0 1814400
9319 0 0 3628800
9320 0 0 3628800
9321 0 0 3628800
9322 0 0 3628800
9323 0 0 3628800
9324 0 0 3628800
9325 0 0 1814400
9326 0 0 3628800
9327 0 0 1814400
9328 0 0 1814400
9329 0 -4608 907200
9330 0 0 3628800
9331 0 0 3628800
9332 0 0 3628800
9333 0 0 3628800
9334 0 0 3628800
9335 0 0 3628800
9336 0 0 1814400
9337 0 0 3628800
9338 0 0 1814400
9339 0 0 3628800
9340 0 0 3628800
9341 0 0 3628800
9342 0 0 1814400
9343 0 0 3628800
9344 0 -9216 1814400
9345 0 -4608 907200
9346 0 0 1814400
9347 0 18432 3628800
9348 0 0 1814400
9349 0 -9216 1814400
9350 0 0 3628800
9351 0 0 3628800
9352 0 0 1814400
9353 0 0 1814400
9354 0 0 3628800
9355 0 9216 1814400
9356 0 0 3628800
9357 0 0 3628800
9358 0 0 1814400
9359 0 0 3628800
9360 0 0 3628800
9361 0 0 3628800
9362 0 0 3628800
9363 0 0 1814400
9364 0 0 1814400
9365 0 0 3628800
9366 0 0 3628800
9367 0 0 3628800
9368 0 9216 1814400
9369 0 0 3628800
9370 0 0 1814400
9371 0 0 3628800
9372 0 0 3628800
9373 0 0 1814400
9374 0 -9216 1814400
9375 0 0 1814400
9376 0 9216 1814400
9377 0 0 1814400
9378 0 0 1814400
9379 0 0 1814400
9380 0 0 1814400
9381 0 0 1814400
9382 0 0 1814400
9383 0 0 3628800
9384 0 0 3628800
9385 0 0 3628800
9386 0 0 3628800
9387 0 0 3628800
9388 0 0 907200
9389 0 18432 3628800
9390 0 0 3628800
9391 0 0 3628800
9392 0 0 907200
9393 0 0 3628800
9394 0 0 3628800
9395 0 0 3628800
9396 0 0 3628800
9397 0 0 3628800
9398 0 0 3628800
9399 0 0 3628800
9400 0 0 3628800
9401 0 0 3628800
9402 0 18432 3628800
9403 0 0 3628800
9404 0 0 3628800
9405 0 0 3628800
9406 0 0 3628800
9407 0 9216 1814400
9408 0 0 3628800
9409 0 0 1814400
9410 0 0 1814400
9411 0 0 1814400
9412 0 0 3628800
9413 0 0 3628800
9414 0 0 3628800
9415 0 0 3628800
9416 0 9216 1814400
9417 0 0 1814400
9418 0 0 3628800
9419 0 0 3628800
9420 0 0 3628800
9421 0 0 3628800
9422 0 0 3628800
9423 0 9216 1814400
9424 0 0 3628800
9425 0 0 1814400
9426 0 0 3628800
9427 0 0 3628800
9428 0 0 1814400
9429 0 0 3628800
9430 0 0 1814400
9431 0 0 3628800
9432 0 0 3628800
9433 0 0 3628800
9434 0 0 3628800
9435 0 0 3628800
9436 0 0 3628800
9437 0 0 3628800
9438 0 0 3628800
9439 0 0 1814400
9440 0 0 3628800
9441 0 -18432 3628800
9442 0 -4608 907200
9443 0 0 3628800
9444 0 18432 3628800
9445 0 0 1814400
9446 0 0 1814400
9447 0 0 3628800
9448 0 0 1814400
9449 0 -18432 3628800
9450 0 9216 1814400
9451 0 0 3628800
9452 0 9216 1814400
9453 0 0 3628800
9454 0 0 3628800
9455 0 0 1814400
9456 0 18432 3628800
9457 0 0 3628800
9458 0 -4608 907200
9459 0 0 3628800
9460 0 0 3628800
9461 0 0 3628800
9462 0 0 1814400
9463 0 0 3628800
9464 0 0 3628800
9465 0 0 3628800
9466 0 -18432 3628800
9467 0 18432 1814400
9468 0 0 3628800
9469 0 0 3628800
9470 0 0 3628800
9471 0 9216 1814400
9472 0 0 3628800
9473 0 0 3628800
9474 0 0 1814400
9475 0 0 1814400
9476 0 0 1814400
9477 0 0 3628800
9478 0 0 1814400
9479 0 18432 3628800
9480 0 0 3628800
9481 0 0 907200
9482 0 0 3628800
9483 0 0 907200
9484 0 0 1814400
9485 0 0 3628800
9486 0 -9216 1814400
9487 0 0 3628800
9488 0 0 3628800
9489 0 0 3628800
9490 0 0 3628800
9491 0 0 3628800
9492 0 0 3628800
9493 0 9216 1814400
9494 0 0 1814400
9495 0 0 3628800
9496 0 0 1814400
9497 0 0 3628800
9498 0 0 1814400
9499 0 0 3628800
9500 0 0 3628800
9501 0 0 3628800
9502 0 0 1814400
9503 0 0 3628800
9504 0 -9216 1814400
9505 0 0 3628800
9506 0 9216 1814400
9507 0 0 3628800
9508 0 0 3628800
9509 0 0 3628800
9510 0 0 1814400
9511 0 0 3628800
9512 0 0 3628800
9513 0 -18432 3628800
9514 0 9216 1814400
9515 0 -18432 3628800
9516 0 18432 3628800
9517 0 -9216 1814400
9518 0 0 1814400
9519 0 18432 3628800
9520 0 0 3628800
9521 0 -18432 3628800
9522 0 0 3628800
9523 0 0 3628800
9524 0 9216 1814400
9525 0 0 3628800
9526 0 0 3628800
9527 0 -9216 1814400
9528 0 4608 907200
9529 0 0 1814400
9530 0 0 907200
9531 0 0 3628800
9532 0 9216 1814400
9533 0 0 3628800
9534 0 0 1814400
9535 0 0 3628800
9536 0 -9216 1814400
9537 0 9216 1814400
9538 0 0 1814400
9539 0 0 3628800
9540 0 0 1814400
9541 0 0 1814400
9542 0 9216 1814400
9543 0 0 3628800
9544 0 0 3628800
9545 0 9216 1814400
9546 0 0 3628800
9547 0 -9216 1814400
9548 0 0 1814400
9549 0 -9216 1814400
9550 0 0 3628800
9551 0 0 3628800
9552 0 0 1814400
9553 0 0 3628800
9554 0 0 3628800
9555 0 0 3628800
9556 0 0 1814400
9557 0 -9216 1814400
9558 0 0 1814400
9559 0 0 3628800
9560 0 0 3628800
9561 0 0 3628800
9562 0 0 3628800
9563 0 0 3628800
9564 0 0 3628800
9565 0 0 3628800
9566 0 0 3628800
9567 0 0 1814400
9568 0 0 3628800
9569 0 0 3628800
9570 0 0 3628800
9571 0 0 3628800
9572 0 0 1814400
9573 0 0 3628800
9574 0 0 3628800
9575 0 0 3628800
9576 0 0 1814400
9577 0 0 3628800
9578 0 0 3628800
9579 0 0 3628800
9580 0 0 3628800
9581 0 0 3628800
9582 0 0 3628800
9583 0 0 3628800
9584 0 0 3628800
9585 0 0 3628800
9586 0 0 3628800
9587 0 0 3628800
9588 0 0 3628800
9589 0 0 3628800
9590 0 0 3628800
9591 0 0 1814400
9592 0 0 3628800
9593 0 0 3628800
9594 0 0 3628800
9595 0 0 3628800
9596 0 0 3628800
9597 0 0 3628800
9598 0 0 3628800
9599 0 0 3628800
9600 0 0 3628800
9601 0 0 1814400
9602 0 0 3628800
9603 0 0 1814400
9604 0 0 1814400
9605 0 0 1814400
9606 0 0 3628800
9607 0 0 1814400
9608 0 0 3628800
9609 0 18432 3628800
9610 0 0 1814400
9611 0 0 1814400
9612 0 0 3628800
9613 0 0 907200
9614 0 0 3628800
9615 0 0 1814400
9616 0 0 3628800
9617 0 0 3628800
9618 0 0 3628800
9619 0 0 3628800
9620 0 0 3628800
9621 0 18432 3628800
9622 0 0 3628800
9623 0 0 3628800
9624 0 0 3628800
9625 0 0 3628800
9626 0 0 3628800
9627 0 0 3628800
9628 0 0 3628800
9629 0 9216 1814400
9630 0 0 3628800
9631 0 0 3628800
9632 0 0 3628800
9633 0 0 1814400
9634 0 0 1814400
9635 0 0 1814400
9636 0 0 3628800
9637 0 0 1814400
9638 0 0 3628800
9639 0 -18432 3628800
9640 0 0 3628800
9641 0 0 3628800
9642 0 0 3628800
9643 0 0 1814400
9644 0 0 3628800
9645 0 0 3628800
9646 0 0 3628800
9647 0 0 3628800
9648 0 9216 1814400
9649 0 0 3628800
9650 0 0 3628800
9651 0 0 3628800
9652 0 0 3628800
9653 0 0 3628800
9654 0 0 1814400
9655 0 0 3628800
9656 0 0 1814400
9657 0 0 3628800
9658 0 18432 3628800
9659 0 0 3628800
9660 0 0 3628800
9661 0 0 3628800
9662 0 -9216 1814400
9663 0 0 3628800
9664 0 -9216 1814400
9665 0 0 3628800
9666 0 0 3628800
9667 0 0 3628800
9668 0 0 3628800
9669 0 -18432 3628800
9670 0 -18432 3628800
9671 0 0 3628800
9672 0 0 3628800
9673 0 0 3628800
9674 0 0 3628800
9675 0 0 3628800
9676 0 0 3628800
9677 0 0 3628800
9678 0 18432 3628800
9679 0 0 3628800
9680 0 0 1814400
9681 0 0 1814400
9682 0 0 1814400
9683 0 0 3628800
9684 0 0 3628800
9685 0 -9216 1814400
9686 0 9216 1814400
9687 0 0 3628800
9688 0 18432 3628800
9689 0 -9216 1814400
9690 0 0 3628800
9691 0 0 1814400
9692 0 0 1814400
9693 0 0 1814400
9694 0 18432 3628800
9695 0 0 3628800
9696 0 0 3628800
9697 0 9216 1814400
9698 0 0 3628800
9699 0 18432 3628800
9700 0 4608 907200
9701 0 18432 3628800
9702 0 0 3628800
9703 0 0 3628800
9704 0 9216 1814400
9705 0 9216 1814400
9706 0 0 3628800
9707 0 0 1814400
9708 0 0 3628800
9709 0 0 3628800
9710 0 0 1814400
9711 0 0 3628800
9712 0 0 3628800
9713 0 0 3628800
9714 0 0 3628800
9715 0 0 1814400
9716 0 9216 1814400
9717 0 0 1814400
9718 0 0 1814400
9719 0 0 1814400
9720 0 0 1814400
9721 0 0 3628800
9722 0 0 1814400
9723 0 0 1814400
9724 0 0 3628800
9725 0 0 3628800
9726 0 0 3628800
9727 0 0 1814400
9728 0 0 1814400
9729 0 0 3628800
9730 0 0 3628800
9731 0 0 3628800
9732 0 0 907200
9733 0 0 3628800
9734 0 0 1814400
9735 0 -18432 3628800
9736 0 0 1814400
9737 0 0 1814400
9738 0 9216 1814400
9739 0 0 3628800
9740 0 18432 3628800
9741 0 9216 1814400
9742 0 -18432 3628800
9743 0 0 1814400
9744 0 0 3628800
9745 0 9216 1814400
9746 0 0 3628800
9747 0 0 3628800
9748 0 0 3628800
9749 0 0 3628800
9750 0 0 3628800
9751 0 0 3628800
9752 0 0 3628800
9753 0 0 3628800
9754 0 9216 1814400
9755 0 0 3628800
9756 0 0 3628800
9757 0 0 1814400
9758 0 -18432 3628800
9759 0 9216 1814400
9760 0 0 3628800
9761 0 0 3628800
9762 0 0 1814400
9763 0 0 3628800
9764 0 0 3628800
9765 0 18432 3628800
9766 0 0 3628800
9767 0 0 3628800
9768 0 0 3628800
9769 0 0 3628800
9770 0 0 3628800
9771 0 18432 3628800
9772 0 0 3628800
9773 0 0 3628800
9774 0 -18432 3628800
9775 0 -18432 3628800
9776 0 0 3628800
9777 0 -18432 3628800
9778 0 0 1814400
9779 0 0 1814400
9780 0 0 3628800
9781 0 -4608 907200
9782 0 -4608 907200
9783 0 0 3628800
9784 0 0 3628800
9785 0 0 3628800
9786 0 0 3628800
9787 0 0 3628800
9788 0 0 1814400
9789 0 0 1814400
9790 0 -18432 3628800
9791 0 -9216 1814400
9792 0 0 1814400
9793 0 0 1814400
9794 0 0 3628800
9795 0 9216 1814400
9796 0 -18432 3628800
9797 0 0 3628800
9798 0 -18432 3628800
9799 0 0 3628800
9800 0 0 3628800
9801 0 0 3628800
9802 0 0 3628800
9803 0 0 3628800
9804 0 18432 3628800
9805 0 0 3628800
9806 0 18432 3628800
9807 0 0 3628800
9808 0 0 3628800
9809 0 0 3628800
9810 0 9216 1814400
9811 0 0 3628800
9812 0 0 3628800
9813 0 0 1814400
9814 0 0 3628800
9815 0 0 3628800
9816 0 18432 3628800
9817 0 0 3628800
9818 0 0 1814400
9819 0 0 1814400
9820 0 0 1814400
9821 0 0 3628800
9822 0 0 3628800
9823 0 0 3628800
9824 0 0 3628800
9825 0 0 1814400
9826 0 0 1814400
9827 0 18432 3628800
9828 0 0 3628800
9829 0 18432 3628800
9830 0 0 3628800
9831 0 0 3628800
9832 0 0 3628800
9833 0 0 3628800
9834 0 0 3628800
9835 0 0 3628800
9836 0 0 3628800
9837 0 0 3628800
9838 0 0 1814400
9839 0 0 3628800
9840 0 0 3628800
9841 0 0 1814400
9842 0 0 3628800
9843 0 0 1814400
9844 0 0 1814400
9845 0 0 1814400
9846 0 0 1814400
9847 0 0 3628800
9848 0 0 3628800
9849 0 0 1814400
9850 0 -18432 3628800
9851 0 9216 1814400
9852 0 0 3628800
9853 0 0 3628800
9854 0 0 3628800
9855 0 0 1814400
9856 0 0 3628800
9857 0 0 3628800
9858 0 0 1814400
9859 0 -18432 3628800
9860 0 -9216 1814400
9861 0 0 3628800
9862 0 0 3628800
9863 0 0 3628800
9864 0 0 1814400
9865 0 0 3628800
9866 0 0 1814400
9867 0 4608 907200
9868 0 0 3628800
9869 0 9216 1814400
9870 0 0 1814400
9871 0 -18432 3628800
9872 0 0 3628800
9873 0 -36864 3628800
9874 0 0 1814400
9875 0 0 3628800
9876 0 0 1814400
9877 0 0 3628800
9878 0 0 1814400
9879 0 -18432 3628800
9880 0 0 3628800
9881 0 0 3628800
9882 0 -36864 3628800
9883 0 0 3628800
9884 0 -18432 3628800
9885 0 0 3628800
9886 0 0 3628800
9887 0 0 3628800
9888 0 0 3628800
9889 0 0 3628800
9890 0 0 3628800
9891 0 0 1814400
9892 0 0 3628800
9893 0 0 1814400
9894 0 0 3628800
9895 0 0 3628800
9896 0 0 3628800
9897 0 0 1814400
9898 0 0 3628800
9899 0 18432 3628800
9900 0 0 3628800
9901 0 0 1814400
9902 0 18432 3628800
9903 0 0 3628800
9904 0 9216 1814400
9905 0 0 3628800
9906 0 0 3628800
9907 0 0 1814400
9908 0 0 3628800
9909 0 0 3628800
9910 0 0 3628800
9911 0 0 3628800
9912 0 0 3628800
9913 0 18432 3628800
9914 0 0 1814400
9915 0 0 1814400
9916 0 0 1814400
9917 0 0 1814400
9918 0 -18432 3628800
9919 0 0 1814400
9920 0 0 1814400
9921 0 9216 1814400
9922 0 0 1814400
9923 0 0 3628800
9924 0 -18432 3628800
9925 0 4608 907200
9926 0 0 3628800
9927 0 0 3628800
9928 0 0 3628800
9929 0 0 3628800
9930 0 0 3628800
9931 0 0 3628800
9932 0 0 3628800
9933 0 -18432 3628800
9934 0 0 3628800
9935 0 -18432 3628800
9936 0 0 3628800
9937 0 0 3628800
9938 0 0 3628800
9939 0 0 3628800
9940 0 0 3628800
9941 0 0 3628800
9942 0 0 3628800
9943 0 0 3628800
9944 0 0 3628800
9945 0 0 1814400
9946 0 0 3628800
9947 0 0 3628800
9948 0 0 3628800
9949 0 0 3628800
9950 0 0 3628800
9951 0 0 3628800
9952 0 0 3628800
9953 0 0 3628800
9954 0 0 3628800
9955 0 0 3628800
9956 0 18432 3628800
9957 0 0 3628800
9958 0 -9216 1814400
9959 0 0 3628800
9960 0 0 3628800
9961 0 0 3628800
9962 0 0 3628800
9963 0 0 3628800
9964 0 0 3628800
9965 0 0 3628800
9966 0 -18432 3628800
9967 0 0 3628800
9968 0 0 1814400
9969 0 0 3628800
9970 0 -18432 3628800
9971 0 0 3628800
9972 0 0 3628800
9973 0 0 3628800
9974 0 0 3628800
9975 0 0 3628800
9976 0 0 3628800
9977 0 0 3628800
9978 0 0 3628800
9979 0 0 3628800
9980 0 0 1814400
9981 0 0 1814400
9982 0 0 3628800
9983 0 0 3628800
9984 0 0 3628800
9985 0 0 3628800
9986 0 0 3628800
9987 0 0 3628800
9988 0 0 3628800
9989 0 0 3628800
9990 0 0 3628800
9991 0 0 1814400
9992 0 0 1814400
9993 0 0 3628800
9994 0 -18432 3628800
9995 0 0 1814400
9996 0 -18432 3628800
9997 0 0 3628800
9998 0 0 3628800
9999 0 0 3628800
10000 0 0 3628800
10001 0 0 3628800
10002 0 18432 3628800
10003 0 -18432 3628800
10004 0 -18432 3628800
10005 0 -4608 907200
10006 0 0 3628800
10007 0 -4608 907200
10008 0 0 3628800
10009 0 0 3628800
10010 0 0 1814400
10011 0 0 3628800
10012 0 0 1814400
10013 0 -18432 3628800
10014 0 9216 1814400
10015 0 -18432 3628800
10016 0 9216 907200
10017 0 -18432 3628800
10018 0 0 3628800
10019 0 0 3628800
10020 0 0 3628800
10021 0 0 3628800
10022 0 0 3628800
10023 0 0 3628800
10024 0 0 1814400
10025 0 0 3628800
10026 0 0 3628800
10027 0 0 3628800
10028 0 0 3628800
10029 0 0 3628800
10030 0 0 3628800
10031 0 0 1814400
10032 0 0 3628800
10033 0 18432 3628800
10034 0 0 3628800
10035 0 0 3628800
10036 0 0 3628800
10037 0 -18432 3628800
10038 0 0 3628800
10039 0 0 3628800
10040 0 0 3628800
10041 0 0 3628800
10042 0 0 3628800
10043 0 0 3628800
10044 0 0 1814400
10045 0 0 1814400
10046 0 0 3628800
10047 0 0 3628800
10048 0 0 3628800
10049 0 0 3628800
10050 0 0 3628800
10051 0 0 1814400
10052 0 0 1814400
10053 0 0 3628800
10054 0 0 1814400
10055 0 0 3628800
10056 0 0 3628800
10057 0 -18432 3628800
10058 0 0 3628800
10059 0 0 3628800
10060 0 0 3628800
10061 0 -18432 3628800
10062 0 0 3628800
10063 0 0 3628800
10064 0 0 3628800
10065 0 0 3628800
10066 0 0 3628800
10067 0 0 1814400
10068 0 -18432 3628800
10069 0 0 3628800
10070 0 0 3628800
10071 0 0 3628800
10072 0 9216 1814400
10073 0 0 3628800
10074 0 0 3628800
10075 0 0 3628800
10076 0 9216 1814400
10077 0 18432 1814400
10078 0 0 3628800
10079 0 0 3628800
10080 0 0 3628800
10081 0 9216 1814400
10082 0 18432 3628800
10083 0 0 3628800
10084 0 0 3628800
10085 0 0 3628800
10086 0 0 3628800
10087 0 0 3628800
10088 0 0 3628800
10089 0 0 3628800
10090 0 0 3628800
10091 0 0 3628800
10092 0 0 3628800
10093 0 0 3628800
10094 0 -18432 3628800
10095 0 0 3628800
10096 0 0 3628800
10097 0 0 3628800
10098 0 0 3628800
10099 0 0 3628800
10100 0 0 3628800
10101 0 0 3628800
10102 0 0 3628800
10103 0 0 3628800
10104 0 0 3628800
10105 0 0 3628800
10106 0 0 3628800
10107 0 0 3628800
10108 0 0 3628800
10109 0 0 3628800
10110 0 0 3628800
10111 0 0 907200
10112 0 0 3628800
10113 0 0 3628800
10114 0 0 3628800
10115 0 0 3628800
10116 0 0 3628800
10117 0 0 3628800
10118 0 0 3628800
10119 0 0 3628800
10120 0 0 3628800
10121 0 0 3628800
10122 0 0 3628800
10123 0 0 3628800
10124 0 -9216 1814400
10125 0 0 3628800
10126 0 0 3628800
10127 0 0 3628800
10128 0 0 3628800
10129 0 9216 1814400
10130 0 0 3628800
10131 0 0 1814400
10132 0 0 3628800
10133 0 9216 1814400
10134 0 -9216 1814400
10135 0 0 3628800
10136 0 0 1814400
10137 0 0 1814400
10138 0 0 3628800
10139 0 0 3628800
10140 0 0 3628800
10141 0 9216 1814400
10142 0 0 1814400
10143 0 0 3628800
10144 0 0 3628800
10145 0 -9216 1814400
10146 0 18432 3628800
10147 0 0 3628800
10148 0 9216 1814400
10149 0 -18432 3628800
10150 0 0 3628800
10151 0 0 3628800
10152 0 -18432 3628800
10153 0 0 3628800
10154 0 0 3628800
10155 0 0 3628800
10156 0 -9216 1814400
10157 0 0 1814400
10158 0 0 3628800
10159 0 -9216 1814400
10160 0 0 3628800
10161 0 -18432 3628800
10162 0 0 1814400
10163 0 0 3628800
10164 0 9216 1814400
10165 0 0 1814400
10166 0 0 3628800
10167 0 0 1814400
10168 0 -18432 1814400
10169 0 0 1814400
10170 0 9216 1814400
10171 0 0 1814400
10172 0 0 3628800
10173 0 -9216 1814400
10174 0 0 1814400
10175 0 0 3628800
10176 0 0 3628800
10177 0 9216 1814400
10178 0 0 3628800
10179 0 0 3628800
10180 0 9216 1814400
10181 0 0 3628800
10182 0 -18432 3628800
10183 0 -36864 3628800
10184 0 0 3628800
10185 0 -9216 1814400
10186 0 0 1814400
10187 0 0 3628800
10188 0 -18432 3628800
10189 0 0 3628800
10190 0 0 1814400
10191 0 0 1814400
10192 0 9216 1814400
10193 0 -18432 3628800
10194 0 -18432 3628800
10195 0 9216 1814400
10196 0 9216 1814400
10197 0 9216 1814400
10198 0 0 1814400
10199 0 0 3628800
10200 0 0 3628800
10201 0 0 3628800
10202 0 9216 1814400
10203 0 0 3628800
10204 0 9216 1814400
10205 0 0 1814400
10206 0 0 3628800
10207 0 0 3628800
10208 0 18432 3628800
10209 0 0 3628800
10210 0 0 3628800
10211 0 0 1814400
10212 0 0 3628800
10213 0 0 1814400
10214 0 0 3628800
10215 0 -18432 3628800
10216 0 0 3628800
10217 0 0 1814400
10218 0 0 3628800
10219 0 18432 3628800
10220 0 0 1814400
10221 0 0 3628800
10222 0 0 1814400
10223 0 0 1814400
10224 0 0 3628800
10225 0 0 3628800
10226 0 0 3628800
10227 0 0 3628800
10228 0 0 3628800
10229 0 0 3628800
10230 0 0 1814400
10231 0 0 3628800
10232 0 0 3628800
10233 0 0 3628800
10234 0 0 3628800
10235 0 0 3628800
10236 0 0 3628800
10237 0 0 3628800
10238 0 0 3628800
10239 0 0 3628800
10240 0 0 3628800
10241 0 0 3628800
10242 0 0 3628800
10243 0 0 3628800
10244 0 0 1814400
10245 0 0 1814400
10246 0 0 3628800
10247 0 18432 3628800
10248 0 0 3628800
10249 0 0 1814400
10250 0 0 3628800
10251 0 0 3628800
10252 0 -18432 3628800
10253 0 0 3628800
10254 0 0 3628800
10255 0 0 3628800
10256 0 0 3628800
10257 0 0 3628800
10258 0 0 3628800
10259 0 0 1814400
10260 0 -9216 1814400
10261 0 0 3628800
10262 0 0 3628800
10263 0 18432 3628800
10264 0 0 3628800
10265 0 0 3628800
10266 0 0 1814400
10267 0 0 3628800
10268 0 0 3628800
10269 0 0 3628800
10270 0 0 3628800
10271 0 0 3628800
10272 0 0 3628800
10273 0 0 3628800
10274 0 0 907200
10275 0 4608 907200
10276 0 0 907200
10277 0 0 3628800
10278 0 0 3628800
10279 0 0 3628800
10280 0 0 3628800
10281 0 0 3628800
10282 0 0 3628800
10283 0 0 1814400
10284 0 0 3628800
10285 0 0 3628800
10286 0 0 3628800
10287 0 0 3628800
10288 0 -18432 3628800
10289 0 9216 1814400
10290 0 0 3628800
10291 0 -18432 3628800
10292 0 0 3628800
10293 0 0 3628800
10294 0 0 3628800
10295 0 0 3628800
10296 0 0 1814400
10297 0 0 3628800
10298 0 0 3628800
10299 0 0 3628800
10300 0 0 3628800
10301 0 0 3628800
10302 0 0 3628800
10303 0 0 3628800
10304 0 0 3628800
10305 0 0 1814400
10306 0 0 1814400
10307 0 0 3628800
10308 0 0 1814400
10309 0 0 3628800
10310 0 0 3628800
10311 0 -9216 1814400
10312 0 18432 3628800
10313 0 0 1814400
10314 0 0 1814400
10315 0 0 1814400
10316 0 0 3628800
10317 0 0 3628800
10318 0 0 3628800
10319 0 0 3628800
10320 0 0 3628800
10321 0 0 3628800
10322 0 0 1814400
10323 0 0 3628800
10324 0 0 1814400
10325 0 0 3628800
10326 0 0 3628800
10327 0 0 3628800
10328 0 0 3628800
10329 0 0 3628800
10330 0 -18432 3628800
10331 0 0 3628800
10332 0 0 3628800
10333 0 0 3628800
10334 0 4608 907200
10335 0 4608 907200
10336 0 0 907200
10337 0 0 3628800
10338 0 0 3628800
10339 0 0 907200
10340 0 0 3628800
10341 0 0 907200
10342 0 0 3628800
10343 0 -9216 1814400
10344 0 0 907200
10345 0 0 3628800
10346 0 0 3628800
10347 0 0 3628800
10348 0 0 1814400
10349 0 0 1814400
10350 0 0 3628800
10351 0 0 3628800
10352 0 0 3628800
10353 0 0 1814400
10354 0 18432 3628800
10355 0 18432 3628800
10356 0 0 1814400
10357 0 0 3628800
10358 0 0 3628800
10359 0 18432 3628800
10360 0 0 3628800
10361 0 18432 3628800
10362 0 0 3628800
10363 0 0 3628800
10364 0 -18432 3628800
10365 0 18432 3628800
10366 0 36864 3628800
10367 0 0 3628800
10368 0 18432 3628800
10369 0 0 3628800
10370 0 0 3628800
10371 0 0 3628800
10372 0 0 3628800
10373 0 0 3628800
10374 0 0 3628800
10375 0 0 1814400
10376 0 0 3628800
10377 0 0 3628800
10378 0 0 3628800
10379 0 0 1814400
10380 0 0 3628800
10381 0 0 3628800
10382 0 0 1814400
10383 0 0 3628800
10384 0 0 3628800
10385 0 0 3628800
10386 0 0 3628800
10387 0 0 3628800
10388 0 0 3628800
10389 0 0 3628800
10390 0 0 3628800
10391 0 -18432 3628800
10392 0 0 3628800
10393 0 0 3628800
10394 0 0 3628800
10395 0 0 3628800
10396 0 0 3628800
10397 0 0 3628800
10398 0 0 3628800
10399 0 0 3628800
10400 0 0 3628800
10401 0 0 1814400
10402 0 0 3628800
10403 0 0 3628800
10404 0 0 3628800
10405 0 0 3628800
10406 0 0 3628800
10407 0 0 3628800
10408 0 0 3628800
10409 0 0 3628800
10410 0 0 3628800
10411 0 0 3628800
10412 0 0 3628800
10413 0 0 1814400
10414 0 -18432 3628800
10415 0 0 3628800
10416 0 0 3628800
10417 0 0 3628800
10418 0 0 3628800
10419 0 -36864 3628800
10420 0 9216 1814400
10421 0 0 3628800
10422 0 0 3628800
10423 0 0 1814400
10424 0 9216 1814400
10425 0 0 3628800
10426 0 0 3628800
10427 0 0 1814400
10428 0 18432 3628800
10429 0 0 1814400
10430 0 0 1814400
10431 0 0 1814400
10432 0 -18432 3628800
10433 0 0 3628800
10434 0 0 1814400
10435 0 0 3628800
10436 0 0 3628800
10437 0 0 1814400
10438 0 0 3628800
10439 0 0 3628800
10440 0 -18432 3628800
10441 0 0 3628800
10442 0 0 3628800
10443 0 0 3628800
10444 0 0 3628800
10445 0 0 1814400
10446 0 0 3628800
10447 0 0 3628800
10448 0 0 1814400
10449 0 0 3628800
10450 0 0 3628800
10451 0 0 3628800
10452 0 0 1814400
10453 0 0 3628800
10454 0 0 3628800
10455 0 0 3628800
10456 0 0 3628800
10457 0 0 3628800
10458 0 0 3628800
10459 0 0 1814400
10460 0 0 3628800
10461 0 0 3628800
10462 0 0 3628800
10463 0 0 3628800
10464 0 0 3628800
10465 0 0 3628800
10466 0 0 1814400
10467 0 0 1814400
10468 0 -18432 3628800
10469 0 0 1814400
10470 0 0 3628800
10471 0 0 1814400
10472 0 0 3628800
10473 0 0 3628800
10474 0 0 3628800
10475 0 0 1814400
10476 0 0 1814400
10477 0 0 3628800
10478 0 0 1814400
10479 0 0 3628800
10480 0 0 3628800
10481 0 0 3628800
10482 0 0 1814400
10483 0 0 3628800
10484 0 0 3628800
10485 0 0 3628800
10486 0 0 3628800
10487 0 0 1814400
10488 0 0 3628800
10489 0 0 3628800
10490 0 0 3628800
10491 0 0 3628800
10492 0 0 3628800
10493 0 0 3628800
10494 0 0 3628800
10495 0 0 3628800
10496 0 0 3628800
10497 0 -18432 3628800
10498 0 0 3628800
10499 0 0 3628800
10500 0 0 3628800
10501 0 0 3628800
10502 0 0 3628800
10503 0 0 3628800
10504 0 -18432 3628800
10505 0 0 3628800
10506 0 0 3628800
10507 0 0 1814400
10508 0 0 3628800
10509 0 18432 3628800
10510 0 0 1814400
10511 0 -18432 3628800
10512 0 -9216 1814400
10513 0 0 3628800
10514 0 0 3628800
10515 0 0 3628800
10516 0 0 3628800
10517 0 0 1814400
10518 0 0 3628800
10519 0 0 1814400
10520 0 0 1814400
10521 0 0 907200
10522 0 0 907200
10523 0 18432 3628800
10524 0 0 907200
10525 0 4608 907200
10526 0 9216 1814400
10527 0 0 1814400
10528 0 4608 907200
10529 0 0 1814400
10530 0 0 907200
10531 0 0 3628800
10532 0 0 1814400
10533 0 0 1814400
10534 0 0 3628800
10535 0 0 3628800
10536 0 0 1814400
10537 0 0 3628800
10538 0 0 3628800
10539 0 0 3628800
10540 0 0 3628800
10541 0 0 3628800
10542 0 0 3628800
10543 0 0 3628800
10544 0 0 3628800
10545 0 0 3628800
10546 0 0 1814400
10547 0 0 1814400
10548 0 0 1814400
10549 0 0 3628800
10550 0 0 3628800
10551 0 0 3628800
10552 0 0 1814400
10553 0 0 1814400
10554 0 0 3628800
10555 0 9216 1814400
10556 0 0 3628800
10557 0 9216 1814400
10558 0 0 1814400
10559 0 0 3628800
10560 0 0 1814400
10561 0 0 3628800
10562 0 0 3628800
10563 0 -18432 3628800
10564 0 -9216 1814400
10565 0 0 907200
10566 0 0 1814400
10567 0 -9216 1814400
10568 0 9216 1814400
10569 0 18432 1814400
10570 0 0 3628800
10571 0 0 3628800
10572 0 -18432 3628800
10573 0 -18432 3628800
10574 0 0 3628800
10575 0 -18432 3628800
10576 0 0 3628800
10577 0 0 3628800
10578 0 0 1814400
10579 0 0 3628800
10580 0 0 3628800
10581 0 0 3628800
10582 0 9216 1814400
10583 0 0 3628800
10584 0 18432 3628800
10585 0 0 3628800
10586 0 0 3628800
10587 0 0 3628800
10588 0 0 3628800
10589 0 0 1814400
10590 0 -9216 1814400
10591 0 0 3628800
10592 0 -9216 1814400
10593 0 0 3628800
10594 0 0 1814400
10595 0 0 3628800
10596 0 0 1814400
10597 0 0 3628800
10598 0 9216 1814400
10599 0 0 3628800
10600 0 0 1814400
10601 0 0 3628800
10602 0 0 3628800
10603 0 0 3628800
10604 0 0 3628800
10605 0 0 3628800
10606 0 9216 1814400
10607 0 9216 1814400
10608 0 0 1814400
10609 0 -9216 1814400
10610 0 0 3628800
10611 0 0 3628800
10612 0 0 3628800
10613 0 -18432 3628800
10614 0 9216 1814400
10615 0 0 3628800
10616 0 0 1814400
10617 0 0 1814400
10618 0 0 3628800
10619 0 0 1814400
10620 0 0 1814400
10621 0 0 1814400
10622 0 0 1814400
10623 0 0 3628800
10624 0 0 1814400
10625 0 0 3628800
10626 0 0 1814400
10627 0 0 1814400
10628 0 0 3628800
10629 0 -18432 3628800
10630 0 0 3628800
10631 0 0 3628800
10632 0 0 1814400
10633 0 0 3628800
10634 0 0 3628800
10635 0 0 3628800
10636 0 0 3628800
10637 0 0 3628800
10638 0 0 3628800
10639 0 0 1814400
10640 0 0 1814400
10641 0 0 3628800
10642 0 0 1814400
10643 0 0 3628800
10644 0 0 3628800
10645 0 0 3628800
10646 0 0 1814400
10647 0 0 1814400
10648 0 0 3628800
10649 0 0 3628800
10650 0 0 1814400
10651 0 0 3628800
10652 0 -18432 3628800
10653 0 0 3628800
10654 0 0 3628800
10655 0 0 3628800
10656 0 0 1814400
10657 0 0 3628800
10658 0 0 3628800
10659 0 0 3628800
10660 0 0 3628800
10661 0 0 3628800
10662 0 0 3628800
10663 0 0 3628800
10664 0 0 3628800
10665 0 0 3628800
10666 0 0 3628800
10667 0 0 3628800
10668 0 0 1814400
10669 0 18432 3628800
10670 0 0 3628800
10671 0 0 3628800
10672 0 18432 3628800
10673 0 0 3628800
10674 0 0 3628800
10675 0 0 1814400
10676 0 18432 3628800
10677 0 18432 3628800
10678 0 0 3628800
10679 0 0 3628800
10680 0 0 3628800
10681 0 0 3628800
10682 0 0 3628800
10683 0 0 3628800
10684 0 0 3628800
10685 0 0 3628800
10686 0 0 3628800
10687 0 -4608 907200
10688 0 0 3628800
10689 0 0 907200
10690 0 0 3628800
10691 0 0 1814400
10692 0 0 907200
10693 0 0 1814400
10694 0 0 3628800
10695 0 9216 1814400
10696 0 0 3628800
10697 0 0 1814400
10698 0 9216 1814400
10699 0 0 3628800
10700 0 0 3628800
10701 0 0 3628800
10702 0 18432 3628800
10703 0 18432 3628800
10704 0 18432 3628800
10705 0 0 1814400
10706 0 0 3628800
10707 0 0 907200
10708 0 0 3628800
10709 0 0 1814400
10710 0 0 3628800
10711 0 0 3628800
10712 0 0 1814400
10713 0 9216 1814400
10714 0 9216 1814400
10715 0 0 1814400
10716 0 0 1814400
10717 0 0 3628800
10718 0 0 3628800
10719 0 0 1814400
10720 0 0 1814400
10721 0 0 3628800
10722 0 0 3628800
10723 0 0 3628800
10724 0 0 1814400
10725 0 0 1814400
10726 0 0 3628800
10727 0 0 1814400
10728 0 0 3628800
10729 0 0 3628800
10730 0 0 1814400
10731 0 0 3628800
10732 0 0 3628800
10733 0 0 1814400
10734 0 0 3628800
10735 0 0 1814400
10736 0 0 1814400
10737 0 0 3628800
10738 0 0 3628800
10739 0 0 3628800
10740 0 0 3628800
10741 0 0 3628800
10742 0 0 3628800
10743 0 0 3628800
10744 0 0 3628800
10745 0 18432 3628800
10746 0 0 3628800
10747 0 0 3628800
10748 0 0 1814400
10749 0 -18432 3628800
10750 0 18432 3628800
10751 0 0 3628800
10752 0 0 3628800
10753 0 0 3628800
10754 0 0 1814400
10755 0 0 3628800
10756 0 0 3628800
10757 0 0 1814400
10758 0 0 3628800
10759 0 0 3628800
10760 0 0 1814400
10761 0 0 3628800
10762 0 0 1814400
10763 0 0 1814400
10764 0 0 3628800
10765 0 0 3628800
10766 0 0 3628800
10767 0 0 3628800
10768 0 0 3628800
10769 0 0 3628800
10770 0 0 3628800
10771 0 0 1814400
10772 0 0 3628800
10773 0 0 3628800
10774 0 0 1814400
10775 0 0 1814400
10776 0 0 1814400
10777 0 0 3628800
10778 0 0 3628800
10779 0 18432 3628800
10780 0 0 3628800
10781 0 0 3628800
10782 0 0 3628800
10783 0 0 3628800
10784 0 0 3628800
10785 0 0 1814400
10786 0 0 1814400
10787 0 0 1814400
10788 0 0 1814400
10789 0 0 1814400
10790 0 0 3628800
10791 0 18432 3628800
10792 0 0 3628800
10793 0 0 3628800
10794 0 9216 1814400
10795 0 18432 3628800
10796 0 18432 3628800
10797 0 0 1814400
10798 0 0 1814400
10799 0 0 3628800
10800 0 9216 1814400
10801 0 0 3628800
10802 0 0 1814400
10803 0 0 1814400
10804 0 0 3628800
10805 0 9216 1814400
10806 0 0 1814400
10807 0 9216 1814400
10808 0 0 3628800
10809 0 0 1814400
10810 0 0 3628800
10811 0 0 3628800
10812 0 0 1814400
10813 0 0 3628800
10814 0 0 3628800
10815 0 0 3628800
10816 0 -9216 1814400
10817 0 -18432 3628800
10818 0 0 1814400
10819 0 0 3628800
10820 0 0 3628800
10821 0 -4608 907200
10822 0 -4608 907200
10823 0 18432 3628800
10824 0 9216 1814400
10825 0 0 1814400
10826 0 0 907200
10827 0 0 3628800
10828 0 0 3628800
10829 0 0 3628800
10830 0 0 1814400
10831 0 -9216 1814400
10832 0 0 907200
10833 0 0 907200
10834 0 0 907200
10835 0 0 3628800
10836 0 0 3628800
10837 0 0 907200
10838 0 0 3628800
10839 0 0 3628800
10840 0 0 1814400
10841 0 0 3628800
10842 0 0 907200
10843 0 0 907200
10844 0 0 3628800
10845 0 -4608 907200
10846 0 9216 1814400
10847 0 -4608 907200
10848 0 0 907200
10849 0 0 3628800
10850 0 0 3628800
10851 0 0 3628800
10852 0 0 3628800
10853 0 0 3628800
10854 0 0 3628800
10855 0 0 1814400
10856 0 0 3628800
10857 0 0 3628800
10858 0 0 3628800
10859 0 0 3628800
10860 0 0 3628800
10861 0 0 1814400
10862 0 0 3628800
10863 0 0 1814400
10864 0 0 3628800
10865 0 0 3628800
10866 0 0 3628800
10867 0 0 1814400
10868 0 0 3628800
10869 0 0 3628800
10870 0 0 3628800
10871 0 -9216 1814400
10872 0 9216 1814400
10873 0 0 1814400
10874 0 -18432 3628800
10875 0 0 3628800
10876 0 0 3628800
10877 0 0 3628800
10878 0 0 1814400
10879 0 0 3628800
10880 0 0 1814400
10881 0 -18432 3628800
10882 0 0 3628800
10883 0 -18432 3628800
10884 0 0 3628800
10885 0 0 3628800
10886 0 0 3628800
10887 0 0 1814400
10888 0 0 3628800
10889 0 0 3628800
10890 0 0 3628800
10891 0 0 3628800
10892 0 0 3628800
10893 0 0 3628800
10894 0 0 3628800
10895 0 0 3628800
10896 0 0 3628800
10897 0 0 3628800
10898 0 0 3628800
10899 0 0 3628800
10900 0 0 3628800
10901 0 0 3628800
10902 0 18432 3628800
10903 0 0 3628800
10904 0 0 3628800
10905 0 0 3628800
10906 0 0 3628800
10907 0 0 3628800
10908 0 9216 1814400
10909 0 0 1814400
10910 0 -9216 1814400
10911 0 0 3628800
10912 0 0 3628800
10913 0 0 3628800
10914 0 0 3628800
10915 0 0 1814400
10916 0 -9216 1814400
10917 0 0 3628800
10918 0 0 3628800
10919 0 0 3628800
10920 0 18432 3628800
10921 0 0 3628800
10922 0 0 1814400
10923 0 18432 3628800
10924 0 0 3628800
10925 0 0 3628800
10926 0 0 3628800
10927 0 0 3628800
10928 0 0 1814400
10929 0 18432 3628800
10930 0 0 3628800
10931 0 9216 1814400
10932 0 9216 1814400
10933 0 0 3628800
10934 0 0 3628800
10935 0 0 3628800
10936 0 9216 1814400
10937 0 0 3628800
10938 0 -18432 3628800
10939 0 18432 3628800
10940 0 18432 3628800
10941 0 18432 3628800
10942 0 0 3628800
10943 0 18432 3628800
10944 0 0 1814400
10945 0 0 3628800
10946 0 0 3628800
10947 0 0 3628800
10948 0 0 3628800
10949 0 18432 3628800
10950 0 0 3628800
10951 0 0 3628800
10952 0 0 3628800
10953 0 0 3628800
10954 0 0 1814400
10955 0 0 1814400
10956 0 0 1814400
10957 0 0 3628800
10958 0 18432 3628800
10959 0 18432 3628800
10960 0 0 3628800
10961 0 0 1814400
10962 0 0 1814400
10963 0 0 3628800
10964 0 0 907200
10965 0 0 1814400
10966 0 -9216 1814400
10967 0 18432 3628800
10968 0 18432 3628800
10969 0 -4608 907200
10970 0 0 1814400
10971 0 0 1814400
10972 0 0 3628800
10973 0 0 1814400
10974 0 0 907200
10975 0 -4608 907200
10976 0 0 3628800
10977 0 -9216 1814400
10978 0 0 3628800
10979 0 0 3628800
10980 0 0 1814400
10981 0 0 3628800
10982 0 -18432 1814400
10983 0 -9216 1814400
10984 0 0 1814400
10985 0 0 1814400
10986 0 -18432 1814400
10987 0 -9216 1814400
10988 0 0 3628800
10989 0 0 1814400
10990 0 0 3628800
10991 0 0 3628800
10992 0 0 3628800
10993 0 0 1814400
10994 0 0 1814400
10995 0 0 3628800
10996 0 0 1814400
10997 0 0 3628800
10998 0 0 3628800
10999 0 0 3628800
11000 0 0 3628800
11001 0 0 1814400
11002 0 0 3628800
11003 0 0 3628800
11004 0 0 3628800
11005 0 0 3628800
11006 0 0 3628800
11007 0 0 3628800
11008 0 0 3628800
11009 0 0 3628800
11010 0 0 3628800
11011 0 0 3628800
11012 0 0 3628800
11013 0 0 3628800
11014 0 0 3628800
11015 0 0 3628800
11016 0 0 3628800
11017 0 0 3628800
11018 0 0 3628800
11019 0 0 3628800
11020 0 0 3628800
11021 0 0 3628800
11022 0 0 3628800
11023 0 0 3628800
11024 0 0 3628800
11025 0 -18432 3628800
11026 0 0 3628800
11027 0 0 3628800
11028 0 0 3628800
11029 0 0 3628800
11030 0 0 3628800
11031 0 0 3628800
11032 0 0 1814400
11033 0 18432 3628800
11034 0 0 3628800
11035 0 0 3628800
11036 0 0 3628800
11037 0 0 3628800
11038 0 0 3628800
11039 0 0 3628800
11040 0 0 3628800
11041 0 18432 3628800
11042 0 0 3628800
11043 0 0 3628800
11044 0 0 3628800
11045 0 0 3628800
11046 0 0 3628800
11047 0 0 3628800
11048 0 0 3628800
11049 0 -18432 3628800
11050 0 0 3628800
11051 0 -18432 3628800
11052 0 0 3628800
11053 0 0 3628800
11054 0 0 3628800
11055 0 0 3628800
11056 0 0 3628800
11057 0 0 3628800
11058 0 0 3628800
11059 0 0 3628800
11060 0 0 3628800
11061 0 0 3628800
11062 0 0 3628800
11063 0 0 3628800
11064 0 18432 3628800
11065 0 18432 3628800
11066 0 0 3628800
11067 0 0 3628800
11068 0 0 3628800
11069 0 0 1814400
11070 0 0 3628800
11071 0 0 3628800
11072 0 18432 3628800
11073 0 0 3628800
11074 0 0 3628800
11075 0 0 3628800
11076 0 -18432 3628800
11077 0 0 3628800
11078 0 18432 3628800
11079 0 -18432 3628800
11080 0 0 3628800
11081 0 0 3628800
11082 0 18432 3628800
11083 0 0 3628800
11084 0 0 3628800
11085 0 0 3628800
11086 0 0 3628800
11087 0 0 3628800
11088 0 0 3628800
11089 0 0 3628800
11090 0 0 1814400
11091 0 0 3628800
11092 0 0 3628800
11093 0 0 3628800
11094 0 0 3628800
11095 0 0 3628800
11096 0 18432 3628800
11097 0 0 3628800
11098 0 0 3628800
11099 0 0 1814400
11100 0 0 3628800
11101 0 0 3628800
11102 0 0 3628800
11103 0 -36864 3628800
11104 0 0 3628800
11105 0 18432 3628800
11106 0 0 3628800
11107 0 0 3628800
11108 0 0 3628800
11109 0 0 1814400
11110 0 0 3628800
11111 0 0 3628800
11112 0 0 3628800
11113 0 0 3628800
11114 0 0 3628800
11115 0 -36864 3628800
11116 0 0 3628800
11117 0 0 3628800
11118 0 0 3628800
11119 0 -4608 907200
11120 0 0 3628800
11121 0 0 3628800
11122 0 -9216 1814400
11123 0 0 3628800
11124 0 0 3628800
11125 0 9216 1814400
11126 0 0 3628800
11127 0 -18432 3628800
11128 0 0 1814400
11129 0 -18432 3628800
11130 0 0 3628800
11131 0 0 3628800
11132 0 0 3628800
11133 0 0 3628800
11134 0 0 3628800
11135 0 0 3628800
11136 0 0 3628800
11137 0 -18432 3628800
11138 0 0 3628800
11139 0 0 907200
11140 0 0 3628800
11141 0 0 3628800
11142 0 0 3628800
11143 0 0 3628800
11144 0 0 3628800
11145 0 0 3628800
11146 0 0 3628800
11147 0 0 3628800
11148 0 0 3628800
11149 0 0 3628800
11150 0 0 3628800
11151 0 0 3628800
11152 0 -18432 3628800
11153 0 0 3628800
11154 0 0 3628800
11155 0 0 3628800
11156 0 0 3628800
11157 0 0 3628800
11158 0 0 3628800
11159 0 0 3628800
11160 0 0 3628800
11161 0 0 3628800
11162 0 0 3628800
11163 0 0 3628800
11164 0 0 3628800
11165 0 18432 3628800
11166 0 0 3628800
11167 0 0 3628800
11168 0 0 3628800
11169 0 0 3628800
11170 0 0 3628800
11171 0 0 3628800
11172 0 0 3628800
11173 0 0 3628800
11174 0 0 3628800
11175 0 18432 3628800
11176 0 0 1814400
11177 0 18432 3628800
11178 0 0 1814400
11179 0 0 3628800
11180 0 0 3628800
11181 0 0 1814400
11182 0 0 3628800
11183 0 18432 3628800
11184 0 36864 3628800
11185 0 0 1814400
11186 0 18432 3628800
11187 0 0 1814400
11188 0 0 3628800
11189 0 0 1814400
11190 0 36864 3628800
11191 0 18432 3628800
11192 0 0 3628800
11193 0 18432 3628800
11194 0 0 1814400
11195 0 0 3628800
11196 0 0 1814400
11197 0 0 3628800
11198 0 0 3628800
11199 0 0 3628800
11200 0 -9216 1814400
11201 0 0 1814400
11202 0 0 3628800
11203 0 0 1814400
11204 0 0 3628800
11205 0 0 1814400
11206 0 -18432 3628800
11207 0 0 1814400
11208 0 36864 3628800
11209 0 18432 3628800
11210 0 -9216 1814400
11211 0 0 907200
11212 0 18432 1814400
11213 0 0 1814400
11214 0 0 1814400
11215 0 4608 907200
11216 0 -18432 3628800
11217 0 18432 3628800
11218 0 0 1814400
11219 0 0 1814400
11220 0 0 3628800
11221 0 0 1814400
11222 0 18432 1814400
11223 0 0 907200
11224 0 0 1814400
11225 0 -9216 1814400
11226 0 0 3628800
11227 0 -9216 1814400
11228 0 0 3628800
11229 0 0 907200
11230 0 0 1814400
11231 0 0 3628800
11232 0 0 3628800
11233 0 0 3628800
11234 0 0 3628800
11235 0 0 3628800
11236 0 0 3628800
11237 0 -18432 3628800
11238 0 0 3628800
11239 0 0 3628800
11240 0 0 3628800
11241 0 0 3628800
11242 0 0 3628800
11243 0 0 3628800
11244 0 0 3628800
11245 0 4608 907200
11246 0 0 3628800
11247 0 0 3628800
11248 0 0 3628800
11249 0 0 3628800
11250 0 -18432 3628800
11251 0 0 3628800
11252 0 0 3628800
11253 0 0 3628800
11254 0 0 3628800
11255 0 0 3628800
11256 0 0 3628800
11257 0 0 907200
11258 0 0 3628800
11259 0 0 1814400
11260 0 0 907200
11261 0 9216 1814400
11262 0 9216 1814400
11263 0 0 907200
11264 0 0 3628800
11265 0 4608 907200
11266 0 0 907200
11267 0 0 3628800
11268 0 -9216 1814400
11269 0 0 3628800
11270 0 4608 907200
11271 0 -9216 907200
11272 0 0 3628800
11273 0 4608 907200
11274 0 0 3628800
11275 0 0 1814400
11276 0 0 3628800
11277 0 0 3628800
11278 0 -9216 1814400
11279 0 0 3628800
11280 0 0 3628800
11281 0 0 3628800
11282 0 -4608 907200
11283 0 0 3628800
11284 0 -4608 907200
11285 0 0 3628800
11286 0 0 3628800
11287 0 0 1814400
11288 0 0 3628800
11289 0 0 3628800
11290 0 0 1814400
11291 0 0 3628800
11292 0 0 3628800
11293 0 0 1814400
11294 0 0 1814400
11295 0 0 3628800
11296 0 0 1814400
11297 0 0 3628800
11298 0 0 3628800
11299 0 0 3628800
11300 0 0 1814400
11301 0 0 1814400
11302 0 0 3628800
11303 0 0 1814400
11304 0 0 3628800
11305 0 0 3628800
11306 0 0 1814400
11307 0 0 3628800
11308 0 0 3628800
11309 0 0 1814400
11310 0 9216 1814400
11311 0 9216 1814400
11312 0 0 3628800
11313 0 0 3628800
11314 0 0 1814400
11315 0 0 3628800
11316 0 -18432 3628800
11317 0 -4608 907200
11318 0 0 1814400
11319 0 0 3628800
11320 0 0 1814400
11321 0 -4608 907200
11322 0 0 3628800
11323 0 18432 1814400
11324 0 0 1814400
11325 0 0 1814400
11326 0 0 1814400
11327 0 0 1814400
11328 0 -18432 3628800
11329 0 0 3628800
11330 0 0 3628800
11331 0 0 1814400
11332 0 0 1814400
11333 0 18432 1814400
11334 0 9216 1814400
11335 0 18432 3628800
11336 0 0 1814400
11337 0 0 3628800
11338 0 0 1814400
11339 0 0 3628800
11340 0 0 3628800
11341 0 0 3628800
11342 0 0 3628800
11343 0 0 907200
11344 0 0 3628800
11345 0 0 3628800
11346 0 0 1814400
11347 0 0 3628800
11348 0 -9216 1814400
11349 0 0 3628800
11350 0 0 3628800
11351 0 -9216 1814400
11352 0 0 3628800
11353 0 0 3628800
11354 0 0 3628800
11355 0 0 1814400
11356 0 0 3628800
11357 0 0 1814400
11358 0 0 3628800
11359 0 0 3628800
11360 0 0 3628800
11361 0 0 3628800
11362 0 0 3628800
11363 0 0 1814400
11364 0 0 3628800
11365 0 0 3628800
11366 0 0 3628800
11367 0 0 1814400
11368 0 0 3628800
11369 0 0 3628800
11370 0 0 3628800
11371 0 0 3628800
11372 0 18432 3628800
11373 0 0 3628800
11374 0 18432 3628800
11375 0 0 3628800
11376 0 0 3628800
11377 0 0 3628800
11378 0 0 3628800
11379 0 0 3628800
11380 0 0 3628800
11381 0 0 3628800
11382 0 0 3628800
11383 0 0 3628800
11384 0 0 3628800
11385 0 0 3628800
11386 0 0 3628800
11387 0 0 3628800
11388 0 0 3628800
11389 0 0 3628800
11390 0 0 3628800
11391 0 0 3628800
11392 0 0 3628800
11393 0 0 1814400
11394 0 0 3628800
11395 0 0 3628800
11396 0 0 1814400
11397 0 0 3628800
11398 0 0 3628800
11399 0 0 3628800
11400 0 0 3628800
11401 0 0 3628800
11402 0 0 3628800
11403 0 0 3628800
11404 0 0 3628800
11405 0 0 3628800
11406 0 0 3628800
11407 0 0 3628800
11408 0 0 3628800
11409 0 0 3628800
11410 0 0 3628800
11411 0 0 3628800
11412 0 0 3628800
11413 0 0 1814400
11414 0 0 3628800
11415 0 0 1814400
11416 0 0 3628800
11417 0 0 3628800
11418 0 0 3628800
11419 0 0 3628800
11420 0 0 1814400
11421 0 0 3628800
11422 0 0 1814400
11423 0 0 3628800
11424 0 -18432 3628800
11425 0 0 3628800
11426 0 0 3628800
11427 0 -18432 1814400
11428 0 0 1814400
11429 0 0 3628800
11430 0 0 3628800
11431 0 0 3628800
11432 0 -9216 1814400
11433 0 -9216 1814400
11434 0 0 3628800
11435 0 0 3628800
11436 0 0 3628800
11437 0 -18432 3628800
11438 0 0 3628800
11439 0 0 3628800
11440 0 0 3628800
11441 0 0 3628800
11442 0 -18432 1814400
11443 0 -18432 3628800
11444 0 18432 3628800
11445 0 0 3628800
11446 0 -18432 3628800
11447 0 0 3628800
11448 0 0 3628800
11449 0 0 3628800
11450 0 0 3628800
11451 0 0 3628800
11452 0 0 3628800
11453 0 -18432 3628800
11454 0 -18432 3628800
11455 0 0 3628800
11456 0 0 3628800
11457 0 0 3628800
11458 0 9216 1814400
11459 0 -4608 907200
11460 0 0 3628800
11461 0 -4608 907200
11462 0 0 3628800
11463 0 0 3628800
11464 0 0 3628800
11465 0 0 3628800
11466 0 0 1814400
11467 0 0 3628800
11468 0 0 1814400
11469 0 0 3628800
11470 0 9216 1814400
11471 0 18432 3628800
11472 0 0 3628800
11473 0 0 3628800
11474 0 0 3628800
11475 0 0 1814400
11476 0 0 3628800
11477 0 0 3628800
11478 0 0 3628800
11479 0 18432 3628800
11480 0 0 3628800
11481 0 0 3628800
11482 0 0 3628800
11483 0 0 3628800
11484 0 0 3628800
11485 0 0 1814400
11486 0 18432 3628800
11487 0 0 1814400
11488 0 0 1814400
11489 0 0 3628800
11490 0 0 3628800
11491 0 0 3628800
11492 0 0 3628800
11493 0 18432 3628800
11494 0 0 3628800
11495 0 0 3628800
11496 0 0 3628800
11497 0 0 3628800
11498 0 0 3628800
11499 0 0 3628800
11500 0 0 3628800
11501 0 0 3628800
11502 0 0 3628800
11503 0 0 3628800
11504 0 0 3628800
11505 0 0 3628800
11506 0 0 3628800
11507 0 9216 1814400
11508 0 0 3628800
11509 0 9216 1814400
11510 0 0 3628800
11511 0 0 3628800
11512 0 0 1814400
11513 0 0 3628800
11514 0 0 3628800
11515 0 0 1814400
11516 0 0 1814400
11517 0 0 3628800
11518 0 0 3628800
11519 0 0 1814400
11520 0 0 3628800
11521 0 0 1814400
11522 0 0 1814400
11523 0 9216 1814400
11524 0 9216 1814400
11525 0 18432 3628800
11526 0 0 3628800
11527 0 0 3628800
11528 0 0 3628800
11529 0 0 3628800
11530 0 0 3628800
11531 0 0 3628800
11532 0 -18432 3628800
11533 0 0 3628800
11534 0 0 3628800
11535 0 0 3628800
11536 0 0 3628800
11537 0 0 3628800
11538 0 0 3628800
11539 0 0 3628800
11540 0 0 3628800
11541 0 9216 1814400
11542 0 4608 907200
11543 0 -9216 1814400
11544 0 0 3628800
11545 0 0 3628800
11546 0 -9216 907200
11547 0 9216 1814400
11548 0 0 3628800
11549 0 0 3628800
11550 0 4608 907200
11551 0 0 3628800
11552 0 -9216 1814400
11553 0 0 3628800
11554 0 -9216 907200
11555 0 0 3628800
11556 0 0 3628800
11557 0 -18432 3628800
11558 0 9216 1814400
11559 0 0 3628800
11560 0 0 3628800
11561 0 0 3628800
11562 0 0 3628800
11563 0 0 3628800
11564 0 0 3628800
11565 0 0 3628800
11566 0 0 3628800
11567 0 9216 1814400
11568 0 0 3628800
11569 0 0 3628800
11570 0 0 3628800
11571 0 0 3628800
11572 0 0 3628800
11573 0 -18432 3628800
11574 0 9216 1814400
11575 0 0 3628800
11576 0 0 3628800
11577 0 -18432 3628800
11578 0 0 1814400
11579 0 0 3628800
11580 0 0 1814400
11581 0 18432 3628800
11582 0 0 3628800
11583 0 0 1814400
11584 0 0 3628800
11585 0 0 3628800
11586 0 0 3628800
11587 0 0 3628800
11588 0 0 3628800
11589 0 0 1814400
11590 0 18432 3628800
11591 0 0 3628800
11592 0 0 3628800
11593 0 0 3628800
11594 0 0 3628800
11595 0 0 3628800
11596 0 0 3628800
11597 0 0 3628800
11598 0 0 1814400
11599 0 0 3628800
11600 0 0 3628800
11601 0 0 3628800
11602 0 0 3628800
11603 0 0 3628800
11604 0 -18432 3628800
11605 0 0 3628800
11606 0 0 1814400
11607 0 0 3628800
11608 0 0 1814400
11609 0 0 3628800
11610 0 0 3628800
11611 0 0 3628800
11612 0 0 3628800
11613 0 9216 1814400
11614 0 0 3628800
11615 0 0 3628800
11616 0 0 3628800
11617 0 0 3628800
11618 0 0 3628800
11619 0 9216 1814400
11620 0 0 3628800
11621 0 0 3628800
11622 0 0 3628800
11623 0 0 3628800
11624 0 0 3628800
11625 0 0 3628800
11626 0 0 3628800
11627 0 0 3628800
11628 0 0 3628800
11629 0 0 3628800
11630 0 -18432 3628800
11631 0 0 3628800
11632 0 0 3628800
11633 0 0 3628800
11634 0 0 3628800
11635 0 0 3628800
11636 0 0 3628800
11637 0 0 3628800
11638 0 0 3628800
11639 0 0 3628800
11640 0 0 3628800
11641 0 0 3628800
11642 0 0 3628800
11643 0 0 3628800
11644 0 -18432 3628800
11645 0 0 3628800
11646 0 0 3628800
11647 0 0 3628800
11648 0 0 3628800
11649 0 0 3628800
11650 0 0 3628800
11651 0 0 3628800
11652 0 0 3628800
11653 0 0 3628800
11654 0 18432 3628800
11655 0 0 3628800
11656 0 -18432 3628800
11657 0 0 3628800
11658 0 0 3628800
11659 0 0 3628800
11660 0 0 3628800
11661 0 0 3628800
11662 0 0 3628800
11663 0 0 3628800
11664 0 18432 3628800
11665 0 9216 1814400
11666 0 -18432 3628800
11667 0 -36864 3628800
11668 0 -18432 3628800
11669 0 0 3628800
11670 0 -36864 3628800
11671 0 0 3628800
11672 0 0 3628800
11673 0 -18432 3628800
11674 0 0 3628800
11675 0 0 3628800
11676 0 0 3628800
11677 0 0 3628800
11678 0 0 3628800
11679 0 -18432 3628800
11680 0 18432 3628800
11681 0 0 3628800
11682 0 0 3628800
11683 0 0 3628800
11684 0 0 3628800
11685 0 -18432 3628800
11686 0 18432 3628800
11687 0 18432 3628800
11688 0 18432 3628800
11689 0 18432 3628800
11690 0 0 3628800
11691 0 0 3628800
11692 0 0 3628800
11693 0 0 1814400
11694 0 18432 3628800
11695 0 18432 3628800
11696 0 0 3628800
11697 0 0 3628800
11698 0 0 3628800
11699 0 0 3628800
11700 0 0 3628800
11701 0 0 3628800
11702 0 0 3628800
11703 0 18432 3628800
11704 0 0 3628800
11705 0 0 3628800
11706 0 0 3628800
11707 0 0 3628800
11708 0 0 3628800
11709 0 0 3628800
11710 0 0 3628800
11711 0 0 3628800
11712 0 0 3628800
11713 0 0 3628800
11714 0 0 3628800
11715 0 0 3628800
11716 0 0 3628800
11717 0 0 3628800
11718 0 0 3628800
11719 0 0 1814400
11720 0 0 3628800
11721 0 0 3628800
11722 0 0 3628800
11723 0 0 3628800
11724 0 0 3628800
11725 0 0 3628800
11726 0 0 3628800
11727 0 0 3628800
11728 0 0 3628800
11729 0 0 3628800
11730 0 0 3628800
11731 0 0 3628800
11732 0 0 3628800
11733 0 0 3628800
11734 0 0 3628800
11735 0 0 3628800
11736 0 0 3628800
11737 0 0 3628800
11738 0 0 3628800
11739 0 0 3628800
11740 0 0 3628800
11741 0 0 3628800
11742 0 0 3628800
11743 0 0 3628800
11744 0 0 3628800
11745 0 0 3628800
11746 0 0 3628800
11747 0 0 3628800
11748 0 0 3628800
11749 0 0 3628800
11750 0 0 3628800
11751 0 18432 3628800
11752 0 -18432 3628800
11753 0 18432 3628800
11754 0 0 3628800
11755 0 0 3628800
11756 0 0 3628800
11757 0 0 3628800
11758 0 0 3628800
11759 0 0 3628800
11760 0 0 3628800
11761 0 0 3628800
11762 0 18432 3628800
11763 0 -18432 3628800
11764 0 -18432 3628800
11765 0 -18432 3628800
11766 0 -18432 3628800
11767 0 -9216 1814400
11768 0 18432 3628800
11769 0 -18432 3628800
11770 0 0 3628800
11771 0 0 3628800
11772 0 0 3628800
11773 0 -18432 3628800
11774 0 0 3628800
11775 0 0 3628800
11776 0 -18432 3628800
11777 0 -9216 1814400
11778 0 0 3628800
11779 0 -18432 3628800
11780 0 -18432 3628800
11781 0 18432 3628800
11782 0 0 3628800
11783 0 0 3628800
11784 0 -18432 3628800
11785 0 0 3628800
11786 0 -18432 3628800
11787 0 -18432 3628800
11788 0 0 3628800
11789 0 18432 3628800
11790 0 0 3628800
11791 0 18432 3628800
11792 0 18432 3628800
11793 0 0 3628800
11794 0 0 3628800
11795 0 0 3628800
11796 0 0 3628800
11797 0 -18432 3628800
11798 0 0 3628800
11799 0 -18432 3628800
11800 0 0 3628800
11801 0 0 3628800
11802 0 -18432 3628800
11803 0 0 3628800
11804 0 0 3628800
11805 0 0 3628800
11806 0 0 3628800
11807 0 0 3628800
11808 0 0 3628800
11809 0 -18432 3628800
11810 0 -18432 3628800
11811 0 18432 3628800
11812 0 0 3628800
11813 0 0 3628800
11814 0 -18432 3628800
11815 0 0 3628800
11816 0 0 3628800
11817 0 -18432 3628800
11818 0 0 3628800
11819 0 0 3628800
11820 0 0 3628800
11821 0 0 3628800
11822 0 0 3628800
11823 0 -9216 1814400
11824 0 0 3628800
11825 0 0 3628800
11826 0 0 1814400
11827 0 18432 3628800
11828 0 0 1814400
11829 0 0 3628800
11830 0 0 3628800
11831 0 0 1814400
11832 0 0 3628800
11833 0 0 3628800
11834 0 0 1814400
11835 0 0 3628800
11836 0 0 3628800
11837 0 0 3628800
11838 0 0 1814400
11839 0 0 1814400
11840 0 0 1814400
11841 0 0 3628800
11842 0 -9216 1814400
11843 0 -18432 3628800
11844 0 -9216 1814400
11845 0 0 3628800
11846 0 0 1814400
11847 0 -18432 3628800
11848 0 -9216 1814400
11849 0 0 3628800
11850 0 0 1814400
11851 0 0 1814400
11852 0 0 1814400
11853 0 0 1814400
11854 0 0 3628800
11855 0 0 1814400
11856 0 0 3628800
11857 0 0 3628800
11858 0 0 1814400
11859 0 0 1814400
11860 0 0 1814400
11861 0 0 3628800
11862 0 0 3628800
11863 0 0 1814400
11864 0 0 1814400
11865 0 0 1814400
11866 0 0 3628800
11867 0 0 3628800
11868 0 0 1814400
11869 0 0 3628800
11870 0 0 3628800
11871 0 0 3628800
11872 0 0 3628800
11873 0 0 3628800
11874 0 0 3628800
11875 0 18432 3628800
11876 0 18432 3628800
11877 0 0 3628800
11878 0 18432 3628800
11879 0 0 3628800
11880 0 18432 3628800
11881 0 0 3628800
11882 0 18432 3628800
11883 0 0 3628800
11884 0 0 3628800
11885 0 0 1814400
11886 0 0 1814400
11887 0 9216 1814400
11888 0 0 3628800
11889 0 0 1814400
11890 0 0 3628800
11891 0 9216 1814400
11892 0 0 3628800
11893 0 0 1814400
11894 0 0 1814400
11895 0 9216 1814400
11896 0 9216 1814400
11897 0 -18432 3628800
11898 0 0 1814400
11899 0 9216 1814400
11900 0 18432 3628800
11901 0 0 1814400
11902 0 -18432 3628800
11903 0 0 3628800
11904 0 0 3628800
11905 0 0 3628800
11906 0 0 3628800
11907 0 -18432 1814400
11908 0 18432 3628800
11909 0 0 3628800
11910 0 0 1814400
11911 0 0 3628800
11912 0 0 1814400
11913 0 0 3628800
11914 0 0 1814400
11915 0 0 3628800
11916 0 0 1814400
11917 0 0 3628800
11918 0 0 3628800
11919 0 0 3628800
11920 0 0 3628800
11921 0 0 3628800
11922 0 0 3628800
11923 0 9216 1814400
11924 0 0 3628800
11925 0 0 3628800
11926 0 0 3628800
11927 0 0 3628800
11928 0 0 3628800
11929 0 0 1814400
11930 0 0 1814400
11931 0 36864 3628800
11932 0 0 3628800
11933 0 0 3628800
11934 0 0 1814400
11935 0 0 3628800
11936 0 0 1814400
11937 0 0 1814400
11938 0 36864 3628800
11939 0 9216 1814400
11940 0 0 3628800
11941 0 9216 1814400
11942 0 0 3628800
11943 0 0 3628800
11944 0 0 3628800
11945 0 0 3628800
11946 0 0 3628800
11947 0 0 1814400
11948 0 0 1814400
11949 0 0 3628800
11950 0 0 3628800
11951 0 0 3628800
11952 0 0 3628800
11953 0 0 3628800
11954 0 0 3628800
11955 0 0 3628800
11956 0 0 1814400
11957 0 0 1814400
11958 0 0 3628800
11959 0 0 3628800
11960 0 0 3628800
11961 0 0 3628800
11962 0 0 3628800
11963 0 0 3628800
11964 0 0 3628800
11965 0 0 3628800
11966 0 0 3628800
11967 0 0 1814400
11968 0 0 3628800
11969 0 0 3628800
11970 0 0 3628800
11971 0 0 3628800
11972 0 0 3628800
11973 0 0 3628800
11974 0 0 3628800
11975 0 0 3628800
11976 0 0 3628800
11977 0 0 3628800
11978 0 0 3628800
11979 0 0 3628800
11980 0 0 3628800
11981 0 0 3628800
11982 0 0 1814400
11983 0 0 3628800
11984 0 0 1814400
11985 0 -18432 3628800
11986 0 0 1814400
11987 0 0 3628800
11988 0 -18432 3628800
11989 0 0 3628800
11990 0 0 3628800
11991 0 0 1814400
11992 0 0 3628800
11993 0 -18432 3628800
11994 0 0 3628800
11995 0 0 3628800
11996 0 0 3628800
11997 0 0 3628800
11998 0 0 3628800
11999 0 -9216 1814400
12000 0 -9216 1814400
12001 0 0 3628800
12002 0 0 1814400
12003 0 0 3628800
12004 0 0 3628800
12005 0 0 3628800
12006 0 -9216 1814400
12007 0 0 3628800
12008 0 0 1814400
12009 0 0 3628800
12010 0 0 1814400
12011 0 0 3628800
12012 0 0 3628800
12013 0 0 3628800
12014 0 -9216 1814400
12015 0 0 3628800
12016 0 0 1814400
12017 0 0 3628800
12018 0 0 3628800
12019 0 0 3628800
12020 0 -9216 1814400
12021 0 0 3628800
12022 0 -18432 3628800
12023 0 -9216 1814400
12024 0 0 3628800
12025 0 9216 1814400
12026 0 0 3628800
12027 0 0 3628800
12028 0 0 3628800
12029 0 0 3628800
12030 0 0 3628800
12031 0 0 3628800
12032 0 0 3628800
12033 0 0 3628800
12034 0 0 3628800
12035 0 0 3628800
12036 0 0 3628800
12037 0 0 3628800
12038 0 0 3628800
12039 0 0 3628800
12040 0 0 3628800
12041 0 0 3628800
12042 0 0 3628800
12043 0 0 3628800
12044 0 0 3628800
12045 0 0 3628800
12046 0 0 3628800
12047 0 0 3628800
12048 0 0 3628800
12049 0 0 3628800
12050 0 0 3628800
12051 0 0 3628800
12052 0 0 3628800
12053 0 0 3628800
12054 0 0 3628800
12055 0 0 3628800
12056 0 0 3628800
12057 0 0 3628800
12058 0 0 3628800
12059 0 0 3628800
12060 0 0 3628800
12061 0 0 3628800
12062 0 0 3628800
12063 0 18432 3628800
12064 0 0 3628800
12065 0 18432 3628800
12066 0 -18432 3628800
12067 0 -18432 3628800
12068 0 0 3628800
12069 0 0 1814400
12070 0 0 3628800
12071 0 -18432 3628800
12072 0 0 3628800
12073 0 18432 3628800
12074 0 0 3628800
12075 0 18432 3628800
12076 0 0 3628800
12077 0 18432 3628800
12078 0 0 3628800
12079 0 0 3628800
12080 0 0 3628800
12081 0 0 3628800
12082 0 0 3628800
12083 0 0 3628800
12084 0 0 3628800
12085 0 0 3628800
12086 0 0 3628800
12087 0 0 3628800
12088 0 0 3628800
12089 0 0 3628800
12090 0 0 3628800
12091 0 0 3628800
12092 0 0 3628800
12093 0 0 3628800
12094 0 0 3628800
12095 0 -18432 3628800
12096 0 0 3628800
12097 0 0 3628800
12098 0 0 3628800
12099 0 0 3628800
12100 0 -18432 3628800
12101 0 -18432 3628800
12102 0 0 3628800
12103 0 0 3628800
12104 0 0 3628800
12105 0 0 1814400
12106 0 -18432 3628800
12107 0 -18432 3628800
12108 0 0 3628800
12109 0 0 3628800
12110 0 18432 3628800
12111 0 0 3628800
12112 0 0 3628800
12113 0 0 3628800
12114 0 0 3628800
12115 0 0 3628800
12116 0 0 3628800
12117 0 0 3628800
12118 0 0 3628800
12119 0 0 3628800
12120 0 0 3628800
12121 0 0 3628800
12122 0 18432 3628800
12123 0 0 3628800
12124 0 0 3628800
12125 0 0 3628800
12126 0 0 3628800
12127 0 0 3628800
12128 0 -18432 3628800
12129 0 0 3628800
12130 0 -18432 3628800
12131 0 0 3628800
12132 0 0 3628800
12133 0 0 3628800
12134 0 -18432 3628800
12135 0 0 3628800
12136 0 0 3628800
12137 0 0 3628800
12138 0 0 3628800
12139 0 0 3628800
12140 0 0 3628800
12141 0 -18432 3628800
12142 0 0 3628800
12143 0 -18432 3628800
12144 0 0 3628800
12145 0 0 3628800
12146 0 0 3628800
12147 0 0 3628800
12148 0 0 3628800
12149 0 0 3628800
12150 0 0 3628800
12151 0 0 3628800
12152 0 0 3628800
12153 0 0 3628800
12154 0 0 3628800
12155 0 0 3628800
12156 0 0 3628800
12157 0 0 3628800
12158 0 4608 907200
12159 0 0 3628800
12160 0 0 3628800
12161 0 0 3628800
12162 0 0 3628800
12163 0 18432 3628800
12164 0 4608 907200
12165 0 0 3628800
12166 0 18432 3628800
12167 0 0 3628800
12168 0 0 1814400
12169 0 0 3628800
12170 0 0 3628800
12171 0 0 3628800
12172 0 0 3628800
12173 0 0 3628800
12174 0 0 3628800
12175 0 0 3628800
12176 0 0 3628800
12177 0 0 3628800
12178 0 0 3628800
12179 0 0 3628800
12180 0 0 3628800
12181 0 0 3628800
12182 0 0 3628800
12183 0 0 3628800
12184 0 0 3628800
12185 0 -18432 3628800
12186 0 0 3628800
12187 0 -18432 3628800
12188 0 0 3628800
12189 0 -18432 3628800
12190 0 0 3628800
12191 0 9216 1814400
12192 0 -9216 1814400
12193 0 0 3628800
12194 0 9216 1814400
12195 0 0 3628800
12196 0 0 1814400
12197 0 0 1814400
12198 0 18432 3628800
12199 0 9216 1814400
12200 0 0 3628800
12201 0 -9216 1814400
12202 0 0 3628800
12203 0 0 3628800
12204 0 0 3628800
12205 0 0 3628800
12206 0 0 3628800
12207 0 0 3628800
12208 0 0 3628800
12209 0 0 3628800
12210 0 0 3628800
12211 0 0 3628800
12212 0 0 3628800
12213 0 0 3628800
12214 0 0 3628800
12215 0 0 3628800
12216 0 0 3628800
12217 0 0 3628800
12218 0 0 3628800
12219 0 0 3628800
12220 0 0 3628800
12221 0 0 3628800
12222 0 0 3628800
12223 0 0 3628800
12224 0 0 3628800
12225 0 0 3628800
12226 0 0 3628800
12227 0 0 3628800
12228 0 0 3628800
12229 0 18432 3628800
12230 0 18432 3628800
12231 0 0 3628800
12232 0 -36864 3628800
12233 0 0 3628800
12234 0 -36864 3628800
12235 0 0 3628800
12236 0 0 3628800
12237 0 0 3628800
12238 0 0 3628800
12239 0 0 3628800
12240 0 0 1814400
12241 0 0 3628800
12242 0 0 3628800
12243 0 0 3628800
12244 0 0 1814400
12245 0 0 3628800
12246 0 0 1814400
12247 0 0 3628800
12248 0 0 3628800
12249 0 -36864 3628800
12250 0 0 1814400
12251 0 -36864 3628800
12252 0 0 1814400
12253 0 0 3628800
12254 0 0 3628800
12255 0 18432 3628800
12256 0 18432 3628800
12257 0 0 3628800
12258 0 0 3628800
12259 0 0 3628800
12260 0 0 3628800
12261 0 0 3628800
12262 0 0 1814400
12263 0 18432 3628800
12264 0 0 3628800
12265 0 18432 3628800
12266 0 0 3628800
12267 0 0 3628800
12268 0 0 3628800
12269 0 0 3628800
12270 0 0 3628800
12271 0 0 3628800
12272 0 0 3628800
12273 0 0 3628800
12274 0 18432 3628800
12275 0 0 3628800
12276 0 0 3628800
12277 0 0 3628800
12278 0 0 3628800
12279 0 18432 3628800
12280 0 18432 3628800
12281 0 0 3628800
12282 0 0 3628800
12283 0 0 3628800
12284 0 0 3628800
12285 0 0 3628800
12286 0 0 3628800
12287 0 0 3628800
12288 0 0 3628800
12289 0 0 3628800
12290 0 0 3628800
12291 0 0 3628800
12292 0 -18432 3628800
12293 0 0 3628800
12294 0 0 3628800
12295 0 18432 3628800
12296 0 0 3628800
12297 0 0 3628800
12298 0 0 3628800
12299 0 0 3628800
12300 0 18432 3628800
12301 0 0 3628800
12302 0 0 3628800
12303 0 0 3628800
12304 0 0 3628800
12305 0 0 3628800
12306 0 0 3628800
12307 0 0 3628800
12308 0 18432 3628800
12309 0 0 3628800
12310 0 0 3628800
12311 0 0 3628800
12312 0 0 3628800
12313 0 0 3628800
12314 0 0 3628800
12315 0 0 3628800
12316 0 0 3628800
12317 0 0 3628800
12318 0 0 3628800
12319 0 0 3628800
12320 0 0 3628800
12321 0 0 3628800
12322 0 0 3628800
12323 0 0 1814400
12324 0 0 1814400
12325 0 0 1814400
12326 0 0 1814400
12327 0 0 1814400
12328 0 0 1814400
12329 0 0 3628800
12330 0 0 3628800
12331 0 0 3628800
12332 0 0 3628800
12333 0 0 3628800
12334 0 0 1814400
12335 0 0 3628800
12336 0 0 1814400
12337 0 0 1814400
12338 0 18432 3628800
12339 0 0 3628800
12340 0 0 3628800
12341 0 0 3628800
12342 0 0 3628800
12343 0 0 3628800
12344 0 0 3628800
12345 0 18432 3628800
12346 0 18432 3628800
12347 0 18432 3628800
12348 0 18432 3628800
12349 0 0 3628800
12350 0 0 3628800
12351 0 0 3628800
12352 0 0 3628800
12353 0 -4608 907200
12354 0 0 907200
12355 0 0 3628800
12356 0 0 3628800
12357 0 0 1814400
12358 0 0 1814400
12359 0 0 1814400
12360 0 0 1814400
12361 0 0 3628800
12362 0 0 1814400
12363 0 0 1814400
12364 0 0 1814400
12365 0 0 3628800
12366 0 0 3628800
12367 0 0 3628800
12368 0 0 3628800
12369 0 0 3628800
12370 0 0 3628800
12371 0 0 3628800
12372 0 0 3628800
12373 0 0 3628800
12374 0 0 3628800
12375 0 0 3628800
12376 0 0 3628800
12377 0 0 3628800
12378 0 0 1814400
12379 0 0 3628800
12380 0 0 3628800
12381 0 0 3628800
12382 0 0 3628800
12383 0 0 3628800
12384 0 0 3628800
12385 0 0 1814400
12386 0 0 1814400
12387 0 -18432 3628800
12388 0 0 1814400
12389 0 0 1814400
12390 0 -18432 3628800
12391 0 0 1814400
12392 0 0 3628800
12393 0 0 3628800
12394 0 -18432 3628800
12395 0 0 1814400
12396 0 -18432 3628800
12397 0 0 3628800
12398 0 0 3628800
12399 0 0 1814400
12400 0 0 3628800
12401 0 0 3628800
12402 0 0 1814400
12403 0 0 3628800
12404 0 0 1814400
12405 0 -18432 3628800
12406 0 0 3628800
12407 0 0 907200
12408 0 0 907200
12409 0 0 1814400
12410 0 0 3628800
12411 0 0 3628800
12412 0 0 1814400
12413 0 -18432 1814400
12414 0 -18432 3628800
12415 0 0 3628800
12416 0 -4608 907200
12417 0 -18432 1814400
12418 0 0 1814400
12419 0 0 1814400
12420 0 0 3628800
12421 0 -18432 1814400
12422 0 0 1814400
12423 0 0 3628800
12424 0 0 3628800
12425 0 -18432 1814400
12426 0 0 3628800
12427 0 -18432 1814400
12428 0 0 3628800
12429 0 0 3628800
12430 0 0 1814400
12431 0 -18432 1814400
12432 0 0 3628800
12433 0 4608 907200
12434 0 4608 907200
12435 0 -9216 907200
12436 0 0 3628800
12437 0 0 3628800
12438 0 -9216 907200
12439 0 0 907200
12440 0 4608 907200
12441 0 0 3628800
12442 0 -9216 907200
12443 0 0 907200
12444 0 0 3628800
12445 0 0 3628800
12446 0 0 3628800
12447 0 0 3628800
12448 0 0 3628800
12449 0 0 3628800
12450 0 0 3628800
12451 0 0 3628800
12452 0 0 3628800
12453 0 0 3628800
12454 0 0 3628800
12455 0 0 3628800
12456 0 0 3628800
12457 0 0 3628800
12458 0 0 3628800
12459 0 0 3628800
12460 0 0 3628800
12461 0 0 3628800
12462 0 0 3628800
12463 0 0 3628800
12464 0 -18432 3628800
12465 0 0 3628800
12466 0 0 3628800
12467 0 0 3628800
12468 0 -18432 3628800
12469 0 0 3628800
12470 0 0 3628800
12471 0 -18432 3628800
12472 0 0 3628800
12473 0 -18432 3628800
12474 0 -18432 3628800
12475 0 0 3628800
12476 0 -18432 3628800
12477 0 18432 3628800
12478 0 -9216 1814400
12479 0 0 3628800
12480 0 0 3628800
12481 0 0 3628800
12482 0 0 3628800
12483 0 0 3628800
12484 0 0 3628800
12485 0 0 3628800
12486 0 36864 3628800
12487 0 0 3628800
12488 0 0 1814400
12489 0 0 3628800
12490 0 0 1814400
12491 0 0 3628800
12492 0 0 3628800
12493 0 0 3628800
12494 0 18432 3628800
12495 0 0 1814400
12496 0 0 1814400
12497 0 -18432 3628800
12498 0 0 3628800
12499 0 0 3628800
12500 0 -18432 3628800
12501 0 0 3628800
12502 0 0 3628800
12503 0 0 3628800
12504 0 0 3628800
12505 0 0 3628800
12506 0 0 3628800
12507 0 0 3628800
12508 0 0 3628800
12509 0 0 1814400
12510 0 0 3628800
12511 0 0 3628800
12512 0 0 3628800
12513 0 0 907200
12514 0 0 3628800
12515 0 -9216 1814400
12516 0 -9216 1814400
12517 0 0 907200
12518 0 0 1814400
12519 0 0 1814400
12520 0 0 3628800
12521 0 0 1814400
12522 0 0 1814400
12523 0 0 1814400
12524 0 0 3628800
12525 0 0 1814400
12526 0 -9216 1814400
12527 0 -9216 1814400
12528 0 0 3628800
12529 0 0 3628800
12530 0 0 3628800
12531 0 0 3628800
12532 0 0 3628800
12533 0 0 3628800
12534 0 0 3628800
12535 0 0 3628800
12536 0 0 1814400
12537 0 0 3628800
12538 0 0 3628800
12539 0 0 3628800
12540 0 0 3628800
12541 0 0 3628800
12542 0 9216 1814400
12543 0 0 3628800
12544 0 9216 1814400
12545 0 0 3628800
12546 0 0 3628800
12547 0 -9216 1814400
12548 0 0 3628800
12549 0 0 3628800
12550 0 0 3628800
12551 0 0 3628800
12552 0 -9216 1814400
12553 0 -9216 1814400
12554 0 9216 1814400
12555 0 -9216 1814400
12556 0 -9216 1814400
12557 0 0 1814400
12558 0 0 3628800
12559 0 0 3628800
12560 0 0 1814400
12561 0 0 3628800
12562 0 0 3628800
12563 0 0 1814400
12564 0 0 3628800
12565 0 18432 3628800
12566 0 0 3628800
12567 0 0 3628800
12568 0 0 3628800
12569 0 0 3628800
12570 0 0 3628800
12571 0 0 3628800
12572 0 0 3628800
12573 0 0 3628800
12574 0 0 3628800
12575 0 0 3628800
12576 0 0 3628800
12577 0 0 3628800
12578 0 0 1814400
12579 0 0 3628800
12580 0 0 1814400
12581 0 -9216 1814400
12582 0 0 1814400
12583 0 0 3628800
12584 0 0 907200
12585 0 0 3628800
12586 0 0 907200
12587 0 -18432 3628800
12588 0 0 3628800
12589 0 0 1814400
12590 0 -9216 1814400
12591 0 0 1814400
12592 0 0 3628800
12593 0 0 1814400
12594 0 -9216 1814400
12595 0 0 3628800
12596 0 0 3628800
12597 0 -18432 3628800
12598 0 -18432 3628800
12599 0 0 3628800
12600 0 0 3628800
12601 0 0 3628800
12602 0 0 3628800
12603 0 0 3628800
12604 0 0 3628800
12605 0 0 3628800
12606 0 0 3628800
12607 0 0 3628800
12608 0 0 3628800
12609 0 0 3628800
12610 0 0 3628800
12611 0 0 3628800
12612 0 0 1814400
12613 0 0 3628800
12614 0 0 3628800
12615 0 -18432 3628800
12616 0 0 3628800
12617 0 0 3628800
12618 0 -18432 3628800
12619 0 0 3628800
12620 0 0 1814400
12621 0 0 3628800
12622 0 0 3628800
12623 0 0 3628800
12624 0 0 3628800
12625 0 0 3628800
12626 0 0 3628800
12627 0 0 3628800
12628 0 0 3628800
12629 0 0 3628800
12630 0 0 3628800
12631 0 0 1814400
12632 0 0 3628800
12633 0 0 3628800
12634 0 0 3628800
12635 0 0 3628800
12636 0 0 3628800
12637 0 0 3628800
12638 0 0 3628800
12639 0 0 1814400
12640 0 0 3628800
12641 0 0 3628800
12642 0 -18432 3628800
12643 0 0 3628800
12644 0 0 3628800
12645 0 -9216 1814400
12646 0 0 3628800
12647 0 -9216 1814400
12648 0 0 3628800
12649 0 -18432 3628800
12650 0 0 1814400
12651 0 0 1814400
12652 0 0 1814400
12653 0 0 1814400
12654 0 0 3628800
12655 0 -4608 907200
12656 0 -4608 907200
12657 0 0 3628800
12658 0 0 1814400
12659 0 0 3628800
12660 0 0 3628800
12661 0 0 1814400
12662 0 0 3628800
12663 0 0 3628800
12664 0 0 3628800
12665 0 0 3628800
12666 0 0 3628800
12667 0 -18432 1814400
12668 0 0 3628800
12669 0 -18432 3628800
12670 0 0 3628800
12671 0 0 3628800
12672 0 0 3628800
12673 0 0 3628800
12674 0 4608 907200
12675 0 0 3628800
12676 0 -9216 1814400
12677 0 -18432 3628800
12678 0 0 3628800
12679 0 0 1814400
12680 0 -18432 3628800
12681 0 9216 1814400
12682 0 -18432 3628800
12683 0 0 3628800
12684 0 0 3628800
12685 0 0 3628800
12686 0 0 3628800
12687 0 0 3628800
12688 0 0 3628800
12689 0 -18432 3628800
12690 0 18432 3628800
12691 0 0 3628800
12692 0 18432 3628800
12693 0 18432 3628800
12694 0 0 3628800
12695 0 0 3628800
12696 0 -18432 3628800
12697 0 -18432 3628800
12698 0 0 3628800
12699 0 0 3628800
12700 0 0 3628800
12701 0 0 3628800
12702 0 0 3628800
12703 0 0 3628800
12704 0 0 3628800
12705 0 0 1814400
12706 0 0 3628800
12707 0 0 3628800
12708 0 0 1814400
12709 0 0 1814400
12710 0 0 3628800
12711 0 0 3628800
12712 0 0 3628800
12713 0 18432 3628800
12714 0 0 1814400
12715 0 0 3628800
12716 0 0 3628800
12717 0 -18432 3628800
12718 0 0 1814400
12719 0 9216 1814400
12720 0 0 3628800
12721 0 -9216 1814400
12722 0 9216 1814400
12723 0 0 3628800
12724 0 0 1814400
12725 0 0 1814400
12726 0 0 3628800
12727 0 -9216 1814400
12728 0 0 3628800
12729 0 0 3628800
12730 0 18432 3628800
12731 0 9216 1814400
12732 0 0 1814400
12733 0 18432 1814400
12734 0 0 3628800
12735 0 18432 3628800
12736 0 -9216 1814400
12737 0 0 3628800
12738 0 0 3628800
12739 0 0 3628800
12740 0 0 3628800
12741 0 0 1814400
12742 0 -18432 3628800
12743 0 -9216 1814400
12744 0 0 3628800
12745 0 0 1814400
12746 0 0 3628800
12747 0 0 1814400
12748 0 9216 1814400
12749 0 0 1814400
12750 0 0 1814400
12751 0 0 3628800
12752 0 9216 1814400
12753 0 -6912 453600
12754 0 -4608 907200
12755 0 0 907200
12756 0 0 907200
12757 0 -4608 907200
12758 0 0 907200
12759 0 0 3628800
12760 0 0 3628800
12761 0 0 3628800
12762 0 0 3628800
12763 0 0 1814400
12764 0 0 3628800
12765 0 0 3628800
12766 0 0 1814400
12767 0 0 3628800
12768 0 0 3628800
12769 0 0 3628800
12770 0 0 3628800
12771 0 0 3628800
12772 0 0 1814400
12773 0 0 3628800
12774 0 0 3628800
12775 0 0 3628800
12776 0 0 1814400
12777 0 0 3628800
12778 0 0 3628800
12779 0 0 3628800
12780 0 0 3628800
12781 0 0 3628800
12782 0 0 3628800
12783 0 0 3628800
12784 0 0 3628800
12785 0 0 3628800
12786 0 0 1814400
12787 0 0 3628800
12788 0 0 3628800
12789 0 0 3628800
12790 0 0 3628800
12791 0 0 3628800
12792 0 0 3628800
12793 0 0 1814400
12794 0 0 1814400
12795 0 0 1814400
12796 0 0 3628800
12797 0 0 3628800
12798 0 0 3628800
12799 0 0 3628800
12800 0 0 3628800
12801 0 0 3628800
12802 0 0 3628800
12803 0 0 3628800
12804 0 0 3628800
12805 0 0 1814400
12806 0 9216 1814400
12807 0 -18432 3628800
12808 0 0 3628800
12809 0 9216 1814400
12810 0 0 3628800
12811 0 0 3628800
12812 0 0 3628800
12813 0 18432 3628800
12814 0 18432 3628800
12815 0 0 1814400
12816 0 0 3628800
12817 0 0 3628800
12818 0 0 1814400
12819 0 0 3628800
12820 0 0 3628800
12821 0 0 3628800
12822 0 0 1814400
12823 0 -18432 3628800
12824 0 0 3628800
12825 0 0 907200
12826 0 0 1814400
12827 0 0 1814400
12828 0 0 1814400
12829 0 0 1814400
12830 0 -4608 907200
12831 0 0 1814400
12832 0 -4608 907200
12833 0 0 1814400
12834 0 0 3628800
12835 0 -9216 1814400
12836 0 0 3628800
12837 0 18432 1814400
12838 0 -9216 1814400
12839 0 0 3628800
12840 0 18432 1814400
12841 0 0 3628800
12842 0 0 3628800
12843 0 -18432 3628800
12844 0 -18432 3628800
12845 0 18432 3628800
12846 0 0 3628800
12847 0 0 3628800
12848 0 -9216 1814400
12849 0 0 1814400
12850 0 0 1814400
12851 0 0 3628800
12852 0 0 3628800
12853 0 0 3628800
12854 0 0 3628800
12855 0 0 3628800
12856 0 0 3628800
12857 0 0 3628800
12858 0 -18432 3628800
12859 0 -9216 1814400
12860 0 0 3628800
12861 0 0 3628800
12862 0 0 3628800
12863 0 0 1814400
12864 0 0 3628800
12865 0 -18432 3628800
12866 0 0 3628800
12867 0 0 1814400
12868 0 0 3628800
12869 0 0 3628800
12870 0 0 3628800
12871 0 0 3628800
12872 0 9216 1814400
12873 0 0 1814400
12874 0 18432 3628800
12875 0 0 3628800
12876 0 9216 1814400
12877 0 9216 1814400
12878 0 18432 3628800
12879 0 0 3628800
12880 0 0 1814400
12881 0 0 3628800
12882 0 0 1814400
12883 0 0 1814400
12884 0 -9216 907200
12885 0 -9216 1814400
12886 0 18432 3628800
12887 0 0 1814400
12888 0 0 3628800
12889 0 0 1814400
12890 0 -9216 907200
12891 0 -9216 1814400
12892 0 0 1814400
12893 0 0 3628800
12894 0 0 907200
12895 0 0 907200
12896 0 9216 1814400
12897 0 0 3628800
12898 0 0 1814400
12899 0 0 907200
12900 0 9216 1814400
12901 0 0 3628800
12902 0 0 3628800
12903 0 0 3628800
12904 0 0 3628800
12905 0 0 3628800
12906 0 -18432 3628800
12907 0 0 3628800
12908 0 0 3628800
12909 0 0 1814400
12910 0 0 3628800
12911 0 0 3628800
12912 0 9216 1814400
12913 0 0 3628800
12914 0 0 3628800
12915 0 0 3628800
12916 0 0 3628800
12917 0 0 1814400
12918 0 0 3628800
12919 0 0 3628800
12920 0 9216 1814400
12921 0 0 1814400
12922 0 0 1814400
12923 0 0 1814400
12924 0 0 3628800
12925 0 18432 3628800
12926 0 0 3628800
12927 0 -18432 3628800
12928 0 0 1814400
12929 0 -18432 3628800
12930 0 0 3628800
12931 0 0 1814400
12932 0 18432 3628800
12933 0 0 1814400
12934 0 0 3628800
12935 0 9216 1814400
12936 0 0 3628800
12937 0 0 3628800
12938 0 0 3628800
12939 0 0 3628800
12940 0 0 3628800
12941 0 0 3628800
12942 0 0 3628800
12943 0 0 3628800
12944 0 0 3628800
12945 0 0 3628800
12946 0 0 3628800
12947 0 0 3628800
12948 0 0 1814400
12949 0 0 1814400
12950 0 0 1814400
12951 0 0 1814400
12952 0 -18432 3628800
12953 0 0 1814400
12954 0 0 3628800
12955 0 0 1814400
12956 0 0 1814400
12957 0 -18432 3628800
12958 0 0 1814400
12959 0 0 1814400
12960 0 0 3628800
12961 0 0 1814400
12962 0 0 3628800
12963 0 0 1814400
12964 0 0 1814400
12965 0 0 1814400
12966 0 0 3628800
12967 0 0 1814400
12968 0 0 3628800
12969 0 0 1814400
12970 0 0 3628800
12971 0 0 907200
12972 0 18432 3628800
12973 0 0 907200
12974 0 -18432 3628800
12975 0 0 1814400
12976 0 0 453600
12977 0 0 453600
12978 0 0 1814400
12979 0 0 1814400
12980 0 0 1814400
12981 0 -18432 3628800
12982 0 0 3628800
12983 0 0 3628800
12984 0 0 3628800
12985 0 0 3628800
12986 0 0 3628800
12987 0 -18432 3628800
12988 0 0 3628800
12989 0 -9216 1814400
12990 0 0 3628800
12991 0 0 3628800
12992 0 -9216 1814400
12993 0 0 1814400
12994 0 9216 1814400
12995 0 -18432 3628800
12996 0 0 1814400
12997 0 -18432 3628800
12998 0 0 1814400
12999 0 0 1814400
13000 0 -9216 1814400
13001 0 0 1814400
13002 0 -9216 1814400
13003 0 18432 3628800
13004 0 18432 3628800
13005 0 18432 3628800
13006 0 0 3628800
13007 0 0 1814400
13008 0 9216 1814400
13009 0 18432 3628800
13010 0 0 3628800
13011 0 0 1814400
13012 0 0 3628800
13013 0 0 3628800
13014 0 0 3628800
13015 0 0 3628800
13016 0 0 3628800
13017 0 0 3628800
13018 0 0 3628800
13019 0 0 3628800
13020 0 0 3628800
13021 0 0 3628800
13022 0 0 3628800
13023 0 0 3628800
13024 0 0 1814400
13025 0 0 3628800
13026 0 0 3628800
13027 0 0 3628800
13028 0 0 3628800
13029 0 -18432 3628800
13030 0 0 3628800
13031 0 4608 907200
13032 0 4608 907200
13033 0 -18432 3628800
13034 0 0 3628800
13035 0 0 3628800
13036 0 0 3628800
13037 0 0 3628800
13038 0 9216 1814400
13039 0 0 3628800
13040 0 9216 1814400
13041 0 9216 1814400
13042 0 36864 3628800
13043 0 0 3628800
13044 0 0 3628800
13045 0 -18432 3628800
13046 0 9216 1814400
13047 0 0 1814400
13048 0 0 3628800
13049 0 0 3628800
13050 0 0 3628800
13051 0 0 3628800
13052 0 0 3628800
13053 0 -18432 3628800
13054 0 0 1814400
13055 0 0 3628800
13056 0 0 3628800
13057 0 0 1814400
13058 0 -18432 3628800
13059 0 -18432 3628800
13060 0 -18432 3628800
13061 0 0 1814400
13062 0 -18432 3628800
13063 0 0 3628800
13064 0 0 3628800
13065 0 -18432 3628800
13066 0 -18432 1814400
13067 0 18432 3628800
13068 0 0 3628800
13069 0 0 3628800
13070 0 0 3628800
13071 0 0 3628800
13072 0 9216 1814400
13073 0 0 3628800
13074 0 -18432 3628800
13075 0 0 1814400
13076 0 18432 3628800
13077 0 0 3628800
13078 0 9216 1814400
13079 0 0 3628800
13080 0 0 3628800
13081 0 0 3628800
13082 0 -18432 3628800
13083 0 -18432 3628800
13084 0 18432 3628800
13085 0 0 3628800
13086 0 0 3628800
13087 0 -18432 3628800
13088 0 0 3628800
13089 0 9216 1814400
13090 0 18432 3628800
13091 0 0 907200
13092 0 0 3628800
13093 0 0 3628800
13094 0 18432 3628800
13095 0 0 3628800
13096 0 0 3628800
13097 0 0 3628800
13098 0 -18432 3628800
13099 0 0 3628800
13100 0 18432 3628800
13101 0 0 3628800
13102 0 0 3628800
13103 0 0 3628800
13104 0 0 3628800
13105 0 -18432 3628800
13106 0 0 3628800
13107 0 18432 3628800
13108 0 0 3628800
13109 0 0 3628800
13110 0 0 3628800
13111 0 0 3628800
13112 0 0 3628800
13113 0 0 3628800
13114 0 0 1814400
13115 0 0 3628800
13116 0 0 3628800
13117 0 0 3628800
13118 0 0 1814400
13119 0 9216 1814400
13120 0 0 3628800
13121 0 0 1814400
13122 0 0 1814400
13123 0 -18432 3628800
13124 0 0 1814400
13125 0 -9216 1814400
13126 0 18432 3628800
13127 0 0 3628800
13128 0 9216 1814400
13129 0 9216 1814400
13130 0 -9216 907200
13131 0 -18432 3628800
13132 0 0 1814400
13133 0 4608 907200
13134 0 0 1814400
13135 0 0 3628800
13136 0 0 3628800
13137 0 0 3628800
13138 0 0 3628800
13139 0 18432 3628800
13140 0 0 3628800
13141 0 0 3628800
13142 0 0 3628800
13143 0 9216 1814400
13144 0 18432 3628800
13145 0 0 3628800
13146 0 -18432 3628800
13147 0 0 3628800
13148 0 0 3628800
13149 0 18432 3628800
13150 0 0 3628800
13151 0 0 1814400
13152 0 0 1814400
13153 0 18432 3628800
13154 0 0 3628800
13155 0 0 3628800
13156 0 0 3628800
13157 0 0 3628800
13158 0 0 3628800
13159 0 -4608 907200
13160 0 0 3628800
13161 0 9216 1814400
13162 0 -4608 907200
13163 0 0 3628800
13164 0 -9216 1814400
13165 0 0 3628800
13166 0 9216 1814400
13167 0 0 3628800
13168 0 0 3628800
13169 0 -9216 1814400
13170 0 9216 1814400
13171 0 -9216 1814400
13172 0 0 3628800
13173 0 -18432 3628800
13174 0 0 3628800
13175 0 0 3628800
13176 0 0 1814400
13177 0 0 3628800
13178 0 0 3628800
13179 0 0 3628800
13180 0 0 3628800
13181 0 0 3628800
13182 0 0 3628800
13183 0 0 3628800
13184 0 9216 1814400
13185 0 -18432 3628800
13186 0 0 3628800
13187 0 0 3628800
13188 0 0 3628800
13189 0 0 3628800
13190 0 0 3628800
13191 0 0 3628800
13192 0 0 3628800
13193 0 -18432 3628800
13194 0 0 3628800
13195 0 0 3628800
13196 0 0 3628800
13197 0 0 1814400
13198 0 0 3628800
13199 0 0 3628800
13200 0 0 1814400
13201 0 0 3628800
13202 0 18432 3628800
13203 0 0 3628800
13204 0 18432 3628800
13205 0 0 3628800
13206 0 0 3628800
13207 0 0 3628800
13208 0 0 3628800
13209 0 0 3628800
13210 0 0 3628800
13211 0 0 3628800
13212 0 0 3628800
13213 0 0 3628800
13214 0 0 3628800
13215 0 18432 3628800
13216 0 0 3628800
13217 0 0 3628800
13218 0 0 3628800
13219 0 0 3628800
13220 0 -18432 3628800
13221 0 18432 1814400
13222 0 9216 1814400
13223 0 0 3628800
13224 0 0 3628800
13225 0 0 1814400
13226 0 0 3628800
13227 0 0 3628800
13228 0 18432 1814400
13229 0 0 3628800
13230 0 0 1814400
13231 0 18432 1814400
13232 0 0 3628800
13233 0 9216 1814400
13234 0 0 3628800
13235 0 9216 1814400
13236 0 0 3628800
13237 0 0 3628800
13238 0 0 1814400
13239 0 0 3628800
13240 0 0 1814400
13241 0 0 1814400
13242 0 -18432 3628800
13243 0 0 3628800
13244 0 -18432 3628800
13245 0 0 3628800
13246 0 18432 3628800
13247 0 0 1814400
13248 0 18432 3628800
13249 0 0 3628800
13250 0 0 3628800
13251 0 0 3628800
13252 0 0 3628800
13253 0 -18432 3628800
13254 0 0 3628800
13255 0 0 3628800
13256 0 -18432 3628800
13257 0 18432 3628800
13258 0 18432 3628800
13259 0 0 3628800
13260 0 0 1814400
13261 0 0 3628800
13262 0 0 3628800
13263 0 0 3628800
13264 0 0 3628800
13265 0 0 3628800
13266 0 0 3628800
13267 0 0 1814400
13268 0 0 3628800
13269 0 0 3628800
13270 0 0 3628800
13271 0 0 1814400
13272 0 0 3628800
13273 0 0 1814400
13274 0 0 3628800
13275 0 0 1814400
13276 0 0 1814400
13277 0 0 3628800
13278 0 0 3628800
13279 0 0 3628800
13280 0 0 3628800
13281 0 0 3628800
13282 0 0 3628800
13283 0 -18432 3628800
13284 0 18432 3628800
13285 0 0 1814400
13286 0 0 1814400
13287 0 0 1814400
13288 0 0 1814400
13289 0 0 1814400
13290 0 0 3628800
13291 0 0 3628800
13292 0 0 3628800
13293 0 -18432 3628800
13294 0 18432 3628800
13295 0 0 3628800
13296 0 0 3628800
13297 0 0 3628800
13298 0 0 3628800
13299 0 18432 3628800
13300 0 0 3628800
13301 0 0 3628800
13302 0 -18432 3628800
13303 0 0 3628800
13304 0 0 3628800
13305 0 0 3628800
13306 0 0 3628800
13307 0 18432 3628800
13308 0 18432 3628800
13309 0 18432 3628800
13310 0 0 3628800
13311 0 0 3628800
13312 0 0 3628800
13313 0 0 3628800
13314 0 0 3628800
13315 0 0 3628800
13316 0 -18432 3628800
13317 0 18432 3628800
13318 0 0 3628800
13319 0 0 3628800
13320 0 -18432 3628800
13321 0 0 3628800
13322 0 0 3628800
13323 0 0 1814400
13324 0 0 3628800
13325 0 0 3628800
13326 0 0 1814400
13327 0 0 1814400
13328 0 0 3628800
13329 0 0 3628800
13330 0 0 3628800
13331 0 18432 3628800
13332 0 0 1814400
13333 0 0 1814400
13334 0 0 1814400
13335 0 0 3628800
13336 0 9216 1814400
13337 0 0 3628800
13338 0 0 3628800
13339 0 9216 1814400
13340 0 0 3628800
13341 0 0 3628800
13342 0 -18432 3628800
13343 0 0 3628800
13344 0 0 3628800
13345 0 0 3628800
13346 0 0 3628800
13347 0 0 3628800
13348 0 0 3628800
13349 0 18432 3628800
13350 0 0 3628800
13351 0 18432 3628800
13352 0 0 3628800
13353 0 0 3628800
13354 0 0 3628800
13355 0 0 3628800
13356 0 0 907200
13357 0 -18432 3628800
13358 0 0 3628800
13359 0 0 3628800
13360 0 0 907200
13361 0 0 3628800
13362 0 0 3628800
13363 0 0 3628800
13364 0 4608 907200
13365 0 0 3628800
13366 0 0 3628800
13367 0 -18432 3628800
13368 0 0 3628800
13369 0 0 907200
13370 0 18432 3628800
13371 0 0 3628800
13372 0 0 907200
13373 0 0 3628800
13374 0 0 3628800
13375 0 0 3628800
13376 0 -18432 3628800
13377 0 0 907200
13378 0 0 1814400
13379 0 0 3628800
13380 0 -9216 907200
13381 0 0 1814400
13382 0 0 1814400
13383 0 0 1814400
13384 0 0 1814400
13385 0 -9216 1814400
13386 0 9216 1814400
13387 0 -9216 907200
13388 0 -9216 1814400
13389 0 4608 907200
13390 0 0 1814400
13391 0 -9216 1814400
13392 0 0 3628800
13393 0 0 1814400
13394 0 0 3628800
13395 0 0 3628800
13396 0 0 3628800
13397 0 -9216 1814400
13398 0 0 3628800
13399 0 0 1814400
13400 0 18432 3628800
13401 0 -9216 1814400
13402 0 9216 1814400
13403 0 18432 3628800
13404 0 0 3628800
13405 0 0 1814400
13406 0 0 1814400
13407 0 0 1814400
13408 0 0 3628800
13409 0 -18432 1814400
13410 0 -9216 1814400
13411 0 0 1814400
13412 0 -18432 1814400
13413 0 0 3628800
13414 0 0 1814400
13415 0 0 3628800
13416 0 0 3628800
13417 0 0 3628800
13418 0 -9216 1814400
13419 0 0 1814400
13420 0 0 3628800
13421 0 0 3628800
13422 0 0 3628800
13423 0 -9216 1814400
13424 0 0 1814400
13425 0 0 1814400
13426 0 0 3628800
13427 0 0 3628800
13428 0 0 3628800
13429 0 0 1814400
13430 0 0 3628800
13431 0 -18432 3628800
13432 0 0 1814400
13433 0 0 3628800
13434 0 0 1814400
13435 0 0 3628800
13436 0 0 3628800
13437 0 0 1814400
13438 0 0 3628800
13439 0 0 3628800
13440 0 0 3628800
13441 0 0 1814400
13442 0 0 3628800
13443 0 -9216 907200
13444 0 0 3628800
13445 0 -9216 907200
13446 0 18432 3628800
13447 0 0 1814400
13448 0 0 3628800
13449 0 0 3628800
13450 0 0 3628800
13451 0 0 3628800
13452 0 0 1814400
13453 0 0 907200
13454 0 0 1814400
13455 0 0 3628800
13456 0 0 3628800
13457 0 0 3628800
13458 0 9216 1814400
13459 0 0 3628800
13460 0 0 3628800
13461 0 0 3628800
13462 0 0 3628800
13463 0 0 1814400
13464 0 0 3628800
13465 0 0 3628800
13466 0 -9216 1814400
13467 0 0 3628800
13468 0 -18432 3628800
13469 0 0 1814400
13470 0 0 1814400
13471 0 0 1814400
13472 0 0 3628800
13473 0 0 3628800
13474 0 -9216 1814400
13475 0 0 3628800
13476 0 0 1814400
13477 0 4608 907200
13478 0 0 3628800
13479 0 -9216 907200
13480 0 -9216 1814400
13481 0 4608 907200
13482 0 4608 907200
13483 0 -9216 907200
13484 0 0 3628800
13485 0 0 907200
13486 0 0 3628800
13487 0 0 3628800
13488 0 -18432 3628800
13489 0 0 3628800
13490 0 0 3628800
13491 0 0 3628800
13492 0 0 3628800
13493 0 -18432 3628800
13494 0 0 1814400
13495 0 -18432 3628800
13496 0 18432 3628800
13497 0 0 3628800
13498 0 0 3628800
13499 0 0 3628800
13500 0 -9216 1814400
13501 0 0 3628800
13502 0 0 3628800
13503 0 0 1814400
13504 0 0 3628800
13505 0 18432 3628800
13506 0 0 3628800
13507 0 0 3628800
13508 0 0 3628800
13509 0 0 3628800
13510 0 18432 3628800
13511 0 -18432 3628800
13512 0 -18432 3628800
13513 0 0 3628800
13514 0 0 3628800
13515 0 0 3628800
13516 0 18432 3628800
13517 0 18432 3628800
13518 0 18432 3628800
13519 0 0 3628800
13520 0 0 3628800
13521 0 18432 3628800
13522 0 0 3628800
13523 0 0 3628800
13524 0 0 3628800
13525 0 0 3628800
13526 0 -9216 1814400
13527 0 0 3628800
13528 0 0 1814400
13529 0 0 3628800
13530 0 0 3628800
13531 0 18432 3628800
13532 0 0 1814400
13533 0 0 3628800
13534 0 0 3628800
13535 0 9216 1814400
13536 0 -9216 1814400
13537 0 0 1814400
13538 0 0 1814400
13539 0 0 3628800
13540 0 0 1814400
13541 0 0 1814400
13542 0 0 1814400
13543 0 0 1814400
13544 0 0 3628800
13545 0 -18432 3628800
13546 0 0 3628800
13547 0 0 3628800
13548 0 0 3628800
13549 0 -18432 3628800
13550 0 0 1814400
13551 0 0 3628800
13552 0 0 3628800
13553 0 0 3628800
13554 0 18432 3628800
13555 0 0 1814400
13556 0 -18432 3628800
13557 0 -9216 1814400
13558 0 0 3628800
13559 0 0 3628800
13560 0 0 3628800
13561 0 0 1814400
13562 0 0 1814400
13563 0 0 1814400
13564 0 0 3628800
13565 0 0 1814400
13566 0 18432 3628800
13567 0 0 1814400
13568 0 0 3628800
13569 0 0 3628800
13570 0 0 1814400
13571 0 18432 3628800
13572 0 0 3628800
13573 0 0 1814400
13574 0 -18432 3628800
13575 0 0 3628800
13576 0 -18432 3628800
13577 0 0 3628800
13578 0 0 1814400
13579 0 0 3628800
13580 0 0 1814400
13581 0 0 3628800
13582 0 -9216 1814400
13583 0 0 3628800
13584 0 0 1814400
13585 0 0 1814400
13586 0 18432 3628800
13587 0 0 1814400
13588 0 0 3628800
13589 0 0 3628800
13590 0 0 1814400
13591 0 0 3628800
13592 0 18432 3628800
13593 0 0 1814400
13594 0 0 3628800
13595 0 -18432 3628800
13596 0 9216 1814400
13597 0 0 3628800
13598 0 0 1814400
13599 0 0 1814400
13600 0 0 3628800
13601 0 0 3628800
13602 0 0 3628800
13603 0 0 3628800
13604 0 0 1814400
13605 0 -18432 3628800
13606 0 0 3628800
13607 0 0 3628800
13608 0 0 3628800
13609 0 0 3628800
13610 0 0 3628800
13611 0 0 1814400
13612 0 0 3628800
13613 0 0 3628800
13614 0 0 3628800
13615 0 0 3628800
13616 0 0 3628800
13617 0 0 3628800
13618 0 0 3628800
13619 0 -18432 3628800
13620 0 0 3628800
13621 0 0 1814400
13622 0 0 1814400
13623 0 0 3628800
13624 0 0 3628800
13625 0 0 3628800
13626 0 0 3628800
13627 0 0 3628800
13628 0 -9216 1814400
13629 0 4608 907200
13630 0 18432 3628800
13631 0 0 3628800
13632 0 -9216 1814400
13633 0 0 3628800
13634 0 0 3628800
13635 0 0 3628800
13636 0 0 3628800
13637 0 0 3628800
13638 0 9216 1814400
13639 0 0 3628800
13640 0 0 3628800
13641 0 0 3628800
13642 0 0 3628800
13643 0 0 3628800
13644 0 18432 3628800
13645 0 -9216 1814400
13646 0 -9216 1814400
13647 0 0 3628800
13648 0 0 3628800
13649 0 4608 907200
13650 0 0 1814400
13651 0 -9216 1814400
13652 0 9216 1814400
13653 0 -9216 1814400
13654 0 0 907200
13655 0 -4608 907200
13656 0 18432 1814400
13657 0 0 1814400
13658 0 0 1814400
13659 0 0 3628800
13660 0 -18432 3628800
13661 0 18432 1814400
13662 0 0 1814400
13663 0 18432 3628800
13664 0 0 3628800
13665 0 18432 1814400
13666 0 0 1814400
13667 0 0 3628800
13668 0 0 1814400
13669 0 0 1814400
13670 0 18432 3628800
13671 0 0 3628800
13672 0 -18432 1814400
13673 0 0 3628800
13674 0 0 3628800
13675 0 18432 1814400
13676 0 0 1814400
13677 0 0 3628800
13678 0 9216 1814400
13679 0 0 3628800
13680 0 0 1814400
13681 0 0 3628800
13682 0 0 1814400
13683 0 -9216 1814400
13684 0 0 3628800
13685 0 0 3628800
13686 0 0 1814400
13687 0 -18432 3628800
13688 0 0 3628800
13689 0 0 3628800
13690 0 0 3628800
13691 0 9216 1814400
13692 0 0 1814400
13693 0 0 3628800
13694 0 0 3628800
13695 0 0 3628800
13696 0 0 3628800
13697 0 -18432 3628800
13698 0 0 3628800
13699 0 0 1814400
13700 0 -18432 3628800
13701 0 0 3628800
13702 0 0 3628800
13703 0 0 1814400
13704 0 0 3628800
13705 0 0 3628800
13706 0 0 3628800
13707 0 -18432 3628800
13708 0 0 3628800
13709 0 0 3628800
13710 0 18432 3628800
13711 0 0 3628800
13712 0 0 3628800
13713 0 0 3628800
13714 0 18432 3628800
13715 0 0 1814400
13716 0 0 3628800
13717 0 -18432 3628800
13718 0 0 1814400
13719 0 0 3628800
13720 0 0 3628800
13721 0 -18432 3628800
13722 0 36864 3628800
13723 0 9216 1814400
13724 0 -18432 3628800
13725 0 18432 3628800
13726 0 -18432 3628800
13727 0 0 3628800
13728 0 0 1814400
13729 0 18432 1814400
13730 0 -18432 3628800
13731 0 0 3628800
13732 0 0 3628800
13733 0 0 3628800
13734 0 0 3628800
13735 0 0 3628800
13736 0 0 3628800
13737 0 18432 3628800
13738 0 0 3628800
13739 0 0 3628800
13740 0 0 3628800
13741 0 0 3628800
13742 0 -18432 3628800
13743 0 0 3628800
13744 0 -18432 3628800
13745 0 0 3628800
13746 0 -18432 3628800
13747 0 0 3628800
13748 0 0 3628800
13749 0 18432 1814400
13750 0 18432 3628800
13751 0 0 3628800
13752 0 -18432 3628800
13753 0 9216 1814400
13754 0 0 3628800
13755 0 0 3628800
13756 0 0 3628800
13757 0 0 3628800
13758 0 0 3628800
13759 0 0 3628800
13760 0 0 1814400
13761 0 0 3628800
13762 0 0 1814400
13763 0 0 3628800
13764 0 0 3628800
13765 0 18432 3628800
13766 0 0 3628800
13767 0 0 3628800
13768 0 9216 1814400
13769 0 0 1814400
13770 0 0 3628800
13771 0 0 3628800
13772 0 0 1814400
13773 0 0 1814400
13774 0 0 3628800
13775 0 9216 1814400
13776 0 18432 3628800
13777 0 0 3628800
13778 0 0 3628800
13779 0 0 3628800
13780 0 0 3628800
13781 0 0 3628800
13782 0 0 3628800
13783 0 0 3628800
13784 0 0 3628800
13785 0 0 3628800
13786 0 0 3628800
13787 0 -18432 3628800
13788 0 0 3628800
13789 0 0 3628800
13790 0 -18432 3628800
13791 0 -18432 3628800
13792 0 9216 1814400
13793 0 0 1814400
13794 0 0 3628800
13795 0 0 3628800
13796 0 0 3628800
13797 0 0 3628800
13798 0 -9216 1814400
13799 0 0 3628800
13800 0 0 3628800
13801 0 0 3628800
13802 0 0 3628800
13803 0 0 3628800
13804 0 0 1814400
13805 0 0 3628800
13806 0 0 3628800
13807 0 0 3628800
13808 0 0 1814400
13809 0 0 1814400
13810 0 18432 3628800
13811 0 0 3628800
13812 0 0 3628800
13813 0 18432 3628800
13814 0 0 1814400
13815 0 0 3628800
13816 0 0 3628800
13817 0 0 3628800
13818 0 0 3628800
13819 0 0 1814400
13820 0 0 3628800
13821 0 0 3628800
13822 0 0 3628800
13823 0 0 1814400
13824 0 18432 3628800
13825 0 -9216 1814400
13826 0 18432 3628800
13827 0 0 3628800
13828 0 18432 3628800
13829 0 0 3628800
13830 0 0 3628800
13831 0 0 3628800
13832 0 -18432 3628800
13833 0 -18432 3628800
13834 0 -36864 3628800
13835 0 0 3628800
13836 0 -18432 3628800
13837 0 0 3628800
13838 0 0 3628800
13839 0 0 1814400
13840 0 0 3628800
13841 0 9216 1814400
13842 0 0 1814400
13843 0 0 3628800
13844 0 0 1814400
13845 0 -9216 1814400
13846 0 0 3628800
13847 0 0 3628800
13848 0 0 3628800
13849 0 0 3628800
13850 0 0 1814400
13851 0 0 3628800
13852 0 -18432 3628800
13853 0 0 3628800
13854 0 -18432 3628800
13855 0 0 3628800
13856 0 -18432 3628800
13857 0 -18432 3628800
13858 0 0 3628800
13859 0 -18432 3628800
13860 0 0 3628800
13861 0 0 1814400
13862 0 0 3628800
13863 0 -9216 1814400
13864 0 -18432 3628800
13865 0 -18432 3628800
13866 0 0 1814400
13867 0 0 3628800
13868 0 9216 1814400
13869 0 0 3628800
13870 0 0 3628800
13871 0 0 3628800
13872 0 0 907200
13873 0 0 1814400
13874 0 0 3628800
13875 0 0 3628800
13876 0 -18432 3628800
13877 0 -18432 3628800
13878 0 4608 907200
13879 0 9216 1814400
13880 0 0 3628800
13881 0 -9216 1814400
13882 0 9216 1814400
13883 0 0 3628800
13884 0 -9216 1814400
13885 0 0 3628800
13886 0 9216 1814400
13887 0 0 3628800
13888 0 -18432 3628800
13889 0 -18432 3628800
13890 0 9216 1814400
13891 0 0 3628800
13892 0 -18432 3628800
13893 0 9216 1814400
13894 0 0 3628800
13895 0 0 3628800
13896 0 -18432 3628800
13897 0 0 3628800
13898 0 9216 1814400
13899 0 0 3628800
13900 0 0 1814400
13901 0 0 3628800
13902 0 0 3628800
13903 0 0 1814400
13904 0 0 1814400
13905 0 0 3628800
13906 0 0 1814400
13907 0 0 3628800
13908 0 0 3628800
13909 0 0 3628800
13910 0 0 1814400
13911 0 0 3628800
13912 0 0 3628800
13913 0 0 3628800
13914 0 0 3628800
13915 0 0 3628800
13916 0 9216 1814400
13917 0 -4608 907200
13918 0 9216 1814400
13919 0 0 1814400
13920 0 0 3628800
13921 0 0 1814400
13922 0 0 3628800
13923 0 0 1814400
13924 0 0 3628800
13925 0 0 1814400
13926 0 0 3628800
13927 0 0 907200
13928 0 0 3628800
13929 0 9216 1814400
13930 0 0 3628800
13931 0 0 1814400
13932 0 0 3628800
13933 0 0 1814400
13934 0 4608 907200
13935 0 0 1814400
13936 0 0 1814400
13937 0 -9216 1814400
13938 0 0 1814400
13939 0 0 1814400
13940 0 0 3628800
13941 0 0 1814400
13942 0 0 3628800
13943 0 0 3628800
13944 0 9216 1814400
13945 0 -18432 3628800
13946 0 0 3628800
13947 0 9216 1814400
13948 0 0 3628800
13949 0 0 3628800
13950 0 0 3628800
13951 0 0 3628800
13952 0 0 3628800
13953 0 0 3628800
13954 0 0 3628800
13955 0 -18432 3628800
13956 0 0 3628800
13957 0 0 3628800
13958 0 0 3628800
13959 0 0 3628800
13960 0 0 3628800
13961 0 0 3628800
13962 0 0 3628800
13963 0 0 1814400
13964 0 0 3628800
13965 0 0 1814400
13966 0 0 3628800
13967 0 0 3628800
13968 0 0 3628800
13969 0 0 3628800
13970 0 0 3628800
13971 0 0 3628800
13972 0 -18432 3628800
13973 0 0 3628800
13974 0 0 3628800
13975 0 0 3628800
13976 0 0 3628800
13977 0 0 3628800
13978 0 18432 3628800
13979 0 0 1814400
13980 0 0 3628800
13981 0 18432 3628800
13982 0 0 1814400
13983 0 0 3628800
13984 0 0 1814400
13985 0 0 1814400
13986 0 0 3628800
13987 0 0 1814400
13988 0 0 1814400
13989 0 0 3628800
13990 0 0 3628800
13991 0 0 3628800
13992 0 0 1814400
13993 0 0 3628800
13994 0 0 1814400
13995 0 0 3628800
13996 0 -18432 3628800
13997 0 -4608 907200
13998 0 -4608 907200
13999 0 18432 3628800
14000 0 4608 907200
14001 0 18432 3628800
14002 0 0 907200
14003 0 9216 1814400
14004 0 0 1814400
14005 0 9216 1814400
14006 0 0 3628800
14007 0 4608 907200
14008 0 0 3628800
14009 0 -18432 3628800
14010 0 0 3628800
14011 0 0 907200
14012 0 0 3628800
14013 0 -9216 1814400
14014 0 0 3628800
14015 0 0 3628800
14016 0 0 3628800
14017 0 0 3628800
14018 0 9216 1814400
14019 0 0 3628800
14020 0 0 3628800
14021 0 9216 1814400
14022 0 9216 1814400
14023 0 -9216 1814400
14024 0 0 3628800
14025 0 0 3628800
14026 0 0 3628800
14027 0 -18432 3628800
14028 0 0 3628800
14029 0 0 3628800
14030 0 -18432 3628800
14031 0 -18432 3628800
14032 0 -18432 3628800
14033 0 -18432 3628800
14034 0 0 1814400
14035 0 0 1814400
14036 0 18432 3628800
14037 0 0 3628800
14038 0 18432 3628800
14039 0 18432 3628800
14040 0 -18432 3628800
14041 0 0 1814400
14042 0 0 3628800
14043 0 0 3628800
14044 0 9216 1814400
14045 0 9216 1814400
14046 0 0 1814400
14047 0 9216 1814400
14048 0 0 3628800
14049 0 18432 3628800
14050 0 0 3628800
14051 0 0 3628800
14052 0 0 3628800
14053 0 0 3628800
14054 0 0 3628800
14055 0 18432 3628800
14056 0 0 1814400
14057 0 0 3628800
14058 0 -18432 3628800
14059 0 18432 3628800
14060 0 0 3628800
14061 0 0 3628800
14062 0 0 3628800
14063 0 0 1814400
14064 0 18432 3628800
14065 0 18432 3628800
14066 0 0 3628800
14067 0 0 3628800
14068 0 0 1814400
14069 0 0 1814400
14070 0 18432 3628800
14071 0 0 3628800
14072 0 0 3628800
14073 0 0 1814400
14074 0 0 3628800
14075 0 0 3628800
14076 0 0 3628800
14077 0 9216 1814400
14078 0 0 3628800
14079 0 0 1814400
14080 0 0 3628800
14081 0 0 3628800
14082 0 0 3628800
14083 0 0 3628800
14084 0 0 3628800
14085 0 0 3628800
14086 0 0 3628800
14087 0 0 3628800
14088 0 0 3628800
14089 0 0 3628800
14090 0 0 1814400
14091 0 0 3628800
14092 0 0 3628800
14093 0 0 3628800
14094 0 0 1814400
14095 0 0 1814400
14096 0 0 3628800
14097 0 0 3628800
14098 0 0 3628800
14099 0 0 3628800
14100 0 -18432 3628800
14101 0 0 3628800
14102 0 0 3628800
14103 0 -18432 3628800
14104 0 0 3628800
14105 0 0 3628800
14106 0 0 3628800
14107 0 0 3628800
14108 0 0 1814400
14109 0 0 3628800
14110 0 0 3628800
14111 0 0 3628800
14112 0 0 3628800
14113 0 0 3628800
14114 0 0 3628800
14115 0 -9216 1814400
14116 0 0 3628800
14117 0 -18432 3628800
14118 0 0 3628800
14119 0 0 1814400
14120 0 0 3628800
14121 0 -4608 907200
14122 0 0 3628800
14123 0 0 3628800
14124 0 0 3628800
14125 0 -9216 907200
14126 0 0 3628800
14127 0 4608 907200
14128 0 0 1814400
14129 0 -9216 1814400
14130 0 -9216 907200
14131 0 9216 1814400
14132 0 -18432 3628800
14133 0 -18432 3628800
14134 0 9216 1814400
14135 0 0 3628800
14136 0 0 3628800
14137 0 -18432 3628800
14138 0 -18432 3628800
14139 0 0 1814400
14140 0 0 3628800
14141 0 0 3628800
14142 0 0 3628800
14143 0 18432 3628800
14144 0 0 1814400
14145 0 -18432 3628800
14146 0 0 3628800
14147 0 -9216 1814400
14148 0 9216 1814400
14149 0 -18432 3628800
14150 0 -18432 3628800
14151 0 0 3628800
14152 0 0 3628800
14153 0 0 3628800
14154 0 0 3628800
14155 0 0 3628800
14156 0 -18432 3628800
14157 0 0 3628800
14158 0 18432 3628800
14159 0 0 3628800
14160 0 -18432 3628800
14161 0 0 3628800
14162 0 -18432 3628800
14163 0 -18432 3628800
14164 0 0 3628800
14165 0 18432 3628800
14166 0 0 3628800
14167 0 0 3628800
14168 0 -18432 3628800
14169 0 -18432 3628800
14170 0 -18432 3628800
14171 0 0 3628800
14172 0 0 3628800
14173 0 0 3628800
14174 0 0 3628800
14175 0 0 3628800
14176 0 0 3628800
14177 0 0 3628800
14178 0 0 3628800
14179 0 0 3628800
14180 0 9216 1814400
14181 0 0 3628800
14182 0 0 3628800
14183 0 0 3628800
14184 0 0 3628800
14185 0 0 3628800
14186 0 0 3628800
14187 0 0 3628800
14188 0 0 3628800
14189 0 0 3628800
14190 0 0 3628800
14191 0 0 3628800
14192 0 0 3628800
14193 0 0 3628800
14194 0 9216 1814400
14195 0 0 3628800
14196 0 0 3628800
14197 0 0 3628800
14198 0 0 1814400
14199 0 0 3628800
14200 0 0 3628800
14201 0 0 1814400
14202 0 0 3628800
14203 0 0 3628800
14204 0 -18432 3628800
14205 0 0 3628800
14206 0 0 1814400
14207 0 0 3628800
14208 0 -18432 3628800
14209 0 0 3628800
14210 0 -18432 3628800
14211 0 0 3628800
14212 0 0 3628800
14213 0 0 3628800
14214 0 -18432 3628800
14215 0 -18432 3628800
14216 0 0 3628800
14217 0 0 3628800
14218 0 0 3628800
14219 0 0 3628800
14220 0 0 3628800
14221 0 0 1814400
14222 0 0 3628800
14223 0 0 3628800
14224 0 0 1814400
14225 0 0 3628800
14226 0 0 3628800
14227 0 0 3628800
14228 0 0 3628800
14229 0 18432 3628800
14230 0 9216 1814400
14231 0 -18432 3628800
14232 0 0 1814400
14233 0 0 3628800
14234 0 9216 1814400
14235 0 0 1814400
14236 0 0 3628800
14237 0 0 1814400
14238 0 0 3628800
14239 0 0 3628800
14240 0 18432 3628800
14241 0 0 3628800
14242 0 0 3628800
14243 0 0 3628800
14244 0 -18432 3628800
14245 0 0 3628800
14246 0 0 3628800
14247 0 0 3628800
14248 0 0 3628800
14249 0 0 3628800
14250 0 0 3628800
14251 0 0 3628800
14252 0 0 3628800
14253 0 0 3628800
14254 0 0 3628800
14255 0 0 3628800
14256 0 0 3628800
14257 0 0 3628800
14258 0 18432 3628800
14259 0 0 3628800
14260 0 0 3628800
14261 0 0 3628800
14262 0 0 3628800
14263 0 0 3628800
14264 0 0 3628800
14265 0 0 3628800
14266 0 0 3628800
14267 0 0 3628800
14268 0 0 3628800
14269 0 0 3628800
14270 0 0 3628800
14271 0 0 3628800
14272 0 0 3628800
14273 0 0 3628800
14274 0 0 3628800
14275 0 -18432 3628800
14276 0 0 3628800
14277 0 0 3628800
14278 0 18432 3628800
14279 0 0 3628800
14280 0 0 3628800
14281 0 0 3628800
14282 0 0 3628800
14283 0 18432 3628800
14284 0 0 3628800
14285 0 18432 3628800
14286 0 -18432 3628800
14287 0 0 3628800
14288 0 0 3628800
14289 0 -18432 3628800
14290 0 0 3628800
14291 0 0 3628800
14292 0 0 3628800
14293 0 0 3628800
14294 0 0 3628800
14295 0 -18432 3628800
14296 0 0 3628800
14297 0 0 3628800
14298 0 0 3628800
14299 0 0 3628800
14300 0 0 1814400
14301 0 0 1814400
14302 0 0 3628800
14303 0 0 3628800
14304 0 0 3628800
14305 0 9216 1814400
14306 0 0 3628800
14307 0 0 3628800
14308 0 0 1814400
14309 0 9216 1814400
14310 0 0 3628800
14311 0 -9216 1814400
14312 0 9216 1814400
14313 0 0 3628800
14314 0 18432 3628800
14315 0 0 3628800
14316 0 -18432 3628800
14317 0 18432 3628800
14318 0 9216 1814400
14319 0 9216 1814400
14320 0 0 1814400
14321 0 0 3628800
14322 0 -9216 1814400
14323 0 9216 1814400
14324 0 9216 1814400
14325 0 -18432 3628800
14326 0 0 3628800
14327 0 0 3628800
14328 0 0 3628800
14329 0 0 3628800
14330 0 0 1814400
14331 0 0 3628800
14332 0 0 3628800
14333 0 9216 1814400
14334 0 0 3628800
14335 0 0 3628800
14336 0 0 3628800
14337 0 0 3628800
14338 0 -18432 3628800
14339 0 0 1814400
14340 0 0 3628800
14341 0 0 1814400
14342 0 -18432 3628800
14343 0 0 3628800
14344 0 18432 3628800
14345 0 0 1814400
14346 0 0 1814400
14347 0 0 3628800
14348 0 -4608 907200
14349 0 9216 1814400
14350 0 0 3628800
14351 0 0 3628800
14352 0 0 3628800
14353 0 0 1814400
14354 0 0 1814400
14355 0 0 1814400
14356 0 0 1814400
14357 0 0 1814400
14358 0 0 3628800
14359 0 0 907200
14360 0 0 1814400
14361 0 0 907200
14362 0 4608 907200
14363 0 0 1814400
14364 0 4608 907200
14365 0 0 1814400
14366 0 4608 907200
14367 0 0 907200
14368 0 0 3628800
14369 0 0 1814400
14370 0 9216 1814400
14371 0 0 3628800
14372 0 0 3628800
14373 0 0 1814400
14374 0 -9216 1814400
14375 0 0 3628800
14376 0 0 3628800
14377 0 0 3628800
14378 0 0 3628800
14379 0 0 3628800
14380 0 0 3628800
14381 0 9216 1814400
14382 0 -9216 1814400
14383 0 0 1814400
14384 0 -18432 3628800
14385 0 9216 1814400
14386 0 18432 3628800
14387 0 0 1814400
14388 0 -18432 3628800
14389 0 0 1814400
14390 0 0 3628800
14391 0 0 3628800
14392 0 0 3628800
14393 0 9216 1814400
14394 0 -18432 3628800
14395 0 -18432 3628800
14396 0 0 3628800
14397 0 0 3628800
14398 0 0 1814400
14399 0 9216 1814400
14400 0 0 1814400
14401 0 9216 1814400
14402 0 9216 1814400
14403 0 0 3628800
14404 0 9216 1814400
14405 0 0 3628800
14406 0 0 3628800
14407 0 0 3628800
14408 0 18432 3628800
14409 0 0 3628800
14410 0 0 3628800
14411 0 0 3628800
14412 0 0 3628800
14413 0 0 1814400
14414 0 0 3628800
14415 0 0 1814400
14416 0 -18432 1814400
14417 0 0 3628800
14418 0 0 3628800
14419 0 18432 3628800
14420 0 -18432 1814400
14421 0 0 3628800
14422 0 -18432 3628800
14423 0 -9216 1814400
14424 0 0 3628800
14425 0 -9216 1814400
14426 0 -9216 1814400
14427 0 -9216 1814400
14428 0 0 3628800
14429 0 0 3628800
14430 0 0 3628800
14431 0 0 1814400
14432 0 0 3628800
14433 0 -9216 1814400
14434 0 0 3628800
14435 0 0 3628800
14436 0 0 3628800
14437 0 0 3628800
14438 0 0 3628800
14439 0 0 3628800
14440 0 0 3628800
14441 0 0 3628800
14442 0 0 3628800
14443 0 9216 1814400
14444 0 0 3628800
14445 0 0 3628800
14446 0 0 3628800
14447 0 0 3628800
14448 0 0 1814400
14449 0 18432 3628800
14450 0 0 3628800
14451 0 0 1814400
14452 0 9216 1814400
14453 0 0 3628800
14454 0 18432 3628800
14455 0 -4608 907200
14456 0 -18432 3628800
14457 0 0 1814400
14458 0 0 3628800
14459 0 -4608 907200
14460 0 -4608 907200
14461 0 0 907200
14462 0 18432 3628800
14463 0 0 907200
14464 0 18432 3628800
14465 0 -18432 3628800
14466 0 18432 3628800
14467 0 0 3628800
14468 0 18432 3628800
14469 0 -9216 1814400
14470 0 18432 3628800
14471 0 18432 3628800
14472 0 0 3628800
14473 0 -18432 3628800
14474 0 0 3628800
14475 0 18432 3628800
14476 0 0 3628800
14477 0 18432 3628800
14478 0 0 3628800
14479 0 18432 3628800
14480 0 18432 3628800
14481 0 0 3628800
14482 0 0 3628800
14483 0 0 3628800
14484 0 0 3628800
14485 0 0 3628800
14486 0 0 1814400
14487 0 0 3628800
14488 0 0 3628800
14489 0 0 3628800
14490 0 9216 1814400
14491 0 0 1814400
14492 0 0 3628800
14493 0 0 3628800
14494 0 9216 1814400
14495 0 0 3628800
14496 0 0 3628800
14497 0 0 3628800
14498 0 -9216 1814400
14499 0 0 3628800
14500 0 0 1814400
14501 0 0 3628800
14502 0 0 3628800
14503 0 0 3628800
14504 0 -9216 1814400
14505 0 0 3628800
14506 0 0 3628800
14507 0 -18432 3628800
14508 0 0 1814400
14509 0 0 3628800
14510 0 -18432 3628800
14511 0 0 1814400
14512 0 0 3628800
14513 0 0 3628800
14514 0 0 3628800
14515 0 0 3628800
14516 0 0 3628800
14517 0 -18432 1814400
14518 0 0 1814400
14519 0 0 3628800
14520 0 0 3628800
14521 0 0 1814400
14522 0 0 1814400
14523 0 0 3628800
14524 0 0 3628800
14525 0 0 3628800
14526 0 -18432 3628800
14527 0 0 3628800
14528 0 18432 3628800
14529 0 0 1814400
14530 0 -18432 3628800
14531 0 18432 3628800
14532 0 0 1814400
14533 0 0 3628800
14534 0 0 3628800
14535 0 9216 1814400
14536 0 0 1814400
14537 0 18432 1814400
14538 0 0 907200
14539 0 0 1814400
14540 0 0 1814400
14541 0 18432 1814400
14542 0 0 1814400
14543 0 0 3628800
14544 0 0 1814400
14545 0 0 1814400
14546 0 0 1814400
14547 0 18432 3628800
14548 0 0 907200
14549 0 0 3628800
14550 0 0 3628800
14551 0 0 3628800
14552 0 18432 3628800
14553 0 0 907200
14554 0 9216 1814400
14555 0 0 3628800
14556 0 0 3628800
14557 0 0 3628800
14558 0 18432 3628800
14559 0 9216 1814400
14560 0 9216 1814400
14561 0 0 1814400
14562 0 0 1814400
14563 0 -9216 1814400
14564 0 0 3628800
14565 0 0 3628800
14566 0 0 3628800
14567 0 0 1814400
14568 0 -18432 3628800
14569 0 0 1814400
14570 0 0 1814400
14571 0 -18432 3628800
14572 0 0 1814400
14573 0 -18432 3628800
14574 0 0 3628800
14575 0 -9216 1814400
14576 0 0 3628800
14577 0 0 1814400
14578 0 0 1814400
14579 0 -9216 1814400
14580 0 0 3628800
14581 0 0 1814400
14582 0 0 1814400
14583 0 0 3628800
14584 0 0 1814400
14585 0 0 3628800
14586 0 0 3628800
14587 0 0 1814400
14588 0 0 3628800
14589 0 -9216 1814400
14590 0 -9216 1814400
14591 0 0 1814400
14592 0 0 1814400
14593 0 0 1814400
14594 0 9216 1814400
14595 0 0 3628800
14596 0 -9216 1814400
14597 0 0 3628800
14598 0 0 3628800
14599 0 0 3628800
14600 0 0 1814400
14601 0 0 1814400
14602 0 0 3628800
14603 0 0 3628800
14604 0 0 3628800
14605 0 -18432 3628800
14606 0 -18432 3628800
14607 0 0 1814400
14608 0 0 3628800
14609 0 -18432 3628800
14610 0 0 1814400
14611 0 4608 907200
14612 0 0 907200
14613 0 0 1814400
14614 0 -18432 3628800
14615 0 0 1814400
14616 0 0 1814400
14617 0 0 1814400
14618 0 -9216 1814400
14619 0 -18432 3628800
14620 0 -9216 1814400
14621 0 0 1814400
14622 0 -9216 1814400
14623 0 0 3628800
14624 0 0 1814400
14625 0 -9216 1814400
14626 0 -18432 3628800
14627 0 -9216 1814400
14628 0 0 3628800
14629 0 0 3628800
14630 0 9216 1814400
14631 0 0 3628800
14632 0 -18432 3628800
14633 0 0 1814400
14634 0 -4608 907200
14635 0 -9216 907200
14636 0 0 1814400
14637 0 0 3628800
14638 0 0 3628800
14639 0 0 1814400
14640 0 0 3628800
14641 0 0 3628800
14642 0 -9216 1814400
14643 0 0 3628800
14644 0 0 3628800
14645 0 0 3628800
14646 0 -9216 1814400
14647 0 0 3628800
14648 0 -9216 1814400
14649 0 -9216 1814400
14650 0 -9216 1814400
14651 0 0 1814400
14652 0 -9216 1814400
14653 0 0 3628800
14654 0 0 3628800
14655 0 4608 907200
14656 0 0 3628800
14657 0 -9216 1814400
14658 0 0 3628800
14659 0 -9216 1814400
14660 0 0 3628800
14661 0 0 3628800
14662 0 0 1814400
14663 0 0 1814400
14664 0 18432 3628800
14665 0 0 3628800
14666 0 18432 3628800
14667 0 0 3628800
14668 0 0 3628800
14669 0 0 3628800
14670 0 0 3628800
14671 0 0 3628800
14672 0 0 3628800
14673 0 0 907200
14674 0 0 3628800
14675 0 0 1814400
14676 0 0 1814400
14677 0 0 1814400
14678 0 0 3628800
14679 0 -18432 3628800
14680 0 0 1814400
14681 0 0 1814400
14682 0 0 3628800
14683 0 0 1814400
14684 0 -18432 3628800
14685 0 0 3628800
14686 0 -18432 3628800
14687 0 0 3628800
14688 0 0 1814400
14689 0 0 1814400
14690 0 0 3628800
14691 0 0 3628800
14692 0 0 3628800
14693 0 0 1814400
14694 0 0 3628800
14695 0 0 3628800
14696 0 0 3628800
14697 0 0 3628800
14698 0 -18432 3628800
14699 0 0 3628800
14700 0 0 3628800
14701 0 0 3628800
14702 0 0 3628800
14703 0 0 3628800
14704 0 0 3628800
14705 0 0 3628800
14706 0 18432 3628800
14707 0 0 3628800
14708 0 0 3628800
14709 0 0 3628800
14710 0 0 3628800
14711 0 18432 3628800
14712 0 0 1814400
14713 0 0 3628800
14714 0 -18432 3628800
14715 0 0 3628800
14716 0 0 1814400
14717 0 0 3628800
14718 0 0 3628800
14719 0 0 1814400
14720 0 0 3628800
14721 0 0 1814400
14722 0 0 1814400
14723 0 0 1814400
14724 0 0 3628800
14725 0 0 3628800
14726 0 0 3628800
14727 0 -9216 1814400
14728 0 -18432 3628800
14729 0 -18432 3628800
14730 0 18432 3628800
14731 0 0 3628800
14732 0 18432 3628800
14733 0 18432 3628800
14734 0 0 3628800
14735 0 18432 3628800
14736 0 18432 3628800
14737 0 0 3628800
14738 0 0 3628800
14739 0 0 1814400
14740 0 9216 1814400
14741 0 0 1814400
14742 0 0 3628800
14743 0 9216 1814400
14744 0 0 1814400
14745 0 0 1814400
14746 0 0 1814400
14747 0 9216 1814400
14748 0 -9216 1814400
14749 0 -9216 1814400
14750 0 -9216 1814400
14751 0 -9216 1814400
14752 0 0 3628800
14753 0 0 3628800
14754 0 0 3628800
14755 0 0 3628800
14756 0 18432 3628800
14757 0 -9216 1814400
14758 0 -9216 1814400
14759 0 9216 1814400
14760 0 -18432 3628800
14761 0 -9216 1814400
14762 0 0 3628800
14763 0 0 1814400
14764 0 0 3628800
14765 0 9216 1814400
14766 0 18432 3628800
14767 0 0 3628800
14768 0 -9216 1814400
14769 0 0 1814400
14770 0 0 3628800
14771 0 0 3628800
14772 0 0 3628800
14773 0 0 3628800
14774 0 9216 1814400
14775 0 9216 1814400
14776 0 -18432 3628800
14777 0 0 3628800
14778 0 0 1814400
14779 0 0 3628800
14780 0 0 3628800
14781 0 0 3628800
14782 0 0 3628800
14783 0 0 3628800
14784 0 0 1814400
14785 0 -4608 907200
14786 0 -4608 907200
14787 0 0 3628800
14788 0 0 3628800
14789 0 0 3628800
14790 0 0 3628800
14791 0 0 3628800
14792 0 0 3628800
14793 0 0 3628800
14794 0 0 3628800
14795 0 0 3628800
14796 0 0 3628800
14797 0 9216 1814400
14798 0 9216 1814400
14799 0 0 3628800
14800 0 0 1814400
14801 0 0 3628800
14802 0 0 1814400
14803 0 0 3628800
14804 0 0 3628800
14805 0 0 3628800
14806 0 0 3628800
14807 0 0 3628800
14808 0 9216 1814400
14809 0 0 3628800
14810 0 0 3628800
14811 0 9216 1814400
14812 0 18432 3628800
14813 0 0 3628800
14814 0 0 3628800
14815 0 0 3628800
14816 0 18432 3628800
14817 0 9216 1814400
14818 0 0 1814400
14819 0 9216 1814400
14820 0 18432 3628800
14821 0 9216 1814400
14822 0 0 3628800
14823 0 0 3628800
14824 0 -9216 1814400
14825 0 0 3628800
14826 0 0 3628800
14827 0 0 1814400
14828 0 -9216 1814400
14829 0 0 1814400
14830 0 4608 907200
14831 0 0 907200
14832 0 0 3628800
14833 0 0 1814400
14834 0 0 3628800
14835 0 0 907200
14836 0 0 1814400
14837 0 0 3628800
14838 0 0 3628800
14839 0 0 3628800
14840 0 9216 1814400
14841 0 0 907200
14842 0 0 1814400
14843 0 0 3628800
14844 0 9216 1814400
14845 0 -18432 3628800
14846 0 4608 907200
14847 0 4608 907200
14848 0 -18432 3628800
14849 0 0 3628800
14850 0 0 1814400
14851 0 0 3628800
14852 0 0 1814400
14853 0 0 3628800
14854 0 0 3628800
14855 0 0 3628800
14856 0 0 3628800
14857 0 0 3628800
14858 0 18432 3628800
14859 0 0 3628800
14860 0 0 3628800
14861 0 0 3628800
14862 0 0 3628800
14863 0 0 1814400
14864 0 0 3628800
14865 0 0 1814400
14866 0 0 3628800
14867 0 0 3628800
14868 0 0 3628800
14869 0 -18432 3628800
14870 0 0 3628800
14871 0 0 3628800
14872 0 0 3628800
14873 0 0 3628800
14874 0 0 3628800
14875 0 0 3628800
14876 0 0 3628800
14877 0 0 3628800
14878 0 0 3628800
14879 0 -18432 3628800
14880 0 0 3628800
14881 0 0 3628800
14882 0 0 3628800
14883 0 -18432 3628800
14884 0 0 3628800
14885 0 0 3628800
14886 0 -18432 3628800
14887 0 0 3628800
14888 0 0 3628800
14889 0 0 3628800
14890 0 0 3628800
14891 0 0 3628800
14892 0 0 1814400
14893 0 0 1814400
14894 0 0 1814400
14895 0 0 3628800
14896 0 0 3628800
14897 0 0 1814400
14898 0 0 1814400
14899 0 -18432 3628800
14900 0 -18432 3628800
14901 0 0 1814400
14902 0 0 3628800
14903 0 0 1814400
14904 0 0 3628800
14905 0 0 3628800
14906 0 0 3628800
14907 0 0 3628800
14908 0 0 1814400
14909 0 0 3628800
14910 0 0 1814400
14911 0 9216 1814400
14912 0 0 3628800
14913 0 0 1814400
14914 0 9216 1814400
14915 0 0 3628800
14916 0 9216 1814400
14917 0 0 3628800
14918 0 0 1814400
14919 0 0 3628800
14920 0 0 1814400
14921 0 0 3628800
14922 0 0 1814400
14923 0 9216 1814400
14924 0 0 1814400
14925 0 0 1814400
14926 0 0 3628800
14927 0 0 1814400
14928 0 9216 1814400
14929 0 0 3628800
14930 0 0 3628800
14931 0 0 3628800
14932 0 0 3628800
14933 0 0 3628800
14934 0 0 3628800
14935 0 0 3628800
14936 0 0 1814400
14937 0 0 3628800
14938 0 -36864 3628800
14939 0 9216 1814400
14940 0 0 3628800
14941 0 0 3628800
14942 0 0 3628800
14943 0 0 3628800
14944 0 -18432 3628800
14945 0 0 3628800
14946 0 -18432 3628800
14947 0 0 1814400
14948 0 0 3628800
14949 0 0 3628800
14950 0 0 3628800
14951 0 0 3628800
14952 0 -9216 1814400
14953 0 -18432 3628800
14954 0 0 3628800
14955 0 0 3628800
14956 0 0 3628800
14957 0 0 3628800
14958 0 0 3628800
14959 0 0 3628800
14960 0 0 3628800
14961 0 0 1814400
14962 0 0 3628800
14963 0 0 3628800
14964 0 -18432 3628800
14965 0 -18432 3628800
14966 0 0 3628800
14967 0 -18432 3628800
14968 0 0 3628800
14969 0 0 3628800
14970 0 -9216 1814400
14971 0 -9216 1814400
14972 0 0 3628800
14973 0 0 1814400
14974 0 0 1814400
14975 0 18432 3628800
14976 0 0 3628800
14977 0 -18432 3628800
14978 0 18432 3628800
14979 0 0 3628800
14980 0 0 3628800
14981 0 0 3628800
14982 0 0 3628800
14983 0 0 1814400
14984 0 0 1814400
14985 0 0 3628800
14986 0 0 3628800
14987 0 0 1814400
14988 0 0 1814400
14989 0 -18432 3628800
14990 0 0 3628800
14991 0 0 3628800
14992 0 0 1814400
14993 0 0 1814400
14994 0 -18432 3628800
14995 0 0 1814400
14996 0 -4608 907200
14997 0 9216 1814400
14998 0 0 907200
14999 0 0 1814400
15000 0 -4608 907200
15001 0 0 907200
15002 0 18432 3628800
15003 0 0 907200
15004 0 9216 1814400
15005 0 -4608 907200
15006 0 -4608 907200
15007 0 0 3628800
15008 0 -4608 907200
15009 0 -4608 907200
15010 0 0 3628800
15011 0 0 3628800
15012 0 0 3628800
15013 0 0 3628800
15014 0 0 3628800
15015 0 0 3628800
15016 0 0 3628800
15017 0 0 3628800
15018 0 0 3628800
15019 0 0 3628800
15020 0 -18432 3628800
15021 0 0 3628800
15022 0 0 3628800
15023 0 0 3628800
15024 0 0 3628800
15025 0 -18432 3628800
15026 0 -9216 1814400
15027 0 0 3628800
15028 0 -18432 3628800
15029 0 0 3628800
15030 0 0 3628800
15031 0 0 1814400
15032 0 0 3628800
15033 0 -9216 1814400
15034 0 -18432 3628800
15035 0 -18432 3628800
15036 0 0 1814400
15037 0 0 3628800
15038 0 0 3628800
15039 0 0 3628800
15040 0 -18432 3628800
15041 0 0 3628800
15042 0 0 3628800
15043 0 -18432 3628800
15044 0 0 1814400
15045 0 0 3628800
15046 0 9216 1814400
15047 0 0 1814400
15048 0 9216 1814400
15049 0 0 1814400
15050 0 18432 3628800
15051 0 0 3628800
15052 0 0 3628800
15053 0 0 3628800
15054 0 0 3628800
15055 0 0 3628800
15056 0 9216 1814400
15057 0 0 3628800
15058 0 0 3628800
15059 0 18432 3628800
15060 0 0 3628800
15061 0 18432 3628800
15062 0 0 3628800
15063 0 0 907200
15064 0 0 1814400
15065 0 0 1814400
15066 0 0 1814400
15067 0 0 1814400
15068 0 0 3628800
15069 0 4608 907200
15070 0 0 1814400
15071 0 0 1814400
15072 0 4608 907200
15073 0 4608 907200
15074 0 36864 3628800
15075 0 4608 907200
15076 0 -18432 3628800
15077 0 36864 3628800
15078 0 0 1814400
15079 0 0 1814400
15080 0 -18432 3628800
15081 0 0 1814400
15082 0 0 3628800
15083 0 0 3628800
15084 0 0 1814400
15085 0 18432 3628800
15086 0 0 3628800
15087 0 0 3628800
15088 0 -18432 3628800
15089 0 9216 1814400
15090 0 -18432 3628800
15091 0 -18432 3628800
15092 0 0 1814400
15093 0 0 1814400
15094 0 0 3628800
15095 0 0 1814400
15096 0 0 3628800
15097 0 -18432 3628800
15098 0 0 3628800
15099 0 0 3628800
15100 0 0 3628800
15101 0 0 1814400
15102 0 0 3628800
15103 0 0 3628800
15104 0 0 1814400
15105 0 0 1814400
15106 0 0 3628800
15107 0 0 3628800
15108 0 0 3628800
15109 0 0 3628800
15110 0 0 1814400
15111 0 0 3628800
15112 0 0 3628800
15113 0 0 3628800
15114 0 36864 3628800
15115 0 9216 1814400
15116 0 36864 3628800
15117 0 0 3628800
15118 0 -18432 3628800
15119 0 0 1814400
15120 0 0 3628800
15121 0 0 3628800
15122 0 0 1814400
15123 0 4608 907200
15124 0 0 3628800
15125 0 0 3628800
15126 0 0 3628800
15127 0 -18432 3628800
15128 0 0 1814400
15129 0 0 3628800
15130 0 18432 1814400
15131 0 0 3628800
15132 0 0 3628800
15133 0 0 3628800
15134 0 0 3628800
15135 0 -9216 1814400
15136 0 0 1814400
15137 0 0 3628800
15138 0 -9216 1814400
15139 0 -9216 1814400
15140 0 18432 3628800
15141 0 0 3628800
15142 0 0 1814400
15143 0 0 1814400
15144 0 0 1814400
15145 0 0 3628800
15146 0 0 1814400
15147 0 4608 907200
15148 0 -9216 907200
15149 0 4608 907200
15150 0 -18432 1814400
15151 0 18432 3628800
15152 0 0 3628800
15153 0 0 1814400
15154 0 -4608 907200
15155 0 0 3628800
15156 0 0 907200
15157 0 9216 1814400
15158 0 0 3628800
15159 0 4608 907200
15160 0 0 1814400
15161 0 4608 907200
15162 0 0 1814400
15163 0 18432 1814400
15164 0 0 3628800
15165 0 -18432 3628800
15166 0 0 1814400
15167 0 -18432 3628800
15168 0 18432 3628800
15169 0 0 1814400
15170 0 0 3628800
15171 0 18432 3628800
15172 0 0 3628800
15173 0 0 3628800
15174 0 0 3628800
15175 0 4608 907200
15176 0 0 3628800
15177 0 9216 1814400
15178 0 0 3628800
15179 0 18432 3628800
15180 0 0 453600
15181 0 -18432 3628800
15182 0 -18432 3628800
15183 0 0 3628800
15184 0 0 3628800
15185 0 0 3628800
15186 0 0 3628800
15187 0 -18432 3628800
15188 0 -18432 3628800
15189 0 0 1814400
15190 0 0 3628800
15191 0 0 1814400
15192 0 0 1814400
15193 0 -18432 3628800
15194 0 9216 1814400
15195 0 0 1814400
15196 0 18432 3628800
15197 0 0 3628800
15198 0 9216 1814400
15199 0 0 3628800
15200 0 0 1814400
15201 0 -4608 907200
15202 0 -18432 3628800
15203 0 -9216 1814400
15204 0 0 3628800
15205 0 -18432 3628800
15206 0 0 3628800
15207 0 0 3628800
15208 0 -9216 1814400
15209 0 0 1814400
15210 0 -9216 1814400
15211 0 -9216 1814400
15212 0 0 1814400
15213 0 0 3628800
15214 0 -9216 1814400
15215 0 0 1814400
15216 0 0 1814400
15217 0 0 3628800
15218 0 0 3628800
15219 0 9216 1814400
15220 0 -18432 3628800
15221 0 -9216 1814400
15222 0 0 3628800
15223 0 0 3628800
15224 0 -9216 1814400
15225 0 -18432 3628800
15226 0 -9216 1814400
15227 0 18432 3628800
15228 0 0 3628800
15229 0 -9216 1814400
15230 0 0 3628800
15231 0 0 3628800
15232 0 0 1814400
15233 0 0 3628800
15234 0 0 1814400
15235 0 -4608 907200
15236 0 18432 3628800
15237 0 -18432 3628800
15238 0 9216 1814400
15239 0 0 1814400
15240 0 -18432 3628800
15241 0 -18432 3628800
15242 0 9216 1814400
15243 0 -4608 907200
15244 0 0 1814400
15245 0 0 3628800
15246 0 36864 3628800
15247 0 0 3628800
15248 0 36864 3628800
15249 0 0 3628800
15250 0 0 3628800
15251 0 9216 1814400
15252 0 0 3628800
15253 0 9216 1814400
15254 0 0 907200
15255 0 -9216 1814400
15256 0 0 3628800
15257 0 -18432 3628800
15258 0 0 907200
15259 0 18432 3628800
15260 0 0 3628800
15261 0 0 3628800
15262 0 18432 1814400
15263 0 0 3628800
15264 0 -9216 1814400
15265 0 18432 1814400
15266 0 0 3628800
15267 0 0 1814400
15268 0 -4608 907200
15269 0 0 1814400
15270 0 0 907200
15271 0 -9216 1814400
15272 0 18432 3628800
15273 0 0 3628800
15274 0 0 3628800
15275 0 0 3628800
15276 0 18432 3628800
15277 0 0 907200
15278 0 4608 907200
15279 0 0 3628800
15280 0 0 907200
15281 0 4608 907200
15282 0 0 3628800
15283 0 18432 3628800
15284 0 0 3628800
15285 0 0 1814400
15286 0 0 3628800
15287 0 0 3628800
15288 0 -9216 1814400
15289 0 0 3628800
15290 0 0 3628800
15291 0 0 3628800
15292 0 0 3628800
15293 0 -18432 3628800
15294 0 18432 3628800
15295 0 0 3628800
15296 0 0 3628800
15297 0 0 3628800
15298 0 0 3628800
15299 0 -18432 3628800
15300 0 0 1814400
15301 0 -9216 1814400
15302 0 0 3628800
15303 0 0 3628800
15304 0 0 1814400
15305 0 0 3628800
15306 0 0 3628800
15307 0 0 3628800
15308 0 0 3628800
15309 0 0 3628800
15310 0 -18432 3628800
15311 0 0 3628800
15312 0 -18432 3628800
15313 0 0 3628800
15314 0 0 1814400
15315 0 -18432 3628800
15316 0 9216 1814400
15317 0 9216 1814400
15318 0 0 3628800
15319 0 0 1814400
15320 0 0 1814400
15321 0 0 1814400
15322 0 0 907200
15323 0 0 907200
15324 0 0 907200
15325 0 -4608 907200
15326 0 0 3628800
15327 0 0 1814400
15328 0 0 3628800
15329 0 18432 3628800
15330 0 -18432 3628800
15331 0 18432 3628800
15332 0 0 1814400
15333 0 0 3628800
15334 0 18432 3628800
15335 0 0 3628800
15336 0 0 3628800
15337 0 0 3628800
15338 0 0 3628800
15339 0 9216 1814400
15340 0 0 3628800
15341 0 9216 1814400
15342 0 0 1814400
15343 0 9216 1814400
15344 0 0 907200
15345 0 0 1814400
15346 0 0 3628800
15347 0 -18432 3628800
15348 0 0 3628800
15349 0 0 907200
15350 0 0 1814400
15351 0 0 3628800
15352 0 -18432 3628800
15353 0 0 3628800
15354 0 -18432 3628800
15355 0 -9216 907200
15356 0 -18432 3628800
15357 0 0 3628800
15358 0 18432 3628800
15359 0 0 3628800
15360 0 -18432 3628800
15361 0 0 3628800
15362 0 -18432 3628800
15363 0 -9216 1814400
15364 0 0 3628800
15365 0 0 3628800
15366 0 -18432 3628800
15367 0 0 3628800
15368 0 0 3628800
15369 0 0 3628800
15370 0 0 3628800
15371 0 -18432 3628800
15372 0 0 3628800
15373 0 -18432 3628800
15374 0 0 3628800
15375 0 0 3628800
15376 0 18432 3628800
15377 0 18432 3628800
15378 0 0 3628800
15379 0 0 1814400
15380 0 0 3628800
15381 0 0 3628800
15382 0 0 3628800
15383 0 0 3628800
15384 0 -9216 1814400
15385 0 0 3628800
15386 0 -9216 1814400
15387 0 -9216 1814400
15388 0 0 3628800
15389 0 9216 1814400
15390 0 0 3628800
15391 0 0 3628800
15392 0 0 1814400
15393 0 0 3628800
15394 0 0 3628800
15395 0 -18432 3628800
15396 0 0 1814400
15397 0 18432 3628800
15398 0 0 3628800
15399 0 -9216 1814400
15400 0 0 3628800
15401 0 0 3628800
15402 0 -4608 907200
15403 0 4608 907200
15404 0 18432 3628800
15405 0 18432 3628800
15406 0 4608 907200
15407 0 0 1814400
15408 0 9216 1814400
15409 0 0 1814400
15410 0 0 1814400
15411 0 0 1814400
15412 0 0 1814400
15413 0 0 1814400
15414 0 0 1814400
15415 0 0 1814400
15416 0 0 3628800
15417 0 0 1814400
15418 0 -18432 3628800
15419 0 0 3628800
15420 0 0 3628800
15421 0 0 3628800
15422 0 0 3628800
15423 0 -18432 3628800
15424 0 0 3628800
15425 0 18432 3628800
15426 0 -18432 3628800
15427 0 9216 1814400
15428 0 0 3628800
15429 0 0 3628800
15430 0 36864 3628800
15431 0 0 3628800
15432 0 0 3628800
15433 0 0 3628800
15434 0 0 3628800
15435 0 0 3628800
15436 0 0 3628800
15437 0 0 3628800
15438 0 0 3628800
15439 0 0 3628800
15440 0 0 3628800
15441 0 0 3628800
15442 0 0 3628800
15443 0 0 3628800
15444 0 -18432 3628800
15445 0 -18432 3628800
15446 0 0 1814400
15447 0 -9216 1814400
15448 0 -18432 3628800
15449 0 -18432 3628800
15450 0 0 3628800
15451 0 0 3628800
15452 0 0 1814400
15453 0 0 3628800
15454 0 18432 3628800
15455 0 0 3628800
15456 0 0 1814400
15457 0 0 3628800
15458 0 9216 1814400
15459 0 18432 3628800
15460 0 18432 3628800
15461 0 0 3628800
15462 0 -9216 1814400
15463 0 9216 1814400
15464 0 0 1814400
15465 0 0 1814400
15466 0 0 3628800
15467 0 9216 1814400
15468 0 0 1814400
15469 0 9216 1814400
15470 0 0 1814400
15471 0 0 3628800
15472 0 0 3628800
15473 0 0 3628800
15474 0 0 3628800
15475 0 0 3628800
15476 0 18432 3628800
15477 0 0 1814400
15478 0 0 3628800
15479 0 0 1814400
15480 0 0 1814400
15481 0 0 3628800
15482 0 0 1814400
15483 0 0 3628800
15484 0 0 3628800
15485 0 0 1814400
15486 0 0 3628800
15487 0 0 3628800
15488 0 0 3628800
15489 0 0 3628800
15490 0 0 3628800
15491 0 18432 3628800
15492 0 0 3628800
15493 0 -9216 1814400
15494 0 0 3628800
15495 0 18432 3628800
15496 0 0 1814400
15497 0 0 3628800
15498 0 0 1814400
15499 0 0 1814400
15500 0 0 3628800
15501 0 0 3628800
15502 0 0 3628800
15503 0 0 3628800
15504 0 18432 3628800
15505 0 0 1814400
15506 0 -18432 3628800
15507 0 -18432 3628800
15508 0 9216 1814400
15509 0 0 1814400
15510 0 -9216 1814400
15511 0 -18432 3628800
15512 0 -18432 3628800
15513 0 -18432 3628800
15514 0 -18432 3628800
15515 0 0 1814400
15516 0 0 3628800
15517 0 18432 3628800
15518 0 0 1814400
15519 0 -18432 3628800
15520 0 -18432 3628800
15521 0 0 1814400
15522 0 0 3628800
15523 0 0 1814400
15524 0 18432 3628800
15525 0 -9216 1814400
15526 0 -9216 1814400
15527 0 0 1814400
15528 0 0 3628800
15529 0 0 3628800
15530 0 0 3628800
15531 0 0 3628800
15532 0 0 3628800
15533 0 -18432 3628800
15534 0 0 1814400
15535 0 0 3628800
15536 0 -18432 3628800
15537 0 0 3628800
15538 0 0 3628800
15539 0 0 3628800
15540 0 0 3628800
15541 0 0 3628800
15542 0 0 1814400
15543 0 9216 1814400
15544 0 -18432 3628800
15545 0 -18432 3628800
15546 0 0 1814400
15547 0 0 3628800
15548 0 0 3628800
15549 0 0 3628800
15550 0 0 1814400
15551 0 0 1814400
15552 0 0 3628800
15553 0 0 3628800
15554 0 0 1814400
15555 0 0 1814400
15556 0 18432 3628800
15557 0 0 3628800
15558 0 -9216 1814400
15559 0 0 3628800
15560 0 18432 3628800
15561 0 0 1814400
15562 0 0 1814400
15563 0 0 3628800
15564 0 0 1814400
15565 0 0 1814400
15566 0 0 1814400
15567 0 0 1814400
15568 0 0 1814400
15569 0 0 907200
15570 0 0 3628800
15571 0 0 3628800
15572 0 0 1814400
15573 0 0 1814400
15574 0 0 1814400
15575 0 0 3628800
15576 0 0 1814400
15577 0 0 3628800
15578 0 0 1814400
15579 0 0 3628800
15580 0 9216 1814400
15581 0 0 3628800
15582 0 0 3628800
15583 0 0 3628800
15584 0 0 3628800
15585 0 0 1814400
15586 0 0 1814400
15587 0 0 1814400
15588 0 9216 1814400
15589 0 0 1814400
15590 0 0 3628800
15591 0 0 3628800
15592 0 18432 3628800
15593 0 0 1814400
15594 0 0 1814400
15595 0 -18432 3628800
15596 0 0 1814400
15597 0 0 1814400
15598 0 0 1814400
15599 0 0 907200
15600 0 0 907200
15601 0 0 1814400
15602 0 9216 1814400
15603 0 9216 1814400
15604 0 0 1814400
15605 0 -9216 1814400
15606 0 0 3628800
15607 0 0 1814400
15608 0 0 3628800
15609 0 -9216 1814400
15610 0 0 3628800
15611 0 0 1814400
15612 0 9216 1814400
15613 0 9216 1814400
15614 0 0 1814400
15615 0 0 3628800
15616 0 0 1814400
15617 0 0 3628800
15618 0 0 3628800
15619 0 0 3628800
15620 0 0 1814400
15621 0 0 1814400
15622 0 0 3628800
15623 0 9216 1814400
15624 0 0 3628800
15625 0 0 3628800
15626 0 0 3628800
15627 0 0 3628800
15628 0 -9216 1814400
15629 0 0 1814400
15630 0 0 1814400
15631 0 0 3628800
15632 0 0 3628800
15633 0 0 3628800
15634 0 4608 907200
15635 0 4608 907200
15636 0 0 907200
15637 0 0 3628800
15638 0 0 1814400
15639 0 0 3628800
15640 0 0 907200
15641 0 4608 907200
15642 0 4608 907200
15643 0 0 1814400
15644 0 4608 907200
15645 0 0 1814400
15646 0 0 3628800
15647 0 0 3628800
15648 0 0 3628800
15649 0 -18432 3628800
15650 0 0 3628800
15651 0 0 3628800
15652 0 -9216 1814400
15653 0 0 3628800
15654 0 -9216 1814400
15655 0 0 3628800
15656 0 0 1814400
15657 0 0 1814400
15658 0 0 1814400
15659 0 0 1814400
15660 0 -4608 907200
15661 0 0 907200
15662 0 0 1814400
15663 0 -18432 3628800
15664 0 0 1814400
15665 0 0 907200
15666 0 0 1814400
15667 0 0 1814400
15668 0 0 3628800
15669 0 0 1814400
15670 0 0 3628800
15671 0 0 3628800
15672 0 9216 1814400
15673 0 0 3628800
15674 0 0 3628800
15675 0 9216 1814400
15676 0 0 907200
15677 0 9216 1814400
15678 0 0 3628800
15679 0 0 907200
15680 0 0 3628800
15681 0 -18432 3628800
15682 0 0 1814400
15683 0 0 3628800
15684 0 9216 1814400
15685 0 0 3628800
15686 0 18432 3628800
15687 0 9216 1814400
15688 0 0 1814400
15689 0 -9216 1814400
15690 0 0 3628800
15691 0 0 3628800
15692 0 0 3628800
15693 0 0 3628800
15694 0 0 3628800
15695 0 0 3628800
15696 0 0 3628800
15697 0 0 3628800
15698 0 0 3628800
15699 0 0 3628800
15700 0 0 3628800
15701 0 0 3628800
15702 0 -9216 1814400
15703 0 -9216 1814400
15704 0 -9216 1814400
15705 0 -9216 1814400
15706 0 -4608 907200
15707 0 0 907200
15708 0 0 3628800
15709 0 0 3628800
15710 0 0 1814400
15711 0 -9216 1814400
15712 0 0 907200
15713 0 18432 3628800
15714 0 4608 907200
15715 0 -18432 3628800
15716 0 0 3628800
15717 0 0 3628800
15718 0 0 3628800
15719 0 -18432 3628800
15720 0 0 1814400
15721 0 9216 1814400
15722 0 -9216 1814400
15723 0 0 3628800
15724 0 0 1814400
15725 0 0 3628800
15726 0 -18432 3628800
15727 0 0 1814400
15728 0 0 1814400
15729 0 18432 3628800
15730 0 0 1814400
15731 0 -18432 3628800
15732 0 0 3628800
15733 0 0 3628800
15734 0 0 1814400
15735 0 0 3628800
15736 0 0 3628800
15737 0 0 3628800
15738 0 0 1814400
15739 0 0 1814400
15740 0 0 3628800
15741 0 0 1814400
15742 0 0 1814400
15743 0 0 3628800
15744 0 0 1814400
15745 0 0 1814400
15746 0 0 1814400
15747 0 0 3628800
15748 0 0 907200
15749 0 18432 3628800
15750 0 0 1814400
15751 0 -9216 1814400
15752 0 18432 3628800
15753 0 0 3628800
15754 0 0 1814400
15755 0 0 3628800
15756 0 0 1814400
15757 0 0 1814400
15758 0 0 1814400
15759 0 0 1814400
15760 0 0 1814400
15761 0 0 1814400
15762 0 -9216 1814400
15763 0 -18432 3628800
15764 0 -18432 3628800
15765 0 0 3628800
15766 0 0 3628800
15767 0 0 1814400
15768 0 18432 3628800
15769 0 0 3628800
15770 0 -18432 3628800
15771 0 -9216 1814400
15772 0 0 3628800
15773 0 -18432 3628800
15774 0 0 3628800
15775 0 0 3628800
15776 0 -9216 1814400
15777 0 0 1814400
15778 0 0 3628800
15779 0 0 3628800
15780 0 -4608 907200
15781 0 0 907200
15782 0 0 3628800
15783 0 0 907200
15784 0 -4608 907200
15785 0 0 907200
15786 0 -4608 907200
15787 0 -18432 3628800
15788 0 0 907200
15789 0 0 1814400
15790 0 0 3628800
15791 0 0 1814400
15792 0 0 3628800
15793 0 0 1814400
15794 0 0 907200
15795 0 0 1814400
15796 0 9216 1814400
15797 0 0 3628800
15798 0 0 3628800
15799 0 0 3628800
15800 0 0 3628800
15801 0 0 3628800
15802 0 0 1814400
15803 0 -18432 3628800
15804 0 0 3628800
15805 0 0 1814400
15806 0 0 907200
15807 0 4608 907200
15808 0 0 1814400
15809 0 0 907200
15810 0 0 1814400
15811 0 0 1814400
15812 0 0 3628800
15813 0 0 907200
15814 0 -9216 1814400
15815 0 0 1814400
15816 0 -9216 907200
15817 0 -9216 907200
15818 0 -9216 907200
15819 0 9216 1814400
15820 0 0 3628800
15821 0 9216 1814400
15822 0 -9216 1814400
15823 0 0 1814400
15824 0 9216 1814400
15825 0 0 1814400
15826 0 9216 1814400
15827 0 0 1814400
15828 0 0 1814400
15829 0 -9216 1814400
15830 0 0 1814400
15831 0 -18432 3628800
15832 0 0 907200
15833 0 -9216 907200
15834 0 -9216 907200
15835 0 -9216 907200
15836 0 -18432 3628800
15837 0 0 1814400
15838 0 0 3628800
15839 0 0 1814400
15840 0 -18432 3628800
15841 0 0 1814400
15842 0 0 3628800
15843 0 0 1814400
15844 0 0 1814400
15845 0 0 3628800
15846 0 0 1814400
15847 0 9216 1814400
15848 0 0 3628800
15849 0 9216 907200
15850 0 4608 907200
15851 0 9216 907200
15852 0 4608 907200
15853 0 4608 907200
15854 0 4608 907200
15855 0 4608 907200
15856 0 0 1814400
15857 0 0 907200
15858 0 4608 907200
15859 0 4608 907200
15860 0 0 1814400
15861 0 4608 907200
15862 0 -4608 907200
15863 0 -6912 453600
15864 0 0 3628800
15865 0 0 1814400
15866 0 -4608 907200
15867 0 0 1814400
15868 0 -6912 453600
15869 0 0 3628800
15870 0 0 1814400
15871 0 4608 907200
15872 0 4608 907200
15873 0 4608 907200
15874 0 0 907200
15875 0 9216 1814400
15876 0 -18432 3628800
15877 0 -18432 3628800
15878 0 -18432 1814400
15879 0 0 1814400
15880 0 0 3628800
15881 0 18432 1814400
15882 0 0 3628800
15883 0 0 3628800
15884 0 0 1814400
15885 0 0 3628800
15886 0 0 3628800
15887 0 0 3628800
15888 0 0 1814400
15889 0 0 3628800
15890 0 0 1814400
15891 0 0 3628800
15892 0 0 1814400
15893 0 0 1814400
15894 0 0 3628800
15895 0 0 3628800
15896 0 0 1814400
15897 0 0 1814400
15898 0 0 3628800
15899 0 -18432 3628800
15900 0 0 3628800
15901 0 0 3628800
15902 0 -4608 907200
15903 0 9216 907200
15904 0 0 1814400
15905 0 0 1814400
15906 0 9216 1814400
15907 0 4608 907200
15908 0 0 3628800
15909 0 0 1814400
15910 0 0 453600
15911 0 -4608 907200
15912 0 0 1814400
15913 0 0 1814400
15914 0 0 1814400
15915 0 0 1814400
15916 0 0 3628800
15917 0 -9216 907200
15918 0 -6912 453600
15919 0 0 907200
15920 0 9216 1814400
15921 0 0 1814400
15922 0 0 1814400
15923 0 4608 907200
15924 0 4608 907200
15925 0 0 1814400
15926 0 -9216 907200
15927 0 0 3628800
15928 0 -4608 907200
15929 0 0 907200
15930 0 0 907200
15931 0 -13824 907200
15932 0 0 907200
15933 0 0 907200
15934 0 -9216 1814400
15935 0 0 1814400
15936 0 0 1814400
15937 0 18432 3628800
15938 0 0 3628800
15939 0 0 1814400
15940 0 0 3628800
15941 0 -18432 3628800
15942 0 0 3628800
15943 0 0 3628800
15944 0 18432 1814400
15945 0 9216 1814400
15946 0 0 3628800
15947 0 -18432 3628800
15948 0 0 3628800
15949 0 -6912 453600
15950 0 -6912 453600
15951 0 9216 1814400
15952 0 0 1814400
15953 0 18432 3628800
15954 0 9216 1814400
15955 0 0 3628800
15956 0 0 1814400
15957 0 -4608 907200
15958 0 0 1814400
15959 0 0 1814400
15960 0 0 3628800
15961 0 0 3628800
15962 0 0 3628800
15963 0 -36864 3628800
15964 0 0 3628800
15965 0 0 1814400
15966 0 -4608 907200
15967 0 9216 1814400
15968 0 0 1814400
15969 0 0 1814400
15970 0 0 1814400
15971 0 -9216 1814400
15972 0 0 3628800
15973 0 0 3628800
15974 0 0 1814400
15975 0 0 3628800
15976 0 0 3628800
15977 0 9216 1814400
15978 0 0 3628800
15979 0 0 1814400
15980 0 0 1814400
15981 0 0 3628800
15982 0 0 1814400
15983 0 0 1814400
15984 0 9216 1814400
15985 0 -18432 3628800
15986 0 -9216 1814400
15987 0 9216 1814400
15988 0 0 3628800
15989 0 0 3628800
15990 0 9216 1814400
15991 0 0 1814400
15992 0 4608 907200
15993 0 9216 1814400
15994 0 0 3628800
15995 0 4608 907200
15996 0 0 1814400
15997 0 0 1814400
15998 0 0 3628800
15999 0 18432 1814400
16000 0 9216 1814400
16001 0 0 3628800
16002 0 0 3628800
16003 0 0 1814400
16004 0 0 3628800
16005 0 0 1814400
16006 0 0 1814400
16007 0 0 1814400
16008 0 0 1814400
16009 0 -18432 3628800
16010 0 0 1814400
16011 0 9216 1814400
16012 0 0 3628800
16013 0 0 3628800
16014 0 0 1814400
16015 0 0 3628800
16016 0 0 3628800
16017 0 9216 1814400
16018 0 0 1814400
16019 0 0 1814400
16020 0 0 1814400
16021 0 9216 1814400
16022 0 0 1814400
16023 0 -9216 1814400
16024 0 0 3628800
16025 0 0 1814400
16026 0 0 3628800
16027 0 -18432 1814400
16028 0 0 3628800
16029 0 -18432 1814400
16030 0 0 3628800
16031 0 0 1814400
16032 0 0 3628800
16033 0 -4608 907200
16034 0 -4608 907200
16035 0 0 907200
16036 0 0 1814400
16037 0 0 3628800
16038 0 -9216 1814400
16039 0 0 3628800
16040 0 0 1814400
16041 0 0 3628800
16042 0 -18432 3628800
16043 0 0 3628800
16044 0 0 1814400
16045 0 4608 907200
16046 0 4608 907200
16047 0 0 3628800
16048 0 -18432 3628800
16049 0 18432 3628800
16050 0 0 3628800
16051 0 -9216 1814400
16052 0 -18432 3628800
16053 0 0 1814400
16054 0 9216 1814400
16055 0 -9216 907200
16056 0 9216 1814400
16057 0 0 3628800
16058 0 0 1814400
16059 0 0 1814400
16060 0 0 1814400
16061 0 0 1814400
16062 0 0 1814400
16063 0 0 1814400
16064 0 0 1814400
16065 0 0 3628800
16066 0 0 1814400
16067 0 0 907200
16068 0 4608 907200
16069 0 0 3628800
16070 0 0 3628800
16071 0 -18432 3628800
16072 0 0 1814400
16073 0 0 1814400
16074 0 18432 3628800
16075 0 0 1814400
16076 0 0 1814400
16077 0 0 3628800
16078 0 0 3628800
16079 0 0 3628800
16080 0 0 1814400
16081 0 0 1814400
16082 0 0 1814400
16083 0 0 1814400
16084 0 0 1814400
16085 0 0 3628800
16086 0 9216 1814400
16087 0 0 1814400
16088 0 -9216 1814400
16089 0 0 3628800
16090 0 0 3628800
16091 0 0 3628800
16092 0 0 1814400
16093 0 0 1814400
16094 0 -9216 907200
16095 0 0 3628800
16096 0 -9216 907200
16097 0 9216 1814400
16098 0 -9216 907200
16099 0 0 1814400
16100 0 0 1814400
16101 0 4608 907200
16102 0 0 907200
16103 0 -9216 1814400
16104 0 0 3628800
16105 0 0 453600
16106 0 0 907200
16107 0 0 453600
16108 0 -9216 907200
16109 0 0 1814400
16110 0 0 3628800
16111 0 -18432 1814400
16112 0 -9216 907200
16113 0 0 907200
16114 0 4608 907200
16115 0 0 907200
16116 0 0 3628800
16117 0 0 1814400
16118 0 0 1814400
16119 0 0 3628800
16120 0 4608 907200
16121 0 -9216 907200
16122 0 -18432 1814400
16123 0 0 1814400
16124 0 -9216 907200
16125 0 -18432 1814400
16126 0 0 907200
16127 0 0 1814400
16128 0 9216 1814400
16129 0 0 1814400
16130 0 0 1814400
16131 0 -9216 1814400
16132 0 -9216 1814400
16133 0 -18432 3628800
16134 0 0 3628800
16135 0 0 3628800
16136 0 0 3628800
16137 0 0 3628800
16138 0 9216 1814400
16139 0 0 3628800
16140 0 0 1814400
16141 0 0 3628800
16142 0 0 3628800
16143 0 0 3628800
16144 0 0 1814400
16145 0 0 1814400
16146 0 0 3628800
16147 0 -18432 3628800
16148 0 -9216 1814400
16149 0 0 3628800
16150 0 -9216 1814400
16151 0 0 3628800
16152 0 0 1814400
16153 0 18432 3628800
16154 0 0 1814400
16155 0 0 1814400
16156 0 0 1814400
16157 0 0 3628800
16158 0 0 1814400
16159 0 0 1814400
16160 0 9216 1814400
16161 0 0 1814400
16162 0 9216 1814400
16163 0 4608 907200
16164 0 4608 907200
16165 0 -9216 1814400
16166 0 0 1814400
16167 0 9216 1814400
16168 0 -18432 3628800
16169 0 -18432 3628800
16170 0 0 1814400
16171 0 0 453600
16172 0 0 453600
16173 0 -9216 907200
16174 0 0 3628800
16175 0 4608 907200
16176 0 4608 907200
16177 0 0 3628800
16178 0 0 1814400
16179 0 0 1814400
16180 0 0 3628800
16181 0 0 1814400
16182 0 0 1814400
16183 0 0 1814400
16184 0 0 1814400
16185 0 0 3628800
16186 0 0 3628800
16187 0 0 1814400
16188 0 0 3628800
16189 0 0 1814400
16190 0 0 3628800
16191 0 0 1814400
16192 0 4608 907200
16193 0 -36864 3628800
16194 0 0 3628800
16195 0 0 1814400
16196 0 0 907200
16197 0 0 3628800
16198 0 4608 907200
16199 0 -9216 1814400
16200 0 0 907200
16201 0 0 3628800
16202 0 -18432 3628800
16203 0 0 1814400
16204 0 0 3628800
16205 0 0 3628800
16206 0 9216 1814400
16207 0 9216 1814400
16208 0 18432 1814400
16209 0 9216 907200
16210 0 0 1814400
16211 0 0 1814400
16212 0 -18432 1814400
16213 0 0 3628800
16214 0 0 3628800
16215 0 -18432 3628800
16216 0 0 3628800
16217 0 -18432 3628800
16218 0 0 3628800
16219 0 0 1814400
16220 0 0 1814400
16221 0 0 1814400
16222 0 0 3628800
16223 0 0 3628800
16224 0 0 1814400
16225 0 0 1814400
16226 0 0 3628800
16227 0 0 907200
16228 0 -18432 3628800
16229 0 9216 1814400
16230 0 0 3628800
16231 0 0 3628800
16232 0 0 3628800
16233 0 0 1814400
16234 0 0 1814400
16235 0 0 3628800
16236 0 -9216 1814400
16237 0 0 3628800
16238 0 0 1814400
16239 0 0 1814400
16240 0 9216 1814400
16241 0 9216 1814400
16242 0 0 3628800
16243 0 0 3628800
16244 0 0 3628800
16245 0 0 3628800
16246 0 9216 1814400
16247 0 9216 1814400
16248 0 0 1814400
16249 0 -18432 3628800
16250 0 0 1814400
16251 0 0 3628800
16252 0 0 3628800
16253 0 0 1814400
16254 0 0 1814400
16255 0 0 3628800
16256 0 0 3628800
16257 0 0 1814400
16258 0 0 1814400
16259 0 0 3628800
16260 0 -18432 3628800
16261 0 0 1814400
16262 0 9216 1814400
16263 0 9216 1814400
16264 0 0 3628800
16265 0 0 1814400
16266 0 0 3628800
16267 0 0 1814400
16268 0 0 3628800
16269 0 9216 1814400
16270 0 0 1814400
16271 0 9216 1814400
16272 0 0 1814400
16273 0 18432 3628800
16274 0 0 1814400
16275 0 0 1814400
16276 0 0 1814400
16277 0 0 1814400
16278 0 0 3628800
16279 0 0 1814400
16280 0 0 3628800
16281 0 -18432 3628800
16282 0 0 1814400
16283 0 0 3628800
16284 0 0 3628800
16285 0 0 1814400
16286 0 0 907200
16287 0 -9216 1814400
16288 0 -4608 907200
16289 0 -4608 907200
16290 0 4608 907200
16291 0 0 3628800
16292 0 0 3628800
16293 0 0 1814400
16294 0 0 3628800
16295 0 4608 907200
16296 0 0 907200
16297 0 4608 907200
16298 0 0 3628800
16299 0 -18432 3628800
16300 0 0 3628800
16301 0 0 3628800
16302 0 9216 1814400
16303 0 36864 3628800
16304 0 36864 3628800
16305 0 0 3628800
16306 0 4608 907200
16307 0 4608 907200
16308 0 -4608 907200
16309 0 9216 1814400
16310 0 -4608 907200
16311 0 0 3628800
16312 0 0 1814400
16313 0 0 1814400
16314 0 9216 1814400
16315 0 0 1814400
16316 0 -9216 1814400
16317 0 0 3628800
16318 0 -4608 907200
16319 0 -9216 1814400
16320 0 0 1814400
16321 0 9216 1814400
16322 0 4608 907200
16323 0 0 1814400
16324 0 0 1814400
16325 0 0 1814400
16326 0 -4608 907200
16327 0 4608 907200
16328 0 0 3628800
16329 0 0 1814400
16330 0 0 1814400
16331 0 0 1814400
16332 0 -4608 907200
16333 0 0 3628800
16334 0 0 1814400
16335 0 9216 907200
16336 0 0 3628800
16337 0 0 3628800
16338 0 -4608 907200
16339 0 0 1814400
16340 0 -18432 3628800
16341 0 -18432 3628800
16342 0 -18432 3628800
16343 0 0 1814400
16344 0 0 1814400
16345 0 0 1814400
16346 0 -18432 3628800
16347 0 0 3628800
16348 0 18432 3628800
16349 0 0 3628800
16350 0 -18432 3628800
16351 0 -9216 1814400
16352 0 0 1814400
16353 0 -9216 1814400
16354 0 -9216 1814400
16355 0 -4608 907200
16356 0 0 1814400
16357 0 0 3628800
16358 0 0 1814400
16359 0 -9216 1814400
16360 0 0 1814400
16361 0 0 3628800
16362 0 0 1814400
16363 0 0 3628800
16364 0 0 1814400
16365 0 4608 907200
16366 0 -9216 1814400
16367 0 -9216 1814400
16368 0 9216 1814400
16369 0 -9216 1814400
16370 0 -9216 1814400
16371 0 -18432 3628800
16372 0 -18432 3628800
16373 0 0 1814400
16374 0 0 1814400
16375 0 -9216 1814400
16376 0 -18432 3628800
16377 0 -18432 3628800
16378 0 -18432 1814400
16379 0 0 1814400
16380 0 -18432 3628800
16381 0 0 1814400
16382 0 0 1814400
16383 0 0 1814400
16384 0 -18432 3628800
16385 0 18432 1814400
16386 0 0 1814400
16387 0 0 1814400
16388 0 0 1814400
16389 0 0 907200
16390 0 -6912 453600
16391 0 -4608 907200
16392 0 -9216 1814400
16393 0 9216 1814400
16394 0 0 1814400
16395 0 18432 3628800
16396 0 0 1814400
16397 0 18432 3628800
16398 0 -4608 907200
16399 0 0 1814400
16400 0 0 3628800
16401 0 0 1814400
16402 0 -18432 3628800
16403 0 0 1814400
16404 0 -18432 3628800
16405 0 0 1814400
16406 0 0 1814400
16407 0 -4608 907200
16408 0 18432 1814400
16409 0 4608 907200
16410 0 4608 907200
16411 0 4608 907200
16412 0 0 1814400
16413 0 0 1814400
16414 0 0 1814400
16415 0 0 3628800
16416 0 0 1814400
16417 0 0 3628800
16418 0 -9216 907200
16419 0 -9216 1814400
16420 0 0 1814400
16421 0 9216 1814400
16422 0 4608 907200
16423 0 0 1814400
16424 0 0 1814400
16425 0 0 1814400
16426 0 0 1814400
16427 0 0 907200
16428 0 9216 1814400
16429 0 0 907200
16430 0 -9216 907200
16431 0 4608 907200
16432 0 -18432 1814400
16433 0 4608 907200
16434 0 4608 907200
16435 0 0 3628800
16436 0 0 3628800
16437 0 0 3628800
16438 0 0 1814400
16439 0 0 1814400
16440 0 0 3628800
16441 0 0 1814400
16442 0 0 1814400
16443 0 0 3628800
16444 0 0 3628800
16445 0 0 453600
16446 0 0 1814400
16447 0 0 1814400
16448 0 0 3628800
16449 0 0 3628800
16450 0 -4608 907200
16451 0 -4608 907200
16452 0 0 3628800
16453 0 0 1814400
16454 0 0 1814400
16455 0 0 1814400
16456 0 -4608 907200
16457 0 4608 907200
16458 0 0 907200
16459 0 0 1814400
16460 0 0 1814400
16461 0 0 3628800
16462 0 -18432 3628800
16463 0 -9216 1814400
16464 0 0 3628800
16465 0 0 3628800
16466 0 0 3628800
16467 0 0 3628800
16468 0 0 3628800
16469 0 0 1814400
16470 0 9216 1814400
16471 0 0 1814400
16472 0 9216 1814400
16473 0 9216 1814400
16474 0 0 1814400
16475 0 -4608 907200
16476 0 0 1814400
16477 0 0 1814400
16478 0 0 1814400
16479 0 0 3628800
16480 0 9216 1814400
16481 0 9216 1814400
16482 0 9216 1814400
16483 0 0 1814400
16484 0 0 1814400
16485 0 4608 907200
16486 0 4608 907200
16487 0 0 3628800
16488 0 -6912 453600
16489 0 -18432 3628800
16490 0 0 1814400
16491 0 -9216 1814400
16492 0 0 3628800
16493 0 0 3628800
16494 0 0 907200
16495 0 4608 907200
16496 0 -4608 907200
16497 0 0 1814400
16498 0 0 1814400
16499 0 9216 1814400
16500 0 0 3628800
16501 0 -18432 3628800
16502 0 -18432 3628800
16503 0 0 3628800
16504 0 0 3628800
16505 0 0 3628800
16506 0 0 3628800
16507 0 4608 907200
16508 0 -9216 1814400
16509 0 0 3628800
16510 0 0 3628800
16511 0 9216 1814400
16512 0 0 1814400
16513 0 -36864 3628800
16514 0 9216 1814400
16515 0 4608 907200
16516 0 0 1814400
16517 0 -4608 907200
16518 0 0 1814400
16519 0 0 1814400
16520 0 0 1814400
16521 0 -9216 1814400
16522 0 -9216 1814400
16523 0 -9216 1814400
16524 0 9216 907200
16525 0 9216 907200
16526 0 4608 907200
16527 0 -18432 3628800
16528 0 0 1814400
16529 0 36864 3628800
16530 0 -4608 907200
16531 0 0 1814400
16532 0 -4608 907200
16533 0 18432 3628800
16534 0 0 453600
16535 0 0 453600
16536 0 0 3628800
16537 0 -18432 3628800
16538 0 0 1814400
16539 0 0 1814400
16540 0 -4608 907200
16541 0 -4608 907200
16542 0 -4608 907200
16543 0 0 1814400
16544 0 9216 1814400
16545 0 -9216 907200
16546 0 4608 907200
16547 0 -4608 907200
16548 0 0 1814400
16549 0 0 1814400
16550 0 -9216 1814400
16551 0 -9216 907200
16552 0 -9216 907200
16553 0 -9216 1814400
16554 0 18432 3628800
16555 0 4608 907200
16556 0 0 3628800
16557 0 0 1814400
16558 0 9216 1814400
16559 0 -9216 1814400
16560 0 0 907200
16561 0 4608 453600
16562 0 0 3628800
16563 0 -18432 3628800
16564 0 0 1814400
16565 0 0 1814400
16566 0 -18432 3628800
16567 0 0 3628800
16568 0 0 1814400
16569 0 0 3628800
16570 0 0 3628800
16571 0 0 3628800
16572 0 0 907200
16573 0 0 907200
16574 0 -4608 907200
16575 0 0 3628800
16576 0 -9216 1814400
16577 0 0 3628800
16578 0 -4608 907200
16579 0 -9216 1814400
16580 0 0 1814400
16581 0 0 1814400
16582 0 0 1814400
16583 0 0 907200
16584 0 9216 1814400
16585 0 9216 1814400
16586 0 0 3628800
16587 0 0 1814400
16588 0 0 1814400
16589 0 0 1814400
16590 0 0 1814400
16591 0 0 3628800
16592 0 0 3628800
16593 0 0 1814400
16594 0 0 907200
16595 0 9216 1814400
16596 0 0 1814400
16597 0 0 1814400
16598 0 0 1814400
16599 0 -18432 3628800
16600 0 -18432 3628800
16601 0 0 3628800
16602 0 0 1814400
16603 0 0 3628800
16604 0 0 3628800
16605 0 -4608 907200
16606 0 0 1814400
16607 0 0 1814400
16608 0 9216 1814400
16609 0 0 1814400
16610 0 0 1814400
16611 0 0 907200
16612 0 0 1814400
16613 0 0 1814400
16614 0 0 1814400
16615 0 -9216 1814400
16616 0 0 1814400
16617 0 0 3628800
16618 0 0 1814400
16619 0 0 3628800
16620 0 0 3628800
16621 0 -9216 1814400
16622 0 -18432 3628800
16623 0 -6912 453600
16624 0 0 3628800
16625 0 -9216 1814400
16626 0 0 1814400
16627 0 0 1814400
16628 0 4608 907200
16629 0 0 1814400
16630 0 4608 907200
16631 0 4608 907200
16632 0 -9216 907200
16633 0 0 1814400
16634 0 0 1814400
16635 0 0 3628800
16636 0 0 1814400
16637 0 0 1814400
16638 0 0 3628800
16639 0 0 3628800
16640 0 0 3628800
16641 0 -18432 3628800
16642 0 -9216 1814400
16643 0 0 3628800
16644 0 0 1814400
16645 0 -4608 907200
16646 0 0 907200
16647 0 4608 907200
16648 0 0 1814400
16649 0 0 453600
16650 0 0 1814400
16651 0 0 1814400
16652 0 0 1814400
16653 0 4608 907200
16654 0 9216 1814400
16655 0 0 1814400
16656 0 18432 3628800
16657 0 0 3628800
16658 0 0 1814400
16659 0 0 1814400
16660 0 0 3628800
16661 0 0 1814400
16662 0 0 3628800
16663 0 0 3628800
16664 0 9216 1814400
16665 0 0 1814400
16666 0 0 3628800
16667 0 0 1814400
16668 0 -18432 3628800
16669 0 18432 3628800
16670 0 0 1814400
16671 0 0 1814400
16672 0 18432 3628800
16673 0 0 1814400
16674 0 0 3628800
16675 0 0 3628800
16676 0 0 3628800
16677 0 0 3628800
16678 0 9216 1814400
16679 0 0 1814400
16680 0 -18432 3628800
16681 0 18432 1814400
16682 0 0 3628800
16683 0 0 1814400
16684 0 0 3628800
16685 0 -18432 3628800
16686 0 0 3628800
16687 0 0 3628800
16688 0 0 3628800
16689 0 0 3628800
16690 0 18432 3628800
16691 0 0 1814400
16692 0 -9216 1814400
16693 0 -18432 3628800
16694 0 -9216 1814400
16695 0 -4608 907200
16696 0 0 1814400
16697 0 9216 1814400
16698 0 -9216 1814400
16699 0 0 3628800
16700 0 0 3628800
16701 0 0 907200
16702 0 0 1814400
16703 0 4608 907200
16704 0 -9216 907200
16705 0 18432 3628800
16706 0 -18432 3628800
16707 0 0 1814400
16708 0 0 907200
16709 0 -18432 1814400
16710 0 -4608 907200
16711 0 -18432 3628800
16712 0 0 1814400
16713 0 -9216 1814400
16714 0 -9216 1814400
16715 0 9216 1814400
16716 0 0 1814400
16717 0 0 1814400
16718 0 0 3628800
16719 0 0 1814400
16720 0 9216 1814400
16721 0 9216 1814400
16722 0 0 3628800
16723 0 -9216 1814400
16724 0 -18432 3628800
16725 0 0 1814400
16726 0 0 3628800
16727 0 0 1814400
16728 0 -9216 907200
16729 0 18432 3628800
16730 0 0 1814400
16731 0 0 1814400
16732 0 -9216 907200
16733 0 0 3628800
16734 0 0 1814400
16735 0 -9216 907200
16736 0 0 1814400
16737 0 0 453600
16738 0 18432 3628800
16739 0 0 3628800
16740 0 0 3628800
16741 0 -55296 3628800
16742 0 0 1814400
16743 0 0 3628800
16744 0 -4608 907200
16745 0 0 907200
16746 0 -18432 3628800
16747 0 0 907200
16748 0 0 1814400
16749 0 0 3628800
16750 0 0 1814400
16751 0 0 3628800
16752 0 18432 3628800
16753 0 9216 1814400
16754 0 0 3628800
16755 0 -18432 3628800
16756 0 -4608 907200
16757 0 0 907200
16758 0 0 3628800
16759 0 -18432 3628800
16760 0 0 3628800
16761 0 -9216 907200
16762 0 0 1814400
16763 0 -9216 1814400
16764 0 9216 1814400
16765 0 -18432 3628800
16766 0 -18432 3628800
16767 0 -18432 3628800
16768 0 0 1814400
16769 0 0 3628800
16770 0 -9216 1814400
16771 0 0 907200
16772 0 -9216 1814400
16773 0 0 1814400
16774 0 -18432 3628800
16775 0 0 1814400
16776 0 -9216 1814400
16777 0 -9216 907200
16778 0 -4608 907200
16779 0 -9216 907200
16780 0 -4608 907200
16781 0 0 1814400
16782 0 0 1814400
16783 0 0 1814400
16784 0 -6912 453600
16785 0 0 907200
16786 0 -6912 453600
16787 0 -9216 907200
16788 0 -9216 1814400
16789 0 4608 907200
16790 0 4608 907200
16791 0 0 1814400
16792 0 -9216 1814400
16793 0 0 3628800
16794 0 0 1814400
16795 0 0 907200
16796 0 0 907200
16797 0 -18432 3628800
16798 0 0 1814400
16799 0 -18432 3628800
16800 0 -9216 907200
16801 0 0 1814400
16802 0 -18432 1814400
16803 0 0 1814400
16804 0 -4608 907200
16805 0 0 1814400
16806 0 0 1814400
16807 0 0 1814400
16808 0 0 1814400
16809 0 -4608 907200
16810 0 0 1814400
16811 0 9216 1814400
16812 0 0 1814400
16813 0 0 1814400
16814 0 -9216 907200
16815 0 -18432 1814400
16816 0 -18432 1814400
16817 0 18432 3628800
16818 0 -13824 907200
16819 0 -55296 3628800
16820 0 -9216 907200
16821 0 -4608 907200
16822 0 -4608 907200
16823 0 0 907200
16824 0 -4608 907200
16825 0 4608 907200
16826 0 -9216 907200
16827 0 0 1814400
16828 0 -9216 907200
16829 0 0 1814400
16830 0 0 1814400
16831 0 0 1814400
16832 0 4608 907200
16833 0 0 1814400
16834 0 0 3628800
16835 0 -4608 907200
16836 0 -4608 907200
16837 0 0 1814400
16838 0 0 1814400
16839 0 0 1814400
16840 0 0 3628800
16841 0 -18432 3628800
16842 0 0 1814400
16843 0 0 1814400
16844 0 0 3628800
16845 0 0 1814400
16846 0 0 1814400
16847 0 18432 1814400
16848 0 18432 1814400
16849 0 4608 907200
16850 0 4608 907200
16851 0 -9216 1814400
16852 0 0 1814400
16853 0 -9216 907200
16854 0 -9216 907200
16855 0 0 3628800
16856 0 0 3628800
16857 0 0 3628800
16858 0 -6912 453600
16859 0 -18432 3628800
16860 0 -9216 907200
16861 0 18432 3628800
16862 0 0 907200
16863 0 9216 1814400
16864 0 -4608 907200
16865 0 0 3628800
16866 0 0 3628800
16867 0 0 907200
16868 0 4608 907200
16869 0 4608 907200
16870 0 4608 907200
16871 0 0 453600
16872 0 0 907200
16873 0 0 1814400
16874 0 0 453600
16875 0 -9216 1814400
16876 0 0 1814400
16877 0 -9216 907200
16878 0 9216 1814400
16879 0 0 1814400
16880 0 -9216 907200
16881 0 0 3628800
16882 0 0 1814400
16883 0 -4608 907200
16884 0 -9216 907200
16885 0 -9216 1814400
16886 0 -9216 1814400
16887 0 -6912 453600
16888 0 0 1814400
16889 0 13824 907200
16890 0 4608 907200
16891 0 -9216 907200
16892 0 0 1814400
16893 0 0 3628800
16894 0 4608 907200
16895 0 0 1814400
16896 0 0 1814400
16897 0 -4608 907200
16898 0 -4608 907200
16899 0 9216 1814400
16900 0 9216 907200
16901 0 9216 907200
16902 0 -9216 1814400
16903 0 0 1814400
16904 0 0 1814400
16905 0 18432 1814400
16906 0 0 3628800
16907 0 18432 1814400
16908 0 4608 907200
16909 0 -4608 907200
16910 0 0 1814400
16911 0 -4608 907200
16912 0 9216 1814400
16913 0 0 907200
16914 0 0 907200
16915 0 -9216 1814400
16916 0 0 907200
16917 0 0 907200
16918 0 -9216 907200
16919 0 9216 907200
16920 0 0 453600
16921 0 9216 907200
16922 0 -9216 1814400
16923 0 -4608 453600
16924 0 0 1814400
16925 0 0 1814400
16926 0 0 453600
16927 0 -4608 907200
16928 0 9216 907200
16929 0 0 3628800
16930 0 0 907200
16931 0 0 907200
16932 0 0 1814400
16933 0 -9216 1814400
16934 0 4608 907200
16935 0 0 1814400
16936 0 0 907200
16937 0 4608 453600
16938 0 0 453600
16939 0 9216 907200
16940 0 0 907200
16941 0 0 3628800
16942 0 0 1814400
16943 0 -4608 907200
16944 0 4608 907200
16945 0 0 1814400
16946 0 0 1814400
16947 0 9216 1814400
16948 0 0 907200
16949 0 4608 907200
16950 0 0 3628800
16951 0 0 1814400
16952 0 0 907200
16953 0 4608 907200
16954 0 9216 907200
16955 0 0 907200
16956 0 0 907200
16957 0 -9216 1814400
16958 0 0 1814400
16959 0 18432 1814400
16960 0 -4608 907200
16961 0 -9216 1814400
16962 0 0 907200
16963 0 4608 907200
16964 0 0 1814400
16965 0 0 3628800
16966 0 0 907200
16967 0 0 907200
16968 0 0 1814400
16969 0 0 1814400
16970 0 0 1814400
16971 0 0 1814400
16972 0 -9216 1814400
16973 0 4608 907200
16974 0 0 1814400
16975 0 9216 907200
16976 0 0 3628800
16977 0 -9216 1814400
16978 0 0 1814400
16979 0 0 1814400
16980 0 -9216 1814400
16981 0 0 3628800
16982 0 9216 1814400
16983 0 18432 1814400
16984 0 -4608 907200
16985 0 -6912 453600
16986 0 -18432 3628800
16987 0 13824 907200
16988 0 4608 453600
16989 0 0 1814400
16990 0 9216 1814400
16991 0 0 453600
16992 0 -4608 907200
16993 0 9216 1814400
16994 0 9216 1814400
16995 0 -9216 907200
16996 0 0 1814400
16997 0 18432 1814400
16998 0 -9216 1814400
16999 0 -6912 453600
17000 0 -9216 1814400
17001 0 9216 1814400
17002 0 9216 907200
17003 0 0 907200
17004 0 9216 907200
17005 0 -4608 907200
17006 0 -4608 907200
17007 0 0 907200
17008 0 18432 1814400
17009 0 18432 1814400
17010 0 0 1814400
17011 0 -18432 3628800
17012 0 4608 907200
17013 0 4608 907200
17014 0 -9216 1814400
17015 0 -9216 1814400
17016 0 0 907200
17017 0 -4608 907200
17018 0 9216 1814400
17019 0 0 1814400
17020 0 -9216 907200
17021 0 18432 1814400
17022 0 9216 1814400
17023 0 9216 1814400
17024 0 4608 907200
17025 0 -6912 453600
17026 0 -6912 453600
17027 0 -6912 453600
17028 0 -6912 453600
17029 0 4608 907200
17030 0 4608 453600
17031 0 9216 1814400
17032 0 -6912 453600
17033 0 -4608 907200
17034 0 4608 907200
17035 0 4608 907200
17036 0 -6912 453600
17037 0 -6912 453600
17038 0 -4608 907200
17039 0 9216 1814400
17040 0 0 1814400
17041 0 0 3628800
17042 0 0 3628800
17043 0 0 3628800
17044 0 0 1814400
17045 0 0 1814400
17046 0 0 1814400
17047 0 4608 453600
17048 0 -9216 907200
17049 0 0 907200
17050 0 13824 907200
17051 0 0 907200
17052 0 -9216 1814400
17053 0 4608 453600
17054 0 -4608 907200
17055 0 4608 907200
17056 0 9216 1814400
17057 0 0 907200
17058 0 9216 1814400
17059 0 9216 907200
17060 0 -4608 907200
17061 0 -4608 907200
17062 0 -9216 1814400
17063 0 4608 907200
17064 0 -4608 453600
17065 0 -4608 907200
17066 0 4608 453600
17067 0 -6912 453600
17068 0 55296 3628800
17069 0 -6912 453600
17070 0 0 1814400
17071 0 0 1814400
17072 0 -9216 1814400
17073 0 4608 907200
17074 0 4608 907200
17075 0 0 907200
17076 0 9216 907200
17077 0 0 1814400
17078 0 -4608 907200
17079 0 -4608 907200
17080 0 9216 907200
17081 0 -9216 907200
17082 0 -6912 453600
17083 0 -9216 1814400
17084 0 0 1814400
17085 0 4608 453600
17086 0 0 907200
17087 0 -4608 453600
17088 0 -6912 453600
17089 0 0 1814400
17090 0 0 1814400
17091 0 0 453600
17092 0 0 453600
17093 0 0 1814400
17094 0 -18432 3628800
17095 0 0 453600
17096 0 9216 907200
17097 0 -2880 113400
17098 0 -9216 1814400
17099 0 0 1814400
17100 0 4608 453600
17101 0 0 1814400
17102 0 0 453600
17103 0 0 1814400
17104 0 -4608 453600
17105 0 4608 453600
17106 0 -2880 113400
17107 0 0 453600
17108 0 0 1814400
17109 0 13824 907200
17110 0 -2880 113400
17111 0 4608 453600
17112 0 0 453600
17113 0 -2880 113400
17114 0 0 1814400
17115 0 4608 907200
17116 0 -2880 113400
17117 0 -2880 113400
17118 5760 51840 3628800
17119 0 -2880 113400
